Blender 4.5.9 LTS (hash 8bf95cbd38d1 built 2026-04-21 01:31:15)
Read blend: "/home/user/Doubao/chats/38444574205007618/holo-lab/generator/projects/messi-demo/card.blend"
Fra:1 Mem:24.98M (Peak 24.98M) | Time:00:00.05 | Mem:0.00M, Peak:0.00M | Scene, ViewLayer | Synchronizing object | 柔光主灯
Fra:1 Mem:24.98M (Peak 24.98M) | Time:00:00.05 | Mem:0.00M, Peak:0.00M | Scene, ViewLayer | Synchronizing object | 正面均匀补光
Fra:1 Mem:24.98M (Peak 24.98M) | Time:00:00.05 | Mem:0.00M, Peak:0.00M | Scene, ViewLayer | Synchronizing object | 顶部金光
Fra:1 Mem:24.98M (Peak 24.98M) | Time:00:00.05 | Mem:0.00M, Peak:0.00M | Scene, ViewLayer | Synchronizing object | 内圈 · 古金细边
Fra:1 Mem:24.98M (Peak 24.98M) | Time:00:00.05 | Mem:0.00M, Peak:0.00M | Scene, ViewLayer | Synchronizing object | 主体平面 · 完整视差合成
Fra:1 Mem:25.01M (Peak 25.01M) | Time:00:00.05 | Mem:0.00M, Peak:0.00M | Scene, ViewLayer | Synchronizing object | 外圈 · 全息压边
Fra:1 Mem:25.02M (Peak 25.02M) | Time:00:00.05 | Mem:0.00M, Peak:0.00M | Scene, ViewLayer | Synchronizing object | 文字平面 · Alpha PNG
Fra:1 Mem:25.03M (Peak 25.03M) | Time:00:00.05 | Mem:0.00M, Peak:0.00M | Scene, ViewLayer | Initializing
Fra:1 Mem:25.01M (Peak 25.03M) | Time:00:00.05 | Mem:0.00M, Peak:0.00M | Scene, ViewLayer | Updating Images | Loading text.png
Fra:1 Mem:25.01M (Peak 25.03M) | Time:00:00.05 | Mem:0.00M, Peak:0.00M | Scene, ViewLayer | Updating Images | Loading subject.png
Fra:1 Mem:67.21M (Peak 88.30M) | Time:00:00.33 | Mem:21.09M, Peak:21.09M | Scene, ViewLayer | Updating Images | Loading lineart.png
Fra:1 Mem:109.41M (Peak 130.51M) | Time:00:00.40 | Mem:42.19M, Peak:42.19M | Scene, ViewLayer | Updating Images | Loading background.png
Fra:1 Mem:129.51M (Peak 151.60M) | Time:00:00.59 | Mem:105.47M, Peak:105.47M | Scene, ViewLayer | Waiting for render to start
Fra:1 Mem:129.51M (Peak 151.60M) | Time:00:00.59 | Mem:105.47M, Peak:105.47M | Scene, ViewLayer | Updating Scene
Fra:1 Mem:129.51M (Peak 151.60M) | Time:00:00.59 | Mem:105.47M, Peak:105.47M | Scene, ViewLayer | Updating Shaders
Fra:1 Mem:129.52M (Peak 151.60M) | Time:00:00.59 | Mem:105.47M, Peak:105.47M | Scene, ViewLayer | Loading render kernels (may take a few minutes the first time)
Fra:1 Mem:129.63M (Peak 151.60M) | Time:00:00.60 | Mem:105.50M, Peak:105.50M | Scene, ViewLayer | Updating Procedurals
Fra:1 Mem:129.63M (Peak 151.60M) | Time:00:00.60 | Mem:105.50M, Peak:105.50M | Scene, ViewLayer | Updating Background
Fra:1 Mem:129.63M (Peak 151.60M) | Time:00:00.60 | Mem:105.50M, Peak:105.50M | Scene, ViewLayer | Updating Camera
Fra:1 Mem:129.63M (Peak 151.60M) | Time:00:00.60 | Mem:105.50M, Peak:105.50M | Scene, ViewLayer | Updating Meshes Flags
Fra:1 Mem:129.63M (Peak 151.60M) | Time:00:00.60 | Mem:105.50M, Peak:105.50M | Scene, ViewLayer | Updating Objects
Fra:1 Mem:129.63M (Peak 151.60M) | Time:00:00.60 | Mem:105.50M, Peak:105.50M | Scene, ViewLayer | Updating Objects | Copying Transformations to device
Fra:1 Mem:129.63M (Peak 151.60M) | Time:00:00.60 | Mem:105.51M, Peak:105.51M | Scene, ViewLayer | Updating Particle Systems
Fra:1 Mem:129.63M (Peak 151.60M) | Time:00:00.60 | Mem:105.51M, Peak:105.51M | Scene, ViewLayer | Updating Particle Systems | Copying Particles to device
Fra:1 Mem:129.63M (Peak 151.60M) | Time:00:00.60 | Mem:105.51M, Peak:105.51M | Scene, ViewLayer | Updating Meshes
Fra:1 Mem:129.63M (Peak 151.60M) | Time:00:00.60 | Mem:105.51M, Peak:105.51M | Scene, ViewLayer | Updating Objects | Applying Static Transformations
Fra:1 Mem:129.63M (Peak 151.60M) | Time:00:00.60 | Mem:105.51M, Peak:105.51M | Scene, ViewLayer | Updating Mesh | Computing attributes
Fra:1 Mem:129.65M (Peak 151.60M) | Time:00:00.60 | Mem:105.51M, Peak:105.51M | Scene, ViewLayer | Updating Mesh | Copying Attributes to device
Fra:1 Mem:129.65M (Peak 151.60M) | Time:00:00.60 | Mem:105.52M, Peak:105.52M | Scene, ViewLayer | Updating Scene BVH | Building
Fra:1 Mem:129.65M (Peak 151.60M) | Time:00:00.60 | Mem:105.52M, Peak:105.52M | Scene, ViewLayer | Updating Scene BVH | Building BVH
Fra:1 Mem:129.65M (Peak 151.60M) | Time:00:00.63 | Mem:105.53M, Peak:105.53M | Scene, ViewLayer | Updating Scene BVH | Building BVH 0%
Fra:1 Mem:129.65M (Peak 151.60M) | Time:00:00.64 | Mem:105.56M, Peak:105.57M | Scene, ViewLayer | Updating Scene BVH | Copying BVH to device
Fra:1 Mem:129.65M (Peak 151.60M) | Time:00:00.64 | Mem:105.56M, Peak:105.57M | Scene, ViewLayer | Updating Mesh | Computing normals
Fra:1 Mem:129.66M (Peak 151.60M) | Time:00:00.64 | Mem:105.56M, Peak:105.57M | Scene, ViewLayer | Updating Mesh | Copying Mesh to device
Fra:1 Mem:129.66M (Peak 151.60M) | Time:00:00.64 | Mem:105.57M, Peak:105.57M | Scene, ViewLayer | Updating Objects Flags
Fra:1 Mem:129.66M (Peak 151.60M) | Time:00:00.64 | Mem:105.57M, Peak:105.57M | Scene, ViewLayer | Updating Primitive Offsets
Fra:1 Mem:129.66M (Peak 151.60M) | Time:00:00.64 | Mem:105.57M, Peak:105.57M | Scene, ViewLayer | Updating Images
Fra:1 Mem:129.66M (Peak 151.60M) | Time:00:00.64 | Mem:105.57M, Peak:105.57M | Scene, ViewLayer | Updating Camera Volume
Fra:1 Mem:129.66M (Peak 151.60M) | Time:00:00.64 | Mem:105.57M, Peak:105.57M | Scene, ViewLayer | Updating Lookup Tables
Fra:1 Mem:129.66M (Peak 151.60M) | Time:00:00.64 | Mem:105.65M, Peak:105.65M | Scene, ViewLayer | Updating Lights
Fra:1 Mem:129.66M (Peak 151.60M) | Time:00:00.64 | Mem:105.65M, Peak:105.65M | Scene, ViewLayer | Updating Lights | Computing tree
Fra:1 Mem:129.67M (Peak 151.60M) | Time:00:00.64 | Mem:105.66M, Peak:105.66M | Scene, ViewLayer | Updating Integrator
Fra:1 Mem:129.67M (Peak 151.60M) | Time:00:00.64 | Mem:105.66M, Peak:105.66M | Scene, ViewLayer | Updating Film
Fra:1 Mem:129.68M (Peak 151.60M) | Time:00:00.64 | Mem:105.58M, Peak:105.66M | Scene, ViewLayer | Updating Lookup Tables
Fra:1 Mem:129.68M (Peak 151.60M) | Time:00:00.64 | Mem:105.67M, Peak:105.67M | Scene, ViewLayer | Updating Baking
Fra:1 Mem:129.68M (Peak 151.60M) | Time:00:00.64 | Mem:105.67M, Peak:105.67M | Scene, ViewLayer | Updating Device | Writing constant memory
Fra:1 Mem:129.68M (Peak 151.60M) | Time:00:00.64 | Mem:105.67M, Peak:105.67M | Scene, ViewLayer | Sample 0/16
Fra:1 Mem:135.88M (Peak 151.60M) | Time:00:01.10 | Remaining:00:06.94 | Mem:111.86M, Peak:111.86M | Scene, ViewLayer | Sample 1/16
Fra:1 Mem:138.63M (Peak 151.60M) | Time:00:07.04 | Mem:111.86M, Peak:111.86M | Scene, ViewLayer | Sample 16/16
Fra:1 Mem:138.63M (Peak 151.60M) | Time:00:07.04 | Mem:111.86M, Peak:111.86M | Scene, ViewLayer | Finished
Fra:1 Mem:26.71M (Peak 151.60M) | Time:00:07.05 | Compositing
Saved: 'work/preview-frames/messi/frame_0001.png'
Time: 00:07.28 (Saving: 00:00.17)

Fra:2 Mem:27.00M (Peak 27.00M) | Time:00:00.00 | Mem:0.00M, Peak:0.00M | Scene, ViewLayer | Synchronizing object | 柔光主灯
Fra:2 Mem:27.00M (Peak 27.00M) | Time:00:00.00 | Mem:0.00M, Peak:0.00M | Scene, ViewLayer | Synchronizing object | 正面均匀补光
Fra:2 Mem:27.00M (Peak 27.00M) | Time:00:00.00 | Mem:0.00M, Peak:0.00M | Scene, ViewLayer | Synchronizing object | 顶部金光
Fra:2 Mem:27.00M (Peak 27.00M) | Time:00:00.00 | Mem:0.00M, Peak:0.00M | Scene, ViewLayer | Synchronizing object | 主体平面 · 完整视差合成
Fra:2 Mem:27.01M (Peak 27.01M) | Time:00:00.00 | Mem:0.00M, Peak:0.00M | Scene, ViewLayer | Synchronizing object | 内圈 · 古金细边
Fra:2 Mem:27.01M (Peak 27.01M) | Time:00:00.00 | Mem:0.00M, Peak:0.00M | Scene, ViewLayer | Synchronizing object | 文字平面 · Alpha PNG
Fra:2 Mem:27.02M (Peak 27.02M) | Time:00:00.00 | Mem:0.00M, Peak:0.00M | Scene, ViewLayer | Synchronizing object | 外圈 · 全息压边
Fra:2 Mem:27.03M (Peak 27.03M) | Time:00:00.00 | Mem:0.00M, Peak:0.00M | Scene, ViewLayer | Initializing
Fra:2 Mem:27.01M (Peak 27.03M) | Time:00:00.00 | Mem:0.00M, Peak:0.00M | Scene, ViewLayer | Updating Images | Loading text.png
Fra:2 Mem:69.21M (Peak 90.30M) | Time:00:00.09 | Mem:21.09M, Peak:21.09M | Scene, ViewLayer | Updating Images | Loading lineart.png
Fra:2 Mem:111.41M (Peak 132.51M) | Time:00:00.15 | Mem:42.19M, Peak:42.19M | Scene, ViewLayer | Updating Images | Loading background.png
Fra:2 Mem:131.52M (Peak 153.60M) | Time:00:00.33 | Mem:105.47M, Peak:105.47M | Scene, ViewLayer | Waiting for render to start
Fra:2 Mem:131.52M (Peak 153.60M) | Time:00:00.33 | Mem:105.47M, Peak:105.47M | Scene, ViewLayer | Updating Scene
Fra:2 Mem:131.52M (Peak 153.60M) | Time:00:00.33 | Mem:105.47M, Peak:105.47M | Scene, ViewLayer | Updating Shaders
Fra:2 Mem:131.52M (Peak 153.60M) | Time:00:00.33 | Mem:105.47M, Peak:105.47M | Scene, ViewLayer | Loading render kernels (may take a few minutes the first time)
Fra:2 Mem:131.63M (Peak 153.60M) | Time:00:00.33 | Mem:105.50M, Peak:105.50M | Scene, ViewLayer | Updating Procedurals
Fra:2 Mem:131.63M (Peak 153.60M) | Time:00:00.33 | Mem:105.50M, Peak:105.50M | Scene, ViewLayer | Updating Background
Fra:2 Mem:131.63M (Peak 153.60M) | Time:00:00.33 | Mem:105.50M, Peak:105.50M | Scene, ViewLayer | Updating Camera
Fra:2 Mem:131.63M (Peak 153.60M) | Time:00:00.33 | Mem:105.50M, Peak:105.50M | Scene, ViewLayer | Updating Meshes Flags
Fra:2 Mem:131.63M (Peak 153.60M) | Time:00:00.33 | Mem:105.50M, Peak:105.50M | Scene, ViewLayer | Updating Objects
Fra:2 Mem:131.63M (Peak 153.60M) | Time:00:00.33 | Mem:105.50M, Peak:105.50M | Scene, ViewLayer | Updating Objects | Copying Transformations to device
Fra:2 Mem:131.63M (Peak 153.60M) | Time:00:00.33 | Mem:105.51M, Peak:105.51M | Scene, ViewLayer | Updating Particle Systems
Fra:2 Mem:131.63M (Peak 153.60M) | Time:00:00.33 | Mem:105.51M, Peak:105.51M | Scene, ViewLayer | Updating Particle Systems | Copying Particles to device
Fra:2 Mem:131.63M (Peak 153.60M) | Time:00:00.33 | Mem:105.51M, Peak:105.51M | Scene, ViewLayer | Updating Meshes
Fra:2 Mem:131.63M (Peak 153.60M) | Time:00:00.33 | Mem:105.51M, Peak:105.51M | Scene, ViewLayer | Updating Objects | Applying Static Transformations
Fra:2 Mem:131.63M (Peak 153.60M) | Time:00:00.33 | Mem:105.51M, Peak:105.51M | Scene, ViewLayer | Updating Mesh | Computing attributes
Fra:2 Mem:131.65M (Peak 153.60M) | Time:00:00.33 | Mem:105.51M, Peak:105.51M | Scene, ViewLayer | Updating Mesh | Copying Attributes to device
Fra:2 Mem:131.65M (Peak 153.60M) | Time:00:00.33 | Mem:105.52M, Peak:105.52M | Scene, ViewLayer | Updating Scene BVH | Building
Fra:2 Mem:131.65M (Peak 153.60M) | Time:00:00.33 | Mem:105.52M, Peak:105.52M | Scene, ViewLayer | Updating Scene BVH | Building BVH
Fra:2 Mem:131.65M (Peak 153.60M) | Time:00:00.33 | Mem:105.53M, Peak:105.53M | Scene, ViewLayer | Updating Scene BVH | Building BVH 0%
Fra:2 Mem:131.65M (Peak 153.60M) | Time:00:00.33 | Mem:105.56M, Peak:105.57M | Scene, ViewLayer | Updating Scene BVH | Copying BVH to device
Fra:2 Mem:131.65M (Peak 153.60M) | Time:00:00.33 | Mem:105.56M, Peak:105.57M | Scene, ViewLayer | Updating Mesh | Computing normals
Fra:2 Mem:131.66M (Peak 153.60M) | Time:00:00.33 | Mem:105.56M, Peak:105.57M | Scene, ViewLayer | Updating Mesh | Copying Mesh to device
Fra:2 Mem:131.66M (Peak 153.60M) | Time:00:00.33 | Mem:105.57M, Peak:105.57M | Scene, ViewLayer | Updating Objects Flags
Fra:2 Mem:131.66M (Peak 153.60M) | Time:00:00.33 | Mem:105.57M, Peak:105.57M | Scene, ViewLayer | Updating Primitive Offsets
Fra:2 Mem:131.66M (Peak 153.60M) | Time:00:00.33 | Mem:105.57M, Peak:105.57M | Scene, ViewLayer | Updating Images
Fra:2 Mem:131.66M (Peak 153.60M) | Time:00:00.33 | Mem:105.57M, Peak:105.57M | Scene, ViewLayer | Updating Camera Volume
Fra:2 Mem:131.66M (Peak 153.60M) | Time:00:00.33 | Mem:105.57M, Peak:105.57M | Scene, ViewLayer | Updating Lookup Tables
Fra:2 Mem:131.66M (Peak 153.60M) | Time:00:00.33 | Mem:105.65M, Peak:105.65M | Scene, ViewLayer | Updating Lights
Fra:2 Mem:131.66M (Peak 153.60M) | Time:00:00.33 | Mem:105.65M, Peak:105.65M | Scene, ViewLayer | Updating Lights | Computing tree
Fra:2 Mem:131.67M (Peak 153.60M) | Time:00:00.34 | Mem:105.66M, Peak:105.66M | Scene, ViewLayer | Updating Integrator
Fra:2 Mem:131.67M (Peak 153.60M) | Time:00:00.34 | Mem:105.66M, Peak:105.66M | Scene, ViewLayer | Updating Film
Fra:2 Mem:131.68M (Peak 153.60M) | Time:00:00.34 | Mem:105.58M, Peak:105.66M | Scene, ViewLayer | Updating Lookup Tables
Fra:2 Mem:131.68M (Peak 153.60M) | Time:00:00.34 | Mem:105.67M, Peak:105.67M | Scene, ViewLayer | Updating Baking
Fra:2 Mem:131.68M (Peak 153.60M) | Time:00:00.34 | Mem:105.67M, Peak:105.67M | Scene, ViewLayer | Updating Device | Writing constant memory
Fra:2 Mem:131.68M (Peak 153.60M) | Time:00:00.34 | Mem:105.67M, Peak:105.67M | Scene, ViewLayer | Sample 0/16
Fra:2 Mem:137.88M (Peak 153.60M) | Time:00:00.74 | Remaining:00:05.99 | Mem:111.86M, Peak:111.86M | Scene, ViewLayer | Sample 1/16
Fra:2 Mem:140.63M (Peak 153.60M) | Time:00:06.62 | Mem:111.86M, Peak:111.86M | Scene, ViewLayer | Sample 16/16
Fra:2 Mem:140.63M (Peak 153.60M) | Time:00:06.62 | Mem:111.86M, Peak:111.86M | Scene, ViewLayer | Finished
Fra:2 Mem:28.71M (Peak 153.60M) | Time:00:06.62 | Compositing
Saved: 'work/preview-frames/messi/frame_0002.png'
Time: 00:06.71 (Saving: 00:00.04)

Fra:3 Mem:27.00M (Peak 27.00M) | Time:00:00.00 | Mem:0.00M, Peak:0.00M | Scene, ViewLayer | Synchronizing object | 柔光主灯
Fra:3 Mem:27.00M (Peak 27.00M) | Time:00:00.00 | Mem:0.00M, Peak:0.00M | Scene, ViewLayer | Synchronizing object | 正面均匀补光
Fra:3 Mem:27.00M (Peak 27.00M) | Time:00:00.00 | Mem:0.00M, Peak:0.00M | Scene, ViewLayer | Synchronizing object | 顶部金光
Fra:3 Mem:27.00M (Peak 27.00M) | Time:00:00.00 | Mem:0.00M, Peak:0.00M | Scene, ViewLayer | Synchronizing object | 主体平面 · 完整视差合成
Fra:3 Mem:27.01M (Peak 27.01M) | Time:00:00.00 | Mem:0.00M, Peak:0.00M | Scene, ViewLayer | Synchronizing object | 文字平面 · Alpha PNG
Fra:3 Mem:27.02M (Peak 27.02M) | Time:00:00.00 | Mem:0.00M, Peak:0.00M | Scene, ViewLayer | Synchronizing object | 外圈 · 全息压边
Fra:3 Mem:27.03M (Peak 27.03M) | Time:00:00.00 | Mem:0.00M, Peak:0.00M | Scene, ViewLayer | Initializing
Fra:3 Mem:27.01M (Peak 27.03M) | Time:00:00.00 | Mem:0.00M, Peak:0.00M | Scene, ViewLayer | Updating Images | Loading text.png
Fra:3 Mem:69.21M (Peak 90.30M) | Time:00:00.08 | Mem:21.09M, Peak:21.09M | Scene, ViewLayer | Updating Images | Loading lineart.png
Fra:3 Mem:90.31M (Peak 111.41M) | Time:00:00.14 | Mem:42.19M, Peak:42.19M | Scene, ViewLayer | Updating Images | Loading background.png
Fra:3 Mem:131.52M (Peak 153.60M) | Time:00:00.33 | Mem:105.47M, Peak:105.47M | Scene, ViewLayer | Waiting for render to start
Fra:3 Mem:131.52M (Peak 153.60M) | Time:00:00.33 | Mem:105.47M, Peak:105.47M | Scene, ViewLayer | Updating Scene
Fra:3 Mem:131.52M (Peak 153.60M) | Time:00:00.33 | Mem:105.47M, Peak:105.47M | Scene, ViewLayer | Updating Shaders
Fra:3 Mem:131.52M (Peak 153.60M) | Time:00:00.33 | Mem:105.47M, Peak:105.47M | Scene, ViewLayer | Loading render kernels (may take a few minutes the first time)
Fra:3 Mem:131.63M (Peak 153.60M) | Time:00:00.33 | Mem:105.50M, Peak:105.50M | Scene, ViewLayer | Updating Procedurals
Fra:3 Mem:131.63M (Peak 153.60M) | Time:00:00.33 | Mem:105.50M, Peak:105.50M | Scene, ViewLayer | Updating Background
Fra:3 Mem:131.63M (Peak 153.60M) | Time:00:00.33 | Mem:105.50M, Peak:105.50M | Scene, ViewLayer | Updating Camera
Fra:3 Mem:131.63M (Peak 153.60M) | Time:00:00.33 | Mem:105.50M, Peak:105.50M | Scene, ViewLayer | Updating Meshes Flags
Fra:3 Mem:131.63M (Peak 153.60M) | Time:00:00.33 | Mem:105.50M, Peak:105.50M | Scene, ViewLayer | Updating Objects
Fra:3 Mem:131.63M (Peak 153.60M) | Time:00:00.33 | Mem:105.50M, Peak:105.50M | Scene, ViewLayer | Updating Objects | Copying Transformations to device
Fra:3 Mem:131.63M (Peak 153.60M) | Time:00:00.33 | Mem:105.51M, Peak:105.51M | Scene, ViewLayer | Updating Particle Systems
Fra:3 Mem:131.63M (Peak 153.60M) | Time:00:00.33 | Mem:105.51M, Peak:105.51M | Scene, ViewLayer | Updating Particle Systems | Copying Particles to device
Fra:3 Mem:131.63M (Peak 153.60M) | Time:00:00.33 | Mem:105.51M, Peak:105.51M | Scene, ViewLayer | Updating Meshes
Fra:3 Mem:131.63M (Peak 153.60M) | Time:00:00.33 | Mem:105.51M, Peak:105.51M | Scene, ViewLayer | Updating Objects | Applying Static Transformations
Fra:3 Mem:131.63M (Peak 153.60M) | Time:00:00.33 | Mem:105.51M, Peak:105.51M | Scene, ViewLayer | Updating Mesh | Computing attributes
Fra:3 Mem:131.65M (Peak 153.60M) | Time:00:00.33 | Mem:105.51M, Peak:105.51M | Scene, ViewLayer | Updating Mesh | Copying Attributes to device
Fra:3 Mem:131.65M (Peak 153.60M) | Time:00:00.33 | Mem:105.52M, Peak:105.52M | Scene, ViewLayer | Updating Scene BVH | Building
Fra:3 Mem:131.65M (Peak 153.60M) | Time:00:00.33 | Mem:105.52M, Peak:105.52M | Scene, ViewLayer | Updating Scene BVH | Building BVH
Fra:3 Mem:131.65M (Peak 153.60M) | Time:00:00.33 | Mem:105.53M, Peak:105.53M | Scene, ViewLayer | Updating Scene BVH | Building BVH 0%
Fra:3 Mem:131.65M (Peak 153.60M) | Time:00:00.33 | Mem:105.56M, Peak:105.57M | Scene, ViewLayer | Updating Scene BVH | Copying BVH to device
Fra:3 Mem:131.65M (Peak 153.60M) | Time:00:00.33 | Mem:105.56M, Peak:105.57M | Scene, ViewLayer | Updating Mesh | Computing normals
Fra:3 Mem:131.66M (Peak 153.60M) | Time:00:00.33 | Mem:105.56M, Peak:105.57M | Scene, ViewLayer | Updating Mesh | Copying Mesh to device
Fra:3 Mem:131.66M (Peak 153.60M) | Time:00:00.33 | Mem:105.57M, Peak:105.57M | Scene, ViewLayer | Updating Objects Flags
Fra:3 Mem:131.66M (Peak 153.60M) | Time:00:00.33 | Mem:105.57M, Peak:105.57M | Scene, ViewLayer | Updating Primitive Offsets
Fra:3 Mem:131.66M (Peak 153.60M) | Time:00:00.33 | Mem:105.57M, Peak:105.57M | Scene, ViewLayer | Updating Images
Fra:3 Mem:131.66M (Peak 153.60M) | Time:00:00.33 | Mem:105.57M, Peak:105.57M | Scene, ViewLayer | Updating Camera Volume
Fra:3 Mem:131.66M (Peak 153.60M) | Time:00:00.33 | Mem:105.57M, Peak:105.57M | Scene, ViewLayer | Updating Lookup Tables
Fra:3 Mem:131.66M (Peak 153.60M) | Time:00:00.33 | Mem:105.65M, Peak:105.65M | Scene, ViewLayer | Updating Lights
Fra:3 Mem:131.66M (Peak 153.60M) | Time:00:00.33 | Mem:105.65M, Peak:105.65M | Scene, ViewLayer | Updating Lights | Computing tree
Fra:3 Mem:131.67M (Peak 153.60M) | Time:00:00.33 | Mem:105.66M, Peak:105.66M | Scene, ViewLayer | Updating Integrator
Fra:3 Mem:131.67M (Peak 153.60M) | Time:00:00.33 | Mem:105.66M, Peak:105.66M | Scene, ViewLayer | Updating Film
Fra:3 Mem:131.68M (Peak 153.60M) | Time:00:00.33 | Mem:105.58M, Peak:105.66M | Scene, ViewLayer | Updating Lookup Tables
Fra:3 Mem:131.68M (Peak 153.60M) | Time:00:00.33 | Mem:105.67M, Peak:105.67M | Scene, ViewLayer | Updating Baking
Fra:3 Mem:131.68M (Peak 153.60M) | Time:00:00.33 | Mem:105.67M, Peak:105.67M | Scene, ViewLayer | Updating Device | Writing constant memory
Fra:3 Mem:131.68M (Peak 153.60M) | Time:00:00.33 | Mem:105.67M, Peak:105.67M | Scene, ViewLayer | Sample 0/16
Fra:3 Mem:137.88M (Peak 153.60M) | Time:00:00.73 | Remaining:00:05.99 | Mem:111.86M, Peak:111.86M | Scene, ViewLayer | Sample 1/16
Fra:3 Mem:140.63M (Peak 153.60M) | Time:00:06.61 | Mem:111.86M, Peak:111.86M | Scene, ViewLayer | Sample 16/16
Fra:3 Mem:140.63M (Peak 153.60M) | Time:00:06.61 | Mem:111.86M, Peak:111.86M | Scene, ViewLayer | Finished
Fra:3 Mem:28.71M (Peak 153.60M) | Time:00:06.61 | Compositing
Saved: 'work/preview-frames/messi/frame_0003.png'
Time: 00:06.70 (Saving: 00:00.04)

Fra:4 Mem:27.00M (Peak 27.00M) | Time:00:00.00 | Mem:0.00M, Peak:0.00M | Scene, ViewLayer | Synchronizing object | 柔光主灯
Fra:4 Mem:27.00M (Peak 27.00M) | Time:00:00.00 | Mem:0.00M, Peak:0.00M | Scene, ViewLayer | Synchronizing object | 内圈 · 古金细边
Fra:4 Mem:27.00M (Peak 27.00M) | Time:00:00.00 | Mem:0.00M, Peak:0.00M | Scene, ViewLayer | Synchronizing object | 正面均匀补光
Fra:4 Mem:27.00M (Peak 27.00M) | Time:00:00.00 | Mem:0.00M, Peak:0.00M | Scene, ViewLayer | Synchronizing object | 顶部金光
Fra:4 Mem:27.00M (Peak 27.00M) | Time:00:00.00 | Mem:0.00M, Peak:0.00M | Scene, ViewLayer | Synchronizing object | 主体平面 · 完整视差合成
Fra:4 Mem:27.01M (Peak 27.01M) | Time:00:00.00 | Mem:0.00M, Peak:0.00M | Scene, ViewLayer | Synchronizing object | 外圈 · 全息压边
Fra:4 Mem:27.02M (Peak 27.02M) | Time:00:00.00 | Mem:0.00M, Peak:0.00M | Scene, ViewLayer | Synchronizing object | 文字平面 · Alpha PNG
Fra:4 Mem:27.03M (Peak 27.03M) | Time:00:00.00 | Mem:0.00M, Peak:0.00M | Scene, ViewLayer | Initializing
Fra:4 Mem:27.01M (Peak 27.03M) | Time:00:00.00 | Mem:0.00M, Peak:0.00M | Scene, ViewLayer | Updating Images | Loading text.png
Fra:4 Mem:27.01M (Peak 27.03M) | Time:00:00.00 | Mem:0.00M, Peak:0.00M | Scene, ViewLayer | Updating Images | Loading subject.png
Fra:4 Mem:69.21M (Peak 90.30M) | Time:00:00.07 | Mem:21.09M, Peak:21.09M | Scene, ViewLayer | Updating Images | Loading lineart.png
Fra:4 Mem:90.31M (Peak 111.41M) | Time:00:00.14 | Mem:42.19M, Peak:42.19M | Scene, ViewLayer | Updating Images | Loading background.png
Fra:4 Mem:131.52M (Peak 153.60M) | Time:00:00.32 | Mem:105.47M, Peak:105.47M | Scene, ViewLayer | Waiting for render to start
Fra:4 Mem:131.52M (Peak 153.60M) | Time:00:00.32 | Mem:105.47M, Peak:105.47M | Scene, ViewLayer | Updating Scene
Fra:4 Mem:131.52M (Peak 153.60M) | Time:00:00.32 | Mem:105.47M, Peak:105.47M | Scene, ViewLayer | Updating Shaders
Fra:4 Mem:131.52M (Peak 153.60M) | Time:00:00.32 | Mem:105.47M, Peak:105.47M | Scene, ViewLayer | Loading render kernels (may take a few minutes the first time)
Fra:4 Mem:131.63M (Peak 153.60M) | Time:00:00.32 | Mem:105.50M, Peak:105.50M | Scene, ViewLayer | Updating Procedurals
Fra:4 Mem:131.63M (Peak 153.60M) | Time:00:00.32 | Mem:105.50M, Peak:105.50M | Scene, ViewLayer | Updating Background
Fra:4 Mem:131.63M (Peak 153.60M) | Time:00:00.32 | Mem:105.50M, Peak:105.50M | Scene, ViewLayer | Updating Camera
Fra:4 Mem:131.63M (Peak 153.60M) | Time:00:00.32 | Mem:105.50M, Peak:105.50M | Scene, ViewLayer | Updating Meshes Flags
Fra:4 Mem:131.63M (Peak 153.60M) | Time:00:00.32 | Mem:105.50M, Peak:105.50M | Scene, ViewLayer | Updating Objects
Fra:4 Mem:131.63M (Peak 153.60M) | Time:00:00.32 | Mem:105.50M, Peak:105.50M | Scene, ViewLayer | Updating Objects | Copying Transformations to device
Fra:4 Mem:131.63M (Peak 153.60M) | Time:00:00.32 | Mem:105.51M, Peak:105.51M | Scene, ViewLayer | Updating Particle Systems
Fra:4 Mem:131.63M (Peak 153.60M) | Time:00:00.32 | Mem:105.51M, Peak:105.51M | Scene, ViewLayer | Updating Particle Systems | Copying Particles to device
Fra:4 Mem:131.63M (Peak 153.60M) | Time:00:00.32 | Mem:105.51M, Peak:105.51M | Scene, ViewLayer | Updating Meshes
Fra:4 Mem:131.63M (Peak 153.60M) | Time:00:00.32 | Mem:105.51M, Peak:105.51M | Scene, ViewLayer | Updating Objects | Applying Static Transformations
Fra:4 Mem:131.63M (Peak 153.60M) | Time:00:00.32 | Mem:105.51M, Peak:105.51M | Scene, ViewLayer | Updating Mesh | Computing attributes
Fra:4 Mem:131.65M (Peak 153.60M) | Time:00:00.32 | Mem:105.51M, Peak:105.51M | Scene, ViewLayer | Updating Mesh | Copying Attributes to device
Fra:4 Mem:131.65M (Peak 153.60M) | Time:00:00.32 | Mem:105.52M, Peak:105.52M | Scene, ViewLayer | Updating Scene BVH | Building
Fra:4 Mem:131.65M (Peak 153.60M) | Time:00:00.32 | Mem:105.52M, Peak:105.52M | Scene, ViewLayer | Updating Scene BVH | Building BVH
Fra:4 Mem:131.65M (Peak 153.60M) | Time:00:00.32 | Mem:105.53M, Peak:105.53M | Scene, ViewLayer | Updating Scene BVH | Building BVH 0%
Fra:4 Mem:131.65M (Peak 153.60M) | Time:00:00.32 | Mem:105.56M, Peak:105.57M | Scene, ViewLayer | Updating Scene BVH | Copying BVH to device
Fra:4 Mem:131.65M (Peak 153.60M) | Time:00:00.32 | Mem:105.56M, Peak:105.57M | Scene, ViewLayer | Updating Mesh | Computing normals
Fra:4 Mem:131.66M (Peak 153.60M) | Time:00:00.32 | Mem:105.56M, Peak:105.57M | Scene, ViewLayer | Updating Mesh | Copying Mesh to device
Fra:4 Mem:131.66M (Peak 153.60M) | Time:00:00.32 | Mem:105.57M, Peak:105.57M | Scene, ViewLayer | Updating Objects Flags
Fra:4 Mem:131.66M (Peak 153.60M) | Time:00:00.32 | Mem:105.57M, Peak:105.57M | Scene, ViewLayer | Updating Primitive Offsets
Fra:4 Mem:131.66M (Peak 153.60M) | Time:00:00.32 | Mem:105.57M, Peak:105.57M | Scene, ViewLayer | Updating Images
Fra:4 Mem:131.66M (Peak 153.60M) | Time:00:00.32 | Mem:105.57M, Peak:105.57M | Scene, ViewLayer | Updating Camera Volume
Fra:4 Mem:131.66M (Peak 153.60M) | Time:00:00.32 | Mem:105.57M, Peak:105.57M | Scene, ViewLayer | Updating Lookup Tables
Fra:4 Mem:131.66M (Peak 153.60M) | Time:00:00.32 | Mem:105.65M, Peak:105.65M | Scene, ViewLayer | Updating Lights
Fra:4 Mem:131.66M (Peak 153.60M) | Time:00:00.32 | Mem:105.65M, Peak:105.65M | Scene, ViewLayer | Updating Lights | Computing tree
Fra:4 Mem:131.67M (Peak 153.60M) | Time:00:00.32 | Mem:105.66M, Peak:105.66M | Scene, ViewLayer | Updating Integrator
Fra:4 Mem:131.67M (Peak 153.60M) | Time:00:00.32 | Mem:105.66M, Peak:105.66M | Scene, ViewLayer | Updating Film
Fra:4 Mem:131.68M (Peak 153.60M) | Time:00:00.32 | Mem:105.58M, Peak:105.66M | Scene, ViewLayer | Updating Lookup Tables
Fra:4 Mem:131.68M (Peak 153.60M) | Time:00:00.32 | Mem:105.67M, Peak:105.67M | Scene, ViewLayer | Updating Baking
Fra:4 Mem:131.68M (Peak 153.60M) | Time:00:00.32 | Mem:105.67M, Peak:105.67M | Scene, ViewLayer | Updating Device | Writing constant memory
Fra:4 Mem:131.68M (Peak 153.60M) | Time:00:00.32 | Mem:105.67M, Peak:105.67M | Scene, ViewLayer | Sample 0/16
Fra:4 Mem:137.88M (Peak 153.60M) | Time:00:00.72 | Remaining:00:05.96 | Mem:111.86M, Peak:111.86M | Scene, ViewLayer | Sample 1/16
Fra:4 Mem:140.63M (Peak 153.60M) | Time:00:06.54 | Mem:111.86M, Peak:111.86M | Scene, ViewLayer | Sample 16/16
Fra:4 Mem:140.63M (Peak 153.60M) | Time:00:06.54 | Mem:111.86M, Peak:111.86M | Scene, ViewLayer | Finished
Fra:4 Mem:28.71M (Peak 153.60M) | Time:00:06.54 | Compositing
Saved: 'work/preview-frames/messi/frame_0004.png'
Time: 00:06.64 (Saving: 00:00.04)

Fra:5 Mem:27.00M (Peak 27.00M) | Time:00:00.00 | Mem:0.00M, Peak:0.00M | Scene, ViewLayer | Synchronizing object | 柔光主灯
Fra:5 Mem:27.00M (Peak 27.00M) | Time:00:00.00 | Mem:0.00M, Peak:0.00M | Scene, ViewLayer | Synchronizing object | 内圈 · 古金细边
Fra:5 Mem:27.00M (Peak 27.00M) | Time:00:00.00 | Mem:0.00M, Peak:0.00M | Scene, ViewLayer | Synchronizing object | 正面均匀补光
Fra:5 Mem:27.01M (Peak 27.01M) | Time:00:00.00 | Mem:0.00M, Peak:0.00M | Scene, ViewLayer | Synchronizing object | 顶部金光
Fra:5 Mem:27.01M (Peak 27.01M) | Time:00:00.00 | Mem:0.00M, Peak:0.00M | Scene, ViewLayer | Synchronizing object | 主体平面 · 完整视差合成
Fra:5 Mem:27.01M (Peak 27.01M) | Time:00:00.00 | Mem:0.00M, Peak:0.00M | Scene, ViewLayer | Synchronizing object | 外圈 · 全息压边
Fra:5 Mem:27.02M (Peak 27.02M) | Time:00:00.00 | Mem:0.00M, Peak:0.00M | Scene, ViewLayer | Synchronizing object | 文字平面 · Alpha PNG
Fra:5 Mem:27.03M (Peak 27.03M) | Time:00:00.00 | Mem:0.00M, Peak:0.00M | Scene, ViewLayer | Initializing
Fra:5 Mem:27.01M (Peak 27.03M) | Time:00:00.00 | Mem:0.00M, Peak:0.00M | Scene, ViewLayer | Updating Images | Loading text.png
Fra:5 Mem:27.01M (Peak 27.03M) | Time:00:00.00 | Mem:0.00M, Peak:0.00M | Scene, ViewLayer | Updating Images | Loading subject.png
Fra:5 Mem:69.21M (Peak 90.30M) | Time:00:00.07 | Mem:21.09M, Peak:21.09M | Scene, ViewLayer | Updating Images | Loading lineart.png
Fra:5 Mem:90.31M (Peak 111.41M) | Time:00:00.14 | Mem:42.19M, Peak:42.19M | Scene, ViewLayer | Updating Images | Loading background.png
Fra:5 Mem:131.52M (Peak 153.60M) | Time:00:00.32 | Mem:105.47M, Peak:105.47M | Scene, ViewLayer | Waiting for render to start
Fra:5 Mem:131.52M (Peak 153.60M) | Time:00:00.32 | Mem:105.47M, Peak:105.47M | Scene, ViewLayer | Updating Scene
Fra:5 Mem:131.52M (Peak 153.60M) | Time:00:00.32 | Mem:105.47M, Peak:105.47M | Scene, ViewLayer | Updating Shaders
Fra:5 Mem:131.52M (Peak 153.60M) | Time:00:00.32 | Mem:105.47M, Peak:105.47M | Scene, ViewLayer | Loading render kernels (may take a few minutes the first time)
Fra:5 Mem:131.63M (Peak 153.60M) | Time:00:00.32 | Mem:105.50M, Peak:105.50M | Scene, ViewLayer | Updating Procedurals
Fra:5 Mem:131.63M (Peak 153.60M) | Time:00:00.32 | Mem:105.50M, Peak:105.50M | Scene, ViewLayer | Updating Background
Fra:5 Mem:131.63M (Peak 153.60M) | Time:00:00.32 | Mem:105.50M, Peak:105.50M | Scene, ViewLayer | Updating Camera
Fra:5 Mem:131.63M (Peak 153.60M) | Time:00:00.32 | Mem:105.50M, Peak:105.50M | Scene, ViewLayer | Updating Meshes Flags
Fra:5 Mem:131.63M (Peak 153.60M) | Time:00:00.32 | Mem:105.50M, Peak:105.50M | Scene, ViewLayer | Updating Objects
Fra:5 Mem:131.63M (Peak 153.60M) | Time:00:00.32 | Mem:105.50M, Peak:105.50M | Scene, ViewLayer | Updating Objects | Copying Transformations to device
Fra:5 Mem:131.63M (Peak 153.60M) | Time:00:00.32 | Mem:105.51M, Peak:105.51M | Scene, ViewLayer | Updating Particle Systems
Fra:5 Mem:131.63M (Peak 153.60M) | Time:00:00.32 | Mem:105.51M, Peak:105.51M | Scene, ViewLayer | Updating Particle Systems | Copying Particles to device
Fra:5 Mem:131.63M (Peak 153.60M) | Time:00:00.32 | Mem:105.51M, Peak:105.51M | Scene, ViewLayer | Updating Meshes
Fra:5 Mem:131.63M (Peak 153.60M) | Time:00:00.32 | Mem:105.51M, Peak:105.51M | Scene, ViewLayer | Updating Objects | Applying Static Transformations
Fra:5 Mem:131.63M (Peak 153.60M) | Time:00:00.32 | Mem:105.51M, Peak:105.51M | Scene, ViewLayer | Updating Mesh | Computing attributes
Fra:5 Mem:131.65M (Peak 153.60M) | Time:00:00.32 | Mem:105.51M, Peak:105.51M | Scene, ViewLayer | Updating Mesh | Copying Attributes to device
Fra:5 Mem:131.65M (Peak 153.60M) | Time:00:00.32 | Mem:105.52M, Peak:105.52M | Scene, ViewLayer | Updating Scene BVH | Building
Fra:5 Mem:131.65M (Peak 153.60M) | Time:00:00.32 | Mem:105.52M, Peak:105.52M | Scene, ViewLayer | Updating Scene BVH | Building BVH
Fra:5 Mem:131.65M (Peak 153.60M) | Time:00:00.32 | Mem:105.53M, Peak:105.53M | Scene, ViewLayer | Updating Scene BVH | Building BVH 0%
Fra:5 Mem:131.65M (Peak 153.60M) | Time:00:00.32 | Mem:105.56M, Peak:105.57M | Scene, ViewLayer | Updating Scene BVH | Copying BVH to device
Fra:5 Mem:131.65M (Peak 153.60M) | Time:00:00.32 | Mem:105.56M, Peak:105.57M | Scene, ViewLayer | Updating Mesh | Computing normals
Fra:5 Mem:131.66M (Peak 153.60M) | Time:00:00.32 | Mem:105.56M, Peak:105.57M | Scene, ViewLayer | Updating Mesh | Copying Mesh to device
Fra:5 Mem:131.66M (Peak 153.60M) | Time:00:00.32 | Mem:105.57M, Peak:105.57M | Scene, ViewLayer | Updating Objects Flags
Fra:5 Mem:131.66M (Peak 153.60M) | Time:00:00.32 | Mem:105.57M, Peak:105.57M | Scene, ViewLayer | Updating Primitive Offsets
Fra:5 Mem:131.66M (Peak 153.60M) | Time:00:00.32 | Mem:105.57M, Peak:105.57M | Scene, ViewLayer | Updating Images
Fra:5 Mem:131.66M (Peak 153.60M) | Time:00:00.32 | Mem:105.57M, Peak:105.57M | Scene, ViewLayer | Updating Camera Volume
Fra:5 Mem:131.66M (Peak 153.60M) | Time:00:00.32 | Mem:105.57M, Peak:105.57M | Scene, ViewLayer | Updating Lookup Tables
Fra:5 Mem:131.66M (Peak 153.60M) | Time:00:00.32 | Mem:105.65M, Peak:105.65M | Scene, ViewLayer | Updating Lights
Fra:5 Mem:131.66M (Peak 153.60M) | Time:00:00.32 | Mem:105.65M, Peak:105.65M | Scene, ViewLayer | Updating Lights | Computing tree
Fra:5 Mem:131.67M (Peak 153.60M) | Time:00:00.32 | Mem:105.66M, Peak:105.66M | Scene, ViewLayer | Updating Integrator
Fra:5 Mem:131.67M (Peak 153.60M) | Time:00:00.32 | Mem:105.66M, Peak:105.66M | Scene, ViewLayer | Updating Film
Fra:5 Mem:131.68M (Peak 153.60M) | Time:00:00.32 | Mem:105.58M, Peak:105.66M | Scene, ViewLayer | Updating Lookup Tables
Fra:5 Mem:131.68M (Peak 153.60M) | Time:00:00.32 | Mem:105.67M, Peak:105.67M | Scene, ViewLayer | Updating Baking
Fra:5 Mem:131.68M (Peak 153.60M) | Time:00:00.32 | Mem:105.67M, Peak:105.67M | Scene, ViewLayer | Updating Device | Writing constant memory
Fra:5 Mem:131.68M (Peak 153.60M) | Time:00:00.32 | Mem:105.67M, Peak:105.67M | Scene, ViewLayer | Sample 0/16
Fra:5 Mem:137.88M (Peak 153.60M) | Time:00:00.72 | Remaining:00:05.98 | Mem:111.86M, Peak:111.86M | Scene, ViewLayer | Sample 1/16
Fra:5 Mem:140.63M (Peak 153.60M) | Time:00:06.56 | Mem:111.86M, Peak:111.86M | Scene, ViewLayer | Sample 16/16
Fra:5 Mem:140.63M (Peak 153.60M) | Time:00:06.56 | Mem:111.86M, Peak:111.86M | Scene, ViewLayer | Finished
Fra:5 Mem:28.71M (Peak 153.60M) | Time:00:06.57 | Compositing
Saved: 'work/preview-frames/messi/frame_0005.png'
Time: 00:06.65 (Saving: 00:00.04)

Fra:6 Mem:27.00M (Peak 27.00M) | Time:00:00.00 | Mem:0.00M, Peak:0.00M | Scene, ViewLayer | Synchronizing object | 柔光主灯
Fra:6 Mem:27.00M (Peak 27.00M) | Time:00:00.00 | Mem:0.00M, Peak:0.00M | Scene, ViewLayer | Synchronizing object | 内圈 · 古金细边
Fra:6 Mem:27.00M (Peak 27.00M) | Time:00:00.00 | Mem:0.00M, Peak:0.00M | Scene, ViewLayer | Synchronizing object | 正面均匀补光
Fra:6 Mem:27.01M (Peak 27.01M) | Time:00:00.00 | Mem:0.00M, Peak:0.00M | Scene, ViewLayer | Synchronizing object | 顶部金光
Fra:6 Mem:27.01M (Peak 27.01M) | Time:00:00.00 | Mem:0.00M, Peak:0.00M | Scene, ViewLayer | Synchronizing object | 主体平面 · 完整视差合成
Fra:6 Mem:27.01M (Peak 27.01M) | Time:00:00.00 | Mem:0.00M, Peak:0.00M | Scene, ViewLayer | Synchronizing object | 外圈 · 全息压边
Fra:6 Mem:27.01M (Peak 27.01M) | Time:00:00.00 | Mem:0.00M, Peak:0.00M | Scene, ViewLayer | Synchronizing object | 文字平面 · Alpha PNG
Fra:6 Mem:27.03M (Peak 27.03M) | Time:00:00.00 | Mem:0.00M, Peak:0.00M | Scene, ViewLayer | Initializing
Fra:6 Mem:27.01M (Peak 27.03M) | Time:00:00.00 | Mem:0.00M, Peak:0.00M | Scene, ViewLayer | Updating Images | Loading text.png
Fra:6 Mem:27.01M (Peak 27.03M) | Time:00:00.00 | Mem:0.00M, Peak:0.00M | Scene, ViewLayer | Updating Images | Loading subject.png
Fra:6 Mem:69.21M (Peak 90.30M) | Time:00:00.07 | Mem:21.09M, Peak:21.09M | Scene, ViewLayer | Updating Images | Loading lineart.png
Fra:6 Mem:90.31M (Peak 111.41M) | Time:00:00.14 | Mem:42.19M, Peak:42.19M | Scene, ViewLayer | Updating Images | Loading background.png
Fra:6 Mem:131.52M (Peak 153.60M) | Time:00:00.32 | Mem:105.47M, Peak:105.47M | Scene, ViewLayer | Waiting for render to start
Fra:6 Mem:131.52M (Peak 153.60M) | Time:00:00.32 | Mem:105.47M, Peak:105.47M | Scene, ViewLayer | Updating Scene
Fra:6 Mem:131.52M (Peak 153.60M) | Time:00:00.32 | Mem:105.47M, Peak:105.47M | Scene, ViewLayer | Updating Shaders
Fra:6 Mem:131.52M (Peak 153.60M) | Time:00:00.32 | Mem:105.47M, Peak:105.47M | Scene, ViewLayer | Loading render kernels (may take a few minutes the first time)
Fra:6 Mem:131.63M (Peak 153.60M) | Time:00:00.32 | Mem:105.50M, Peak:105.50M | Scene, ViewLayer | Updating Procedurals
Fra:6 Mem:131.63M (Peak 153.60M) | Time:00:00.32 | Mem:105.50M, Peak:105.50M | Scene, ViewLayer | Updating Background
Fra:6 Mem:131.63M (Peak 153.60M) | Time:00:00.32 | Mem:105.50M, Peak:105.50M | Scene, ViewLayer | Updating Camera
Fra:6 Mem:131.63M (Peak 153.60M) | Time:00:00.32 | Mem:105.50M, Peak:105.50M | Scene, ViewLayer | Updating Meshes Flags
Fra:6 Mem:131.63M (Peak 153.60M) | Time:00:00.32 | Mem:105.50M, Peak:105.50M | Scene, ViewLayer | Updating Objects
Fra:6 Mem:131.63M (Peak 153.60M) | Time:00:00.32 | Mem:105.50M, Peak:105.50M | Scene, ViewLayer | Updating Objects | Copying Transformations to device
Fra:6 Mem:131.63M (Peak 153.60M) | Time:00:00.32 | Mem:105.51M, Peak:105.51M | Scene, ViewLayer | Updating Particle Systems
Fra:6 Mem:131.63M (Peak 153.60M) | Time:00:00.32 | Mem:105.51M, Peak:105.51M | Scene, ViewLayer | Updating Particle Systems | Copying Particles to device
Fra:6 Mem:131.63M (Peak 153.60M) | Time:00:00.32 | Mem:105.51M, Peak:105.51M | Scene, ViewLayer | Updating Meshes
Fra:6 Mem:131.63M (Peak 153.60M) | Time:00:00.32 | Mem:105.51M, Peak:105.51M | Scene, ViewLayer | Updating Objects | Applying Static Transformations
Fra:6 Mem:131.63M (Peak 153.60M) | Time:00:00.32 | Mem:105.51M, Peak:105.51M | Scene, ViewLayer | Updating Mesh | Computing attributes
Fra:6 Mem:131.65M (Peak 153.60M) | Time:00:00.32 | Mem:105.51M, Peak:105.51M | Scene, ViewLayer | Updating Mesh | Copying Attributes to device
Fra:6 Mem:131.65M (Peak 153.60M) | Time:00:00.32 | Mem:105.52M, Peak:105.52M | Scene, ViewLayer | Updating Scene BVH | Building
Fra:6 Mem:131.65M (Peak 153.60M) | Time:00:00.32 | Mem:105.52M, Peak:105.52M | Scene, ViewLayer | Updating Scene BVH | Building BVH
Fra:6 Mem:131.65M (Peak 153.60M) | Time:00:00.32 | Mem:105.53M, Peak:105.53M | Scene, ViewLayer | Updating Scene BVH | Building BVH 0%
Fra:6 Mem:131.65M (Peak 153.60M) | Time:00:00.33 | Mem:105.55M, Peak:105.57M | Scene, ViewLayer | Updating Scene BVH | Copying BVH to device
Fra:6 Mem:131.65M (Peak 153.60M) | Time:00:00.33 | Mem:105.55M, Peak:105.57M | Scene, ViewLayer | Updating Mesh | Computing normals
Fra:6 Mem:131.66M (Peak 153.60M) | Time:00:00.33 | Mem:105.55M, Peak:105.57M | Scene, ViewLayer | Updating Mesh | Copying Mesh to device
Fra:6 Mem:131.66M (Peak 153.60M) | Time:00:00.33 | Mem:105.57M, Peak:105.57M | Scene, ViewLayer | Updating Objects Flags
Fra:6 Mem:131.66M (Peak 153.60M) | Time:00:00.33 | Mem:105.57M, Peak:105.57M | Scene, ViewLayer | Updating Primitive Offsets
Fra:6 Mem:131.66M (Peak 153.60M) | Time:00:00.33 | Mem:105.57M, Peak:105.57M | Scene, ViewLayer | Updating Images
Fra:6 Mem:131.66M (Peak 153.60M) | Time:00:00.33 | Mem:105.57M, Peak:105.57M | Scene, ViewLayer | Updating Camera Volume
Fra:6 Mem:131.66M (Peak 153.60M) | Time:00:00.33 | Mem:105.57M, Peak:105.57M | Scene, ViewLayer | Updating Lookup Tables
Fra:6 Mem:131.66M (Peak 153.60M) | Time:00:00.33 | Mem:105.65M, Peak:105.65M | Scene, ViewLayer | Updating Lights
Fra:6 Mem:131.66M (Peak 153.60M) | Time:00:00.33 | Mem:105.65M, Peak:105.65M | Scene, ViewLayer | Updating Lights | Computing tree
Fra:6 Mem:131.67M (Peak 153.60M) | Time:00:00.33 | Mem:105.66M, Peak:105.66M | Scene, ViewLayer | Updating Integrator
Fra:6 Mem:131.67M (Peak 153.60M) | Time:00:00.33 | Mem:105.66M, Peak:105.66M | Scene, ViewLayer | Updating Film
Fra:6 Mem:131.68M (Peak 153.60M) | Time:00:00.33 | Mem:105.58M, Peak:105.66M | Scene, ViewLayer | Updating Lookup Tables
Fra:6 Mem:131.68M (Peak 153.60M) | Time:00:00.33 | Mem:105.67M, Peak:105.67M | Scene, ViewLayer | Updating Baking
Fra:6 Mem:131.68M (Peak 153.60M) | Time:00:00.33 | Mem:105.67M, Peak:105.67M | Scene, ViewLayer | Updating Device | Writing constant memory
Fra:6 Mem:131.68M (Peak 153.60M) | Time:00:00.33 | Mem:105.67M, Peak:105.67M | Scene, ViewLayer | Sample 0/16
Fra:6 Mem:137.88M (Peak 153.60M) | Time:00:00.73 | Remaining:00:05.98 | Mem:111.86M, Peak:111.86M | Scene, ViewLayer | Sample 1/16
Fra:6 Mem:140.63M (Peak 153.60M) | Time:00:06.54 | Mem:111.86M, Peak:111.86M | Scene, ViewLayer | Sample 16/16
Fra:6 Mem:140.63M (Peak 153.60M) | Time:00:06.54 | Mem:111.86M, Peak:111.86M | Scene, ViewLayer | Finished
Fra:6 Mem:28.71M (Peak 153.60M) | Time:00:06.54 | Compositing
Saved: 'work/preview-frames/messi/frame_0006.png'
Time: 00:06.63 (Saving: 00:00.04)

Fra:7 Mem:27.00M (Peak 27.00M) | Time:00:00.00 | Mem:0.00M, Peak:0.00M | Scene, ViewLayer | Synchronizing object | 柔光主灯
Fra:7 Mem:27.00M (Peak 27.00M) | Time:00:00.00 | Mem:0.00M, Peak:0.00M | Scene, ViewLayer | Synchronizing object | 内圈 · 古金细边
Fra:7 Mem:27.00M (Peak 27.00M) | Time:00:00.00 | Mem:0.00M, Peak:0.00M | Scene, ViewLayer | Synchronizing object | 正面均匀补光
Fra:7 Mem:27.00M (Peak 27.00M) | Time:00:00.00 | Mem:0.00M, Peak:0.00M | Scene, ViewLayer | Synchronizing object | 顶部金光
Fra:7 Mem:27.01M (Peak 27.01M) | Time:00:00.00 | Mem:0.00M, Peak:0.00M | Scene, ViewLayer | Synchronizing object | 主体平面 · 完整视差合成
Fra:7 Mem:27.01M (Peak 27.01M) | Time:00:00.00 | Mem:0.00M, Peak:0.00M | Scene, ViewLayer | Synchronizing object | 外圈 · 全息压边
Fra:7 Mem:27.02M (Peak 27.02M) | Time:00:00.00 | Mem:0.00M, Peak:0.00M | Scene, ViewLayer | Synchronizing object | 文字平面 · Alpha PNG
Fra:7 Mem:27.03M (Peak 27.03M) | Time:00:00.00 | Mem:0.00M, Peak:0.00M | Scene, ViewLayer | Initializing
Fra:7 Mem:27.01M (Peak 27.03M) | Time:00:00.00 | Mem:0.00M, Peak:0.00M | Scene, ViewLayer | Updating Images | Loading text.png
Fra:7 Mem:27.01M (Peak 27.03M) | Time:00:00.00 | Mem:0.00M, Peak:0.00M | Scene, ViewLayer | Updating Images | Loading subject.png
Fra:7 Mem:69.21M (Peak 90.30M) | Time:00:00.07 | Mem:21.09M, Peak:21.09M | Scene, ViewLayer | Updating Images | Loading lineart.png
Fra:7 Mem:90.31M (Peak 111.41M) | Time:00:00.14 | Mem:42.19M, Peak:42.19M | Scene, ViewLayer | Updating Images | Loading background.png
Fra:7 Mem:131.52M (Peak 153.60M) | Time:00:00.32 | Mem:105.47M, Peak:105.47M | Scene, ViewLayer | Waiting for render to start
Fra:7 Mem:131.52M (Peak 153.60M) | Time:00:00.32 | Mem:105.47M, Peak:105.47M | Scene, ViewLayer | Updating Scene
Fra:7 Mem:131.52M (Peak 153.60M) | Time:00:00.32 | Mem:105.47M, Peak:105.47M | Scene, ViewLayer | Updating Shaders
Fra:7 Mem:131.52M (Peak 153.60M) | Time:00:00.32 | Mem:105.47M, Peak:105.47M | Scene, ViewLayer | Loading render kernels (may take a few minutes the first time)
Fra:7 Mem:131.63M (Peak 153.60M) | Time:00:00.32 | Mem:105.50M, Peak:105.50M | Scene, ViewLayer | Updating Procedurals
Fra:7 Mem:131.63M (Peak 153.60M) | Time:00:00.32 | Mem:105.50M, Peak:105.50M | Scene, ViewLayer | Updating Background
Fra:7 Mem:131.63M (Peak 153.60M) | Time:00:00.32 | Mem:105.50M, Peak:105.50M | Scene, ViewLayer | Updating Camera
Fra:7 Mem:131.63M (Peak 153.60M) | Time:00:00.32 | Mem:105.50M, Peak:105.50M | Scene, ViewLayer | Updating Meshes Flags
Fra:7 Mem:131.63M (Peak 153.60M) | Time:00:00.32 | Mem:105.50M, Peak:105.50M | Scene, ViewLayer | Updating Objects
Fra:7 Mem:131.63M (Peak 153.60M) | Time:00:00.32 | Mem:105.50M, Peak:105.50M | Scene, ViewLayer | Updating Objects | Copying Transformations to device
Fra:7 Mem:131.63M (Peak 153.60M) | Time:00:00.32 | Mem:105.51M, Peak:105.51M | Scene, ViewLayer | Updating Particle Systems
Fra:7 Mem:131.63M (Peak 153.60M) | Time:00:00.32 | Mem:105.51M, Peak:105.51M | Scene, ViewLayer | Updating Particle Systems | Copying Particles to device
Fra:7 Mem:131.63M (Peak 153.60M) | Time:00:00.32 | Mem:105.51M, Peak:105.51M | Scene, ViewLayer | Updating Meshes
Fra:7 Mem:131.63M (Peak 153.60M) | Time:00:00.32 | Mem:105.51M, Peak:105.51M | Scene, ViewLayer | Updating Objects | Applying Static Transformations
Fra:7 Mem:131.63M (Peak 153.60M) | Time:00:00.32 | Mem:105.51M, Peak:105.51M | Scene, ViewLayer | Updating Mesh | Computing attributes
Fra:7 Mem:131.65M (Peak 153.60M) | Time:00:00.32 | Mem:105.51M, Peak:105.51M | Scene, ViewLayer | Updating Mesh | Copying Attributes to device
Fra:7 Mem:131.65M (Peak 153.60M) | Time:00:00.32 | Mem:105.52M, Peak:105.52M | Scene, ViewLayer | Updating Scene BVH | Building
Fra:7 Mem:131.65M (Peak 153.60M) | Time:00:00.32 | Mem:105.52M, Peak:105.52M | Scene, ViewLayer | Updating Scene BVH | Building BVH
Fra:7 Mem:131.65M (Peak 153.60M) | Time:00:00.32 | Mem:105.53M, Peak:105.53M | Scene, ViewLayer | Updating Scene BVH | Building BVH 0%
Fra:7 Mem:131.65M (Peak 153.60M) | Time:00:00.32 | Mem:105.56M, Peak:105.57M | Scene, ViewLayer | Updating Scene BVH | Copying BVH to device
Fra:7 Mem:131.65M (Peak 153.60M) | Time:00:00.32 | Mem:105.56M, Peak:105.57M | Scene, ViewLayer | Updating Mesh | Computing normals
Fra:7 Mem:131.66M (Peak 153.60M) | Time:00:00.32 | Mem:105.56M, Peak:105.57M | Scene, ViewLayer | Updating Mesh | Copying Mesh to device
Fra:7 Mem:131.66M (Peak 153.60M) | Time:00:00.32 | Mem:105.57M, Peak:105.57M | Scene, ViewLayer | Updating Objects Flags
Fra:7 Mem:131.66M (Peak 153.60M) | Time:00:00.32 | Mem:105.57M, Peak:105.57M | Scene, ViewLayer | Updating Primitive Offsets
Fra:7 Mem:131.66M (Peak 153.60M) | Time:00:00.32 | Mem:105.57M, Peak:105.57M | Scene, ViewLayer | Updating Images
Fra:7 Mem:131.66M (Peak 153.60M) | Time:00:00.32 | Mem:105.57M, Peak:105.57M | Scene, ViewLayer | Updating Camera Volume
Fra:7 Mem:131.66M (Peak 153.60M) | Time:00:00.32 | Mem:105.57M, Peak:105.57M | Scene, ViewLayer | Updating Lookup Tables
Fra:7 Mem:131.66M (Peak 153.60M) | Time:00:00.32 | Mem:105.65M, Peak:105.65M | Scene, ViewLayer | Updating Lights
Fra:7 Mem:131.66M (Peak 153.60M) | Time:00:00.32 | Mem:105.65M, Peak:105.65M | Scene, ViewLayer | Updating Lights | Computing tree
Fra:7 Mem:131.67M (Peak 153.60M) | Time:00:00.32 | Mem:105.66M, Peak:105.66M | Scene, ViewLayer | Updating Integrator
Fra:7 Mem:131.67M (Peak 153.60M) | Time:00:00.32 | Mem:105.66M, Peak:105.66M | Scene, ViewLayer | Updating Film
Fra:7 Mem:131.68M (Peak 153.60M) | Time:00:00.32 | Mem:105.58M, Peak:105.66M | Scene, ViewLayer | Updating Lookup Tables
Fra:7 Mem:131.68M (Peak 153.60M) | Time:00:00.32 | Mem:105.67M, Peak:105.67M | Scene, ViewLayer | Updating Baking
Fra:7 Mem:131.68M (Peak 153.60M) | Time:00:00.32 | Mem:105.67M, Peak:105.67M | Scene, ViewLayer | Updating Device | Writing constant memory
Fra:7 Mem:131.68M (Peak 153.60M) | Time:00:00.32 | Mem:105.67M, Peak:105.67M | Scene, ViewLayer | Sample 0/16
Fra:7 Mem:137.88M (Peak 153.60M) | Time:00:00.72 | Remaining:00:06.02 | Mem:111.86M, Peak:111.86M | Scene, ViewLayer | Sample 1/16
Fra:7 Mem:140.63M (Peak 153.60M) | Time:00:06.58 | Mem:111.86M, Peak:111.86M | Scene, ViewLayer | Sample 16/16
Fra:7 Mem:140.63M (Peak 153.60M) | Time:00:06.58 | Mem:111.86M, Peak:111.86M | Scene, ViewLayer | Finished
Fra:7 Mem:28.71M (Peak 153.60M) | Time:00:06.59 | Compositing
Saved: 'work/preview-frames/messi/frame_0007.png'
Time: 00:06.67 (Saving: 00:00.04)

Fra:8 Mem:27.00M (Peak 27.00M) | Time:00:00.00 | Mem:0.00M, Peak:0.00M | Scene, ViewLayer | Synchronizing object | 柔光主灯
Fra:8 Mem:27.00M (Peak 27.00M) | Time:00:00.00 | Mem:0.00M, Peak:0.00M | Scene, ViewLayer | Synchronizing object | 内圈 · 古金细边
Fra:8 Mem:27.00M (Peak 27.00M) | Time:00:00.00 | Mem:0.00M, Peak:0.00M | Scene, ViewLayer | Synchronizing object | 正面均匀补光
Fra:8 Mem:27.00M (Peak 27.00M) | Time:00:00.00 | Mem:0.00M, Peak:0.00M | Scene, ViewLayer | Synchronizing object | 顶部金光
Fra:8 Mem:27.01M (Peak 27.01M) | Time:00:00.00 | Mem:0.00M, Peak:0.00M | Scene, ViewLayer | Synchronizing object | 主体平面 · 完整视差合成
Fra:8 Mem:27.01M (Peak 27.01M) | Time:00:00.00 | Mem:0.00M, Peak:0.00M | Scene, ViewLayer | Synchronizing object | 外圈 · 全息压边
Fra:8 Mem:27.02M (Peak 27.02M) | Time:00:00.00 | Mem:0.00M, Peak:0.00M | Scene, ViewLayer | Synchronizing object | 文字平面 · Alpha PNG
Fra:8 Mem:27.03M (Peak 27.03M) | Time:00:00.00 | Mem:0.00M, Peak:0.00M | Scene, ViewLayer | Initializing
Fra:8 Mem:27.01M (Peak 27.03M) | Time:00:00.00 | Mem:0.00M, Peak:0.00M | Scene, ViewLayer | Updating Images | Loading text.png
Fra:8 Mem:27.01M (Peak 27.03M) | Time:00:00.00 | Mem:0.00M, Peak:0.00M | Scene, ViewLayer | Updating Images | Loading subject.png
Fra:8 Mem:69.21M (Peak 90.30M) | Time:00:00.07 | Mem:21.09M, Peak:21.09M | Scene, ViewLayer | Updating Images | Loading lineart.png
Fra:8 Mem:90.31M (Peak 111.41M) | Time:00:00.14 | Mem:42.19M, Peak:42.19M | Scene, ViewLayer | Updating Images | Loading background.png
Fra:8 Mem:131.52M (Peak 153.60M) | Time:00:00.32 | Mem:105.47M, Peak:105.47M | Scene, ViewLayer | Waiting for render to start
Fra:8 Mem:131.52M (Peak 153.60M) | Time:00:00.32 | Mem:105.47M, Peak:105.47M | Scene, ViewLayer | Updating Scene
Fra:8 Mem:131.52M (Peak 153.60M) | Time:00:00.32 | Mem:105.47M, Peak:105.47M | Scene, ViewLayer | Updating Shaders
Fra:8 Mem:131.52M (Peak 153.60M) | Time:00:00.32 | Mem:105.47M, Peak:105.47M | Scene, ViewLayer | Loading render kernels (may take a few minutes the first time)
Fra:8 Mem:131.63M (Peak 153.60M) | Time:00:00.32 | Mem:105.50M, Peak:105.50M | Scene, ViewLayer | Updating Procedurals
Fra:8 Mem:131.63M (Peak 153.60M) | Time:00:00.32 | Mem:105.50M, Peak:105.50M | Scene, ViewLayer | Updating Background
Fra:8 Mem:131.63M (Peak 153.60M) | Time:00:00.32 | Mem:105.50M, Peak:105.50M | Scene, ViewLayer | Updating Camera
Fra:8 Mem:131.63M (Peak 153.60M) | Time:00:00.32 | Mem:105.50M, Peak:105.50M | Scene, ViewLayer | Updating Meshes Flags
Fra:8 Mem:131.63M (Peak 153.60M) | Time:00:00.32 | Mem:105.50M, Peak:105.50M | Scene, ViewLayer | Updating Objects
Fra:8 Mem:131.63M (Peak 153.60M) | Time:00:00.32 | Mem:105.50M, Peak:105.50M | Scene, ViewLayer | Updating Objects | Copying Transformations to device
Fra:8 Mem:131.63M (Peak 153.60M) | Time:00:00.32 | Mem:105.51M, Peak:105.51M | Scene, ViewLayer | Updating Particle Systems
Fra:8 Mem:131.63M (Peak 153.60M) | Time:00:00.32 | Mem:105.51M, Peak:105.51M | Scene, ViewLayer | Updating Particle Systems | Copying Particles to device
Fra:8 Mem:131.63M (Peak 153.60M) | Time:00:00.32 | Mem:105.51M, Peak:105.51M | Scene, ViewLayer | Updating Meshes
Fra:8 Mem:131.63M (Peak 153.60M) | Time:00:00.32 | Mem:105.51M, Peak:105.51M | Scene, ViewLayer | Updating Objects | Applying Static Transformations
Fra:8 Mem:131.63M (Peak 153.60M) | Time:00:00.32 | Mem:105.51M, Peak:105.51M | Scene, ViewLayer | Updating Mesh | Computing attributes
Fra:8 Mem:131.65M (Peak 153.60M) | Time:00:00.32 | Mem:105.51M, Peak:105.51M | Scene, ViewLayer | Updating Mesh | Copying Attributes to device
Fra:8 Mem:131.65M (Peak 153.60M) | Time:00:00.32 | Mem:105.52M, Peak:105.52M | Scene, ViewLayer | Updating Scene BVH | Building
Fra:8 Mem:131.65M (Peak 153.60M) | Time:00:00.32 | Mem:105.52M, Peak:105.52M | Scene, ViewLayer | Updating Scene BVH | Building BVH
Fra:8 Mem:131.65M (Peak 153.60M) | Time:00:00.32 | Mem:105.53M, Peak:105.53M | Scene, ViewLayer | Updating Scene BVH | Building BVH 0%
Fra:8 Mem:131.65M (Peak 153.60M) | Time:00:00.32 | Mem:105.56M, Peak:105.57M | Scene, ViewLayer | Updating Scene BVH | Copying BVH to device
Fra:8 Mem:131.65M (Peak 153.60M) | Time:00:00.32 | Mem:105.56M, Peak:105.57M | Scene, ViewLayer | Updating Mesh | Computing normals
Fra:8 Mem:131.66M (Peak 153.60M) | Time:00:00.32 | Mem:105.56M, Peak:105.57M | Scene, ViewLayer | Updating Mesh | Copying Mesh to device
Fra:8 Mem:131.66M (Peak 153.60M) | Time:00:00.32 | Mem:105.57M, Peak:105.57M | Scene, ViewLayer | Updating Objects Flags
Fra:8 Mem:131.66M (Peak 153.60M) | Time:00:00.32 | Mem:105.57M, Peak:105.57M | Scene, ViewLayer | Updating Primitive Offsets
Fra:8 Mem:131.66M (Peak 153.60M) | Time:00:00.32 | Mem:105.57M, Peak:105.57M | Scene, ViewLayer | Updating Images
Fra:8 Mem:131.66M (Peak 153.60M) | Time:00:00.32 | Mem:105.57M, Peak:105.57M | Scene, ViewLayer | Updating Camera Volume
Fra:8 Mem:131.66M (Peak 153.60M) | Time:00:00.32 | Mem:105.57M, Peak:105.57M | Scene, ViewLayer | Updating Lookup Tables
Fra:8 Mem:131.66M (Peak 153.60M) | Time:00:00.32 | Mem:105.65M, Peak:105.65M | Scene, ViewLayer | Updating Lights
Fra:8 Mem:131.66M (Peak 153.60M) | Time:00:00.32 | Mem:105.65M, Peak:105.65M | Scene, ViewLayer | Updating Lights | Computing tree
Fra:8 Mem:131.67M (Peak 153.60M) | Time:00:00.32 | Mem:105.66M, Peak:105.66M | Scene, ViewLayer | Updating Integrator
Fra:8 Mem:131.67M (Peak 153.60M) | Time:00:00.32 | Mem:105.66M, Peak:105.66M | Scene, ViewLayer | Updating Film
Fra:8 Mem:131.68M (Peak 153.60M) | Time:00:00.32 | Mem:105.58M, Peak:105.66M | Scene, ViewLayer | Updating Lookup Tables
Fra:8 Mem:131.68M (Peak 153.60M) | Time:00:00.32 | Mem:105.67M, Peak:105.67M | Scene, ViewLayer | Updating Baking
Fra:8 Mem:131.68M (Peak 153.60M) | Time:00:00.32 | Mem:105.67M, Peak:105.67M | Scene, ViewLayer | Updating Device | Writing constant memory
Fra:8 Mem:131.68M (Peak 153.60M) | Time:00:00.32 | Mem:105.67M, Peak:105.67M | Scene, ViewLayer | Sample 0/16
Fra:8 Mem:137.88M (Peak 153.60M) | Time:00:00.74 | Remaining:00:06.27 | Mem:111.86M, Peak:111.86M | Scene, ViewLayer | Sample 1/16
Fra:8 Mem:140.63M (Peak 153.60M) | Time:00:06.93 | Mem:111.86M, Peak:111.86M | Scene, ViewLayer | Sample 16/16
Fra:8 Mem:140.63M (Peak 153.60M) | Time:00:06.93 | Mem:111.86M, Peak:111.86M | Scene, ViewLayer | Finished
Fra:8 Mem:28.71M (Peak 153.60M) | Time:00:06.94 | Compositing
Saved: 'work/preview-frames/messi/frame_0008.png'
Time: 00:07.03 (Saving: 00:00.04)

Fra:9 Mem:27.00M (Peak 27.00M) | Time:00:00.00 | Mem:0.00M, Peak:0.00M | Scene, ViewLayer | Synchronizing object | 柔光主灯
Fra:9 Mem:27.00M (Peak 27.00M) | Time:00:00.00 | Mem:0.00M, Peak:0.00M | Scene, ViewLayer | Synchronizing object | 正面均匀补光
Fra:9 Mem:27.00M (Peak 27.00M) | Time:00:00.00 | Mem:0.00M, Peak:0.00M | Scene, ViewLayer | Synchronizing object | 顶部金光
Fra:9 Mem:27.00M (Peak 27.00M) | Time:00:00.00 | Mem:0.00M, Peak:0.00M | Scene, ViewLayer | Synchronizing object | 内圈 · 古金细边
Fra:9 Mem:27.00M (Peak 27.00M) | Time:00:00.00 | Mem:0.00M, Peak:0.00M | Scene, ViewLayer | Synchronizing object | 主体平面 · 完整视差合成
Fra:9 Mem:27.01M (Peak 27.01M) | Time:00:00.00 | Mem:0.00M, Peak:0.00M | Scene, ViewLayer | Synchronizing object | 外圈 · 全息压边
Fra:9 Mem:27.02M (Peak 27.02M) | Time:00:00.00 | Mem:0.00M, Peak:0.00M | Scene, ViewLayer | Synchronizing object | 文字平面 · Alpha PNG
Fra:9 Mem:27.03M (Peak 27.03M) | Time:00:00.00 | Mem:0.00M, Peak:0.00M | Scene, ViewLayer | Initializing
Fra:9 Mem:27.01M (Peak 27.03M) | Time:00:00.00 | Mem:0.00M, Peak:0.00M | Scene, ViewLayer | Updating Images | Loading text.png
Fra:9 Mem:27.01M (Peak 27.03M) | Time:00:00.00 | Mem:0.00M, Peak:0.00M | Scene, ViewLayer | Updating Images | Loading subject.png
Fra:9 Mem:69.21M (Peak 90.30M) | Time:00:00.07 | Mem:21.09M, Peak:21.09M | Scene, ViewLayer | Updating Images | Loading lineart.png
Fra:9 Mem:90.31M (Peak 111.41M) | Time:00:00.13 | Mem:42.19M, Peak:42.19M | Scene, ViewLayer | Updating Images | Loading background.png
Fra:9 Mem:131.52M (Peak 153.60M) | Time:00:00.31 | Mem:105.47M, Peak:105.47M | Scene, ViewLayer | Waiting for render to start
Fra:9 Mem:131.52M (Peak 153.60M) | Time:00:00.31 | Mem:105.47M, Peak:105.47M | Scene, ViewLayer | Updating Scene
Fra:9 Mem:131.52M (Peak 153.60M) | Time:00:00.31 | Mem:105.47M, Peak:105.47M | Scene, ViewLayer | Updating Shaders
Fra:9 Mem:131.52M (Peak 153.60M) | Time:00:00.31 | Mem:105.47M, Peak:105.47M | Scene, ViewLayer | Loading render kernels (may take a few minutes the first time)
Fra:9 Mem:131.63M (Peak 153.60M) | Time:00:00.31 | Mem:105.50M, Peak:105.50M | Scene, ViewLayer | Updating Procedurals
Fra:9 Mem:131.63M (Peak 153.60M) | Time:00:00.31 | Mem:105.50M, Peak:105.50M | Scene, ViewLayer | Updating Background
Fra:9 Mem:131.63M (Peak 153.60M) | Time:00:00.31 | Mem:105.50M, Peak:105.50M | Scene, ViewLayer | Updating Camera
Fra:9 Mem:131.63M (Peak 153.60M) | Time:00:00.31 | Mem:105.50M, Peak:105.50M | Scene, ViewLayer | Updating Meshes Flags
Fra:9 Mem:131.63M (Peak 153.60M) | Time:00:00.31 | Mem:105.50M, Peak:105.50M | Scene, ViewLayer | Updating Objects
Fra:9 Mem:131.63M (Peak 153.60M) | Time:00:00.31 | Mem:105.50M, Peak:105.50M | Scene, ViewLayer | Updating Objects | Copying Transformations to device
Fra:9 Mem:131.63M (Peak 153.60M) | Time:00:00.31 | Mem:105.51M, Peak:105.51M | Scene, ViewLayer | Updating Particle Systems
Fra:9 Mem:131.63M (Peak 153.60M) | Time:00:00.31 | Mem:105.51M, Peak:105.51M | Scene, ViewLayer | Updating Particle Systems | Copying Particles to device
Fra:9 Mem:131.64M (Peak 153.60M) | Time:00:00.31 | Mem:105.51M, Peak:105.51M | Scene, ViewLayer | Updating Meshes
Fra:9 Mem:131.64M (Peak 153.60M) | Time:00:00.31 | Mem:105.51M, Peak:105.51M | Scene, ViewLayer | Updating Objects | Applying Static Transformations
Fra:9 Mem:131.64M (Peak 153.60M) | Time:00:00.31 | Mem:105.51M, Peak:105.51M | Scene, ViewLayer | Updating Mesh | Computing attributes
Fra:9 Mem:131.65M (Peak 153.60M) | Time:00:00.31 | Mem:105.51M, Peak:105.51M | Scene, ViewLayer | Updating Mesh | Copying Attributes to device
Fra:9 Mem:131.65M (Peak 153.60M) | Time:00:00.31 | Mem:105.52M, Peak:105.52M | Scene, ViewLayer | Updating Scene BVH | Building
Fra:9 Mem:131.65M (Peak 153.60M) | Time:00:00.31 | Mem:105.52M, Peak:105.52M | Scene, ViewLayer | Updating Scene BVH | Building BVH
Fra:9 Mem:131.65M (Peak 153.60M) | Time:00:00.31 | Mem:105.53M, Peak:105.53M | Scene, ViewLayer | Updating Scene BVH | Building BVH 0%
Fra:9 Mem:131.65M (Peak 153.60M) | Time:00:00.31 | Mem:105.56M, Peak:105.57M | Scene, ViewLayer | Updating Scene BVH | Copying BVH to device
Fra:9 Mem:131.65M (Peak 153.60M) | Time:00:00.31 | Mem:105.56M, Peak:105.57M | Scene, ViewLayer | Updating Mesh | Computing normals
Fra:9 Mem:131.66M (Peak 153.60M) | Time:00:00.31 | Mem:105.56M, Peak:105.57M | Scene, ViewLayer | Updating Mesh | Copying Mesh to device
Fra:9 Mem:131.66M (Peak 153.60M) | Time:00:00.31 | Mem:105.57M, Peak:105.57M | Scene, ViewLayer | Updating Objects Flags
Fra:9 Mem:131.66M (Peak 153.60M) | Time:00:00.31 | Mem:105.57M, Peak:105.57M | Scene, ViewLayer | Updating Primitive Offsets
Fra:9 Mem:131.66M (Peak 153.60M) | Time:00:00.31 | Mem:105.57M, Peak:105.57M | Scene, ViewLayer | Updating Images
Fra:9 Mem:131.66M (Peak 153.60M) | Time:00:00.31 | Mem:105.57M, Peak:105.57M | Scene, ViewLayer | Updating Camera Volume
Fra:9 Mem:131.66M (Peak 153.60M) | Time:00:00.31 | Mem:105.57M, Peak:105.57M | Scene, ViewLayer | Updating Lookup Tables
Fra:9 Mem:131.66M (Peak 153.60M) | Time:00:00.31 | Mem:105.65M, Peak:105.65M | Scene, ViewLayer | Updating Lights
Fra:9 Mem:131.66M (Peak 153.60M) | Time:00:00.31 | Mem:105.65M, Peak:105.65M | Scene, ViewLayer | Updating Lights | Computing tree
Fra:9 Mem:131.67M (Peak 153.60M) | Time:00:00.31 | Mem:105.66M, Peak:105.66M | Scene, ViewLayer | Updating Integrator
Fra:9 Mem:131.67M (Peak 153.60M) | Time:00:00.31 | Mem:105.66M, Peak:105.66M | Scene, ViewLayer | Updating Film
Fra:9 Mem:131.68M (Peak 153.60M) | Time:00:00.32 | Mem:105.58M, Peak:105.66M | Scene, ViewLayer | Updating Lookup Tables
Fra:9 Mem:131.68M (Peak 153.60M) | Time:00:00.32 | Mem:105.67M, Peak:105.67M | Scene, ViewLayer | Updating Baking
Fra:9 Mem:131.68M (Peak 153.60M) | Time:00:00.32 | Mem:105.67M, Peak:105.67M | Scene, ViewLayer | Updating Device | Writing constant memory
Fra:9 Mem:131.68M (Peak 153.60M) | Time:00:00.32 | Mem:105.67M, Peak:105.67M | Scene, ViewLayer | Sample 0/16
Fra:9 Mem:137.88M (Peak 153.60M) | Time:00:00.74 | Remaining:00:06.33 | Mem:111.86M, Peak:111.86M | Scene, ViewLayer | Sample 1/16
Fra:9 Mem:140.63M (Peak 153.60M) | Time:00:06.98 | Mem:111.86M, Peak:111.86M | Scene, ViewLayer | Sample 16/16
Fra:9 Mem:140.63M (Peak 153.60M) | Time:00:06.98 | Mem:111.86M, Peak:111.86M | Scene, ViewLayer | Finished
Fra:9 Mem:28.71M (Peak 153.60M) | Time:00:06.99 | Compositing
Saved: 'work/preview-frames/messi/frame_0009.png'
Time: 00:07.10 (Saving: 00:00.05)

Fra:10 Mem:27.00M (Peak 27.00M) | Time:00:00.00 | Mem:0.00M, Peak:0.00M | Scene, ViewLayer | Synchronizing object | 柔光主灯
Fra:10 Mem:27.00M (Peak 27.00M) | Time:00:00.00 | Mem:0.00M, Peak:0.00M | Scene, ViewLayer | Synchronizing object | 内圈 · 古金细边
Fra:10 Mem:27.00M (Peak 27.00M) | Time:00:00.00 | Mem:0.00M, Peak:0.00M | Scene, ViewLayer | Synchronizing object | 正面均匀补光
Fra:10 Mem:27.00M (Peak 27.00M) | Time:00:00.00 | Mem:0.00M, Peak:0.00M | Scene, ViewLayer | Synchronizing object | 顶部金光
Fra:10 Mem:27.01M (Peak 27.01M) | Time:00:00.00 | Mem:0.00M, Peak:0.00M | Scene, ViewLayer | Synchronizing object | 主体平面 · 完整视差合成
Fra:10 Mem:27.01M (Peak 27.01M) | Time:00:00.00 | Mem:0.00M, Peak:0.00M | Scene, ViewLayer | Synchronizing object | 外圈 · 全息压边
Fra:10 Mem:27.02M (Peak 27.02M) | Time:00:00.00 | Mem:0.00M, Peak:0.00M | Scene, ViewLayer | Synchronizing object | 文字平面 · Alpha PNG
Fra:10 Mem:27.03M (Peak 27.03M) | Time:00:00.00 | Mem:0.00M, Peak:0.00M | Scene, ViewLayer | Initializing
Fra:10 Mem:27.01M (Peak 27.03M) | Time:00:00.00 | Mem:0.00M, Peak:0.00M | Scene, ViewLayer | Updating Images | Loading text.png
Fra:10 Mem:27.01M (Peak 27.03M) | Time:00:00.00 | Mem:0.00M, Peak:0.00M | Scene, ViewLayer | Updating Images | Loading subject.png
Fra:10 Mem:69.21M (Peak 90.30M) | Time:00:00.07 | Mem:21.09M, Peak:21.09M | Scene, ViewLayer | Updating Images | Loading lineart.png
Fra:10 Mem:90.31M (Peak 111.41M) | Time:00:00.14 | Mem:42.19M, Peak:42.19M | Scene, ViewLayer | Updating Images | Loading background.png
Fra:10 Mem:131.52M (Peak 153.60M) | Time:00:00.32 | Mem:105.47M, Peak:105.47M | Scene, ViewLayer | Waiting for render to start
Fra:10 Mem:131.52M (Peak 153.60M) | Time:00:00.32 | Mem:105.47M, Peak:105.47M | Scene, ViewLayer | Updating Scene
Fra:10 Mem:131.52M (Peak 153.60M) | Time:00:00.32 | Mem:105.47M, Peak:105.47M | Scene, ViewLayer | Updating Shaders
Fra:10 Mem:131.52M (Peak 153.60M) | Time:00:00.32 | Mem:105.47M, Peak:105.47M | Scene, ViewLayer | Loading render kernels (may take a few minutes the first time)
Fra:10 Mem:131.63M (Peak 153.60M) | Time:00:00.32 | Mem:105.50M, Peak:105.50M | Scene, ViewLayer | Updating Procedurals
Fra:10 Mem:131.63M (Peak 153.60M) | Time:00:00.32 | Mem:105.50M, Peak:105.50M | Scene, ViewLayer | Updating Background
Fra:10 Mem:131.63M (Peak 153.60M) | Time:00:00.32 | Mem:105.50M, Peak:105.50M | Scene, ViewLayer | Updating Camera
Fra:10 Mem:131.63M (Peak 153.60M) | Time:00:00.32 | Mem:105.50M, Peak:105.50M | Scene, ViewLayer | Updating Meshes Flags
Fra:10 Mem:131.63M (Peak 153.60M) | Time:00:00.32 | Mem:105.50M, Peak:105.50M | Scene, ViewLayer | Updating Objects
Fra:10 Mem:131.63M (Peak 153.60M) | Time:00:00.32 | Mem:105.50M, Peak:105.50M | Scene, ViewLayer | Updating Objects | Copying Transformations to device
Fra:10 Mem:131.64M (Peak 153.60M) | Time:00:00.32 | Mem:105.51M, Peak:105.51M | Scene, ViewLayer | Updating Particle Systems
Fra:10 Mem:131.64M (Peak 153.60M) | Time:00:00.32 | Mem:105.51M, Peak:105.51M | Scene, ViewLayer | Updating Particle Systems | Copying Particles to device
Fra:10 Mem:131.64M (Peak 153.60M) | Time:00:00.32 | Mem:105.51M, Peak:105.51M | Scene, ViewLayer | Updating Meshes
Fra:10 Mem:131.64M (Peak 153.60M) | Time:00:00.32 | Mem:105.51M, Peak:105.51M | Scene, ViewLayer | Updating Objects | Applying Static Transformations
Fra:10 Mem:131.64M (Peak 153.60M) | Time:00:00.32 | Mem:105.51M, Peak:105.51M | Scene, ViewLayer | Updating Mesh | Computing attributes
Fra:10 Mem:131.65M (Peak 153.60M) | Time:00:00.32 | Mem:105.51M, Peak:105.51M | Scene, ViewLayer | Updating Mesh | Copying Attributes to device
Fra:10 Mem:131.65M (Peak 153.60M) | Time:00:00.32 | Mem:105.52M, Peak:105.52M | Scene, ViewLayer | Updating Scene BVH | Building
Fra:10 Mem:131.65M (Peak 153.60M) | Time:00:00.32 | Mem:105.52M, Peak:105.52M | Scene, ViewLayer | Updating Scene BVH | Building BVH
Fra:10 Mem:131.65M (Peak 153.60M) | Time:00:00.32 | Mem:105.53M, Peak:105.53M | Scene, ViewLayer | Updating Scene BVH | Building BVH 0%
Fra:10 Mem:131.65M (Peak 153.60M) | Time:00:00.32 | Mem:105.56M, Peak:105.57M | Scene, ViewLayer | Updating Scene BVH | Copying BVH to device
Fra:10 Mem:131.65M (Peak 153.60M) | Time:00:00.32 | Mem:105.56M, Peak:105.57M | Scene, ViewLayer | Updating Mesh | Computing normals
Fra:10 Mem:131.66M (Peak 153.60M) | Time:00:00.32 | Mem:105.56M, Peak:105.57M | Scene, ViewLayer | Updating Mesh | Copying Mesh to device
Fra:10 Mem:131.66M (Peak 153.60M) | Time:00:00.32 | Mem:105.57M, Peak:105.57M | Scene, ViewLayer | Updating Objects Flags
Fra:10 Mem:131.66M (Peak 153.60M) | Time:00:00.32 | Mem:105.57M, Peak:105.57M | Scene, ViewLayer | Updating Primitive Offsets
Fra:10 Mem:131.66M (Peak 153.60M) | Time:00:00.32 | Mem:105.57M, Peak:105.57M | Scene, ViewLayer | Updating Images
Fra:10 Mem:131.66M (Peak 153.60M) | Time:00:00.32 | Mem:105.57M, Peak:105.57M | Scene, ViewLayer | Updating Camera Volume
Fra:10 Mem:131.66M (Peak 153.60M) | Time:00:00.32 | Mem:105.57M, Peak:105.57M | Scene, ViewLayer | Updating Lookup Tables
Fra:10 Mem:131.66M (Peak 153.60M) | Time:00:00.32 | Mem:105.65M, Peak:105.65M | Scene, ViewLayer | Updating Lights
Fra:10 Mem:131.66M (Peak 153.60M) | Time:00:00.32 | Mem:105.65M, Peak:105.65M | Scene, ViewLayer | Updating Lights | Computing tree
Fra:10 Mem:131.67M (Peak 153.60M) | Time:00:00.32 | Mem:105.66M, Peak:105.66M | Scene, ViewLayer | Updating Integrator
Fra:10 Mem:131.67M (Peak 153.60M) | Time:00:00.32 | Mem:105.66M, Peak:105.66M | Scene, ViewLayer | Updating Film
Fra:10 Mem:131.68M (Peak 153.60M) | Time:00:00.32 | Mem:105.58M, Peak:105.66M | Scene, ViewLayer | Updating Lookup Tables
Fra:10 Mem:131.68M (Peak 153.60M) | Time:00:00.32 | Mem:105.67M, Peak:105.67M | Scene, ViewLayer | Updating Baking
Fra:10 Mem:131.68M (Peak 153.60M) | Time:00:00.32 | Mem:105.67M, Peak:105.67M | Scene, ViewLayer | Updating Device | Writing constant memory
Fra:10 Mem:131.68M (Peak 153.60M) | Time:00:00.32 | Mem:105.67M, Peak:105.67M | Scene, ViewLayer | Sample 0/16
Fra:10 Mem:137.88M (Peak 153.60M) | Time:00:00.76 | Remaining:00:06.52 | Mem:111.86M, Peak:111.86M | Scene, ViewLayer | Sample 1/16
Fra:10 Mem:140.63M (Peak 153.60M) | Time:00:07.11 | Mem:111.86M, Peak:111.86M | Scene, ViewLayer | Sample 16/16
Fra:10 Mem:140.63M (Peak 153.60M) | Time:00:07.11 | Mem:111.86M, Peak:111.86M | Scene, ViewLayer | Finished
Fra:10 Mem:28.71M (Peak 153.60M) | Time:00:07.12 | Compositing
Saved: 'work/preview-frames/messi/frame_0010.png'
Time: 00:07.21 (Saving: 00:00.04)

Fra:11 Mem:27.00M (Peak 27.00M) | Time:00:00.00 | Mem:0.00M, Peak:0.00M | Scene, ViewLayer | Synchronizing object | 柔光主灯
Fra:11 Mem:27.00M (Peak 27.00M) | Time:00:00.00 | Mem:0.00M, Peak:0.00M | Scene, ViewLayer | Synchronizing object | 内圈 · 古金细边
Fra:11 Mem:27.00M (Peak 27.00M) | Time:00:00.00 | Mem:0.00M, Peak:0.00M | Scene, ViewLayer | Synchronizing object | 正面均匀补光
Fra:11 Mem:27.00M (Peak 27.00M) | Time:00:00.00 | Mem:0.00M, Peak:0.00M | Scene, ViewLayer | Synchronizing object | 顶部金光
Fra:11 Mem:27.01M (Peak 27.01M) | Time:00:00.00 | Mem:0.00M, Peak:0.00M | Scene, ViewLayer | Synchronizing object | 主体平面 · 完整视差合成
Fra:11 Mem:27.01M (Peak 27.01M) | Time:00:00.00 | Mem:0.00M, Peak:0.00M | Scene, ViewLayer | Synchronizing object | 外圈 · 全息压边
Fra:11 Mem:27.02M (Peak 27.02M) | Time:00:00.00 | Mem:0.00M, Peak:0.00M | Scene, ViewLayer | Synchronizing object | 文字平面 · Alpha PNG
Fra:11 Mem:27.03M (Peak 27.03M) | Time:00:00.00 | Mem:0.00M, Peak:0.00M | Scene, ViewLayer | Initializing
Fra:11 Mem:27.01M (Peak 27.03M) | Time:00:00.00 | Mem:0.00M, Peak:0.00M | Scene, ViewLayer | Updating Images | Loading text.png
Fra:11 Mem:27.01M (Peak 27.03M) | Time:00:00.00 | Mem:0.00M, Peak:0.00M | Scene, ViewLayer | Updating Images | Loading subject.png
Fra:11 Mem:69.21M (Peak 90.30M) | Time:00:00.07 | Mem:21.09M, Peak:21.09M | Scene, ViewLayer | Updating Images | Loading lineart.png
Fra:11 Mem:90.31M (Peak 111.41M) | Time:00:00.14 | Mem:42.19M, Peak:42.19M | Scene, ViewLayer | Updating Images | Loading background.png
Fra:11 Mem:131.52M (Peak 153.60M) | Time:00:00.33 | Mem:105.47M, Peak:105.47M | Scene, ViewLayer | Waiting for render to start
Fra:11 Mem:131.52M (Peak 153.60M) | Time:00:00.33 | Mem:105.47M, Peak:105.47M | Scene, ViewLayer | Updating Scene
Fra:11 Mem:131.52M (Peak 153.60M) | Time:00:00.33 | Mem:105.47M, Peak:105.47M | Scene, ViewLayer | Updating Shaders
Fra:11 Mem:131.52M (Peak 153.60M) | Time:00:00.33 | Mem:105.47M, Peak:105.47M | Scene, ViewLayer | Loading render kernels (may take a few minutes the first time)
Fra:11 Mem:131.63M (Peak 153.60M) | Time:00:00.33 | Mem:105.50M, Peak:105.50M | Scene, ViewLayer | Updating Procedurals
Fra:11 Mem:131.63M (Peak 153.60M) | Time:00:00.33 | Mem:105.50M, Peak:105.50M | Scene, ViewLayer | Updating Background
Fra:11 Mem:131.63M (Peak 153.60M) | Time:00:00.33 | Mem:105.50M, Peak:105.50M | Scene, ViewLayer | Updating Camera
Fra:11 Mem:131.63M (Peak 153.60M) | Time:00:00.33 | Mem:105.50M, Peak:105.50M | Scene, ViewLayer | Updating Meshes Flags
Fra:11 Mem:131.63M (Peak 153.60M) | Time:00:00.33 | Mem:105.50M, Peak:105.50M | Scene, ViewLayer | Updating Objects
Fra:11 Mem:131.63M (Peak 153.60M) | Time:00:00.33 | Mem:105.50M, Peak:105.50M | Scene, ViewLayer | Updating Objects | Copying Transformations to device
Fra:11 Mem:131.64M (Peak 153.60M) | Time:00:00.33 | Mem:105.51M, Peak:105.51M | Scene, ViewLayer | Updating Particle Systems
Fra:11 Mem:131.64M (Peak 153.60M) | Time:00:00.33 | Mem:105.51M, Peak:105.51M | Scene, ViewLayer | Updating Particle Systems | Copying Particles to device
Fra:11 Mem:131.64M (Peak 153.60M) | Time:00:00.33 | Mem:105.51M, Peak:105.51M | Scene, ViewLayer | Updating Meshes
Fra:11 Mem:131.64M (Peak 153.60M) | Time:00:00.33 | Mem:105.51M, Peak:105.51M | Scene, ViewLayer | Updating Objects | Applying Static Transformations
Fra:11 Mem:131.64M (Peak 153.60M) | Time:00:00.33 | Mem:105.51M, Peak:105.51M | Scene, ViewLayer | Updating Mesh | Computing attributes
Fra:11 Mem:131.65M (Peak 153.60M) | Time:00:00.33 | Mem:105.51M, Peak:105.51M | Scene, ViewLayer | Updating Mesh | Copying Attributes to device
Fra:11 Mem:131.65M (Peak 153.60M) | Time:00:00.33 | Mem:105.52M, Peak:105.52M | Scene, ViewLayer | Updating Scene BVH | Building
Fra:11 Mem:131.65M (Peak 153.60M) | Time:00:00.33 | Mem:105.52M, Peak:105.52M | Scene, ViewLayer | Updating Scene BVH | Building BVH
Fra:11 Mem:131.65M (Peak 153.60M) | Time:00:00.33 | Mem:105.53M, Peak:105.53M | Scene, ViewLayer | Updating Scene BVH | Building BVH 0%
Fra:11 Mem:131.65M (Peak 153.60M) | Time:00:00.33 | Mem:105.55M, Peak:105.57M | Scene, ViewLayer | Updating Scene BVH | Copying BVH to device
Fra:11 Mem:131.65M (Peak 153.60M) | Time:00:00.33 | Mem:105.55M, Peak:105.57M | Scene, ViewLayer | Updating Mesh | Computing normals
Fra:11 Mem:131.66M (Peak 153.60M) | Time:00:00.33 | Mem:105.55M, Peak:105.57M | Scene, ViewLayer | Updating Mesh | Copying Mesh to device
Fra:11 Mem:131.66M (Peak 153.60M) | Time:00:00.33 | Mem:105.57M, Peak:105.57M | Scene, ViewLayer | Updating Objects Flags
Fra:11 Mem:131.66M (Peak 153.60M) | Time:00:00.33 | Mem:105.57M, Peak:105.57M | Scene, ViewLayer | Updating Primitive Offsets
Fra:11 Mem:131.66M (Peak 153.60M) | Time:00:00.33 | Mem:105.57M, Peak:105.57M | Scene, ViewLayer | Updating Images
Fra:11 Mem:131.66M (Peak 153.60M) | Time:00:00.33 | Mem:105.57M, Peak:105.57M | Scene, ViewLayer | Updating Camera Volume
Fra:11 Mem:131.66M (Peak 153.60M) | Time:00:00.33 | Mem:105.57M, Peak:105.57M | Scene, ViewLayer | Updating Lookup Tables
Fra:11 Mem:131.66M (Peak 153.60M) | Time:00:00.33 | Mem:105.65M, Peak:105.65M | Scene, ViewLayer | Updating Lights
Fra:11 Mem:131.66M (Peak 153.60M) | Time:00:00.33 | Mem:105.65M, Peak:105.65M | Scene, ViewLayer | Updating Lights | Computing tree
Fra:11 Mem:131.67M (Peak 153.60M) | Time:00:00.33 | Mem:105.66M, Peak:105.66M | Scene, ViewLayer | Updating Integrator
Fra:11 Mem:131.67M (Peak 153.60M) | Time:00:00.33 | Mem:105.66M, Peak:105.66M | Scene, ViewLayer | Updating Film
Fra:11 Mem:131.68M (Peak 153.60M) | Time:00:00.33 | Mem:105.58M, Peak:105.66M | Scene, ViewLayer | Updating Lookup Tables
Fra:11 Mem:131.68M (Peak 153.60M) | Time:00:00.33 | Mem:105.67M, Peak:105.67M | Scene, ViewLayer | Updating Baking
Fra:11 Mem:131.68M (Peak 153.60M) | Time:00:00.33 | Mem:105.67M, Peak:105.67M | Scene, ViewLayer | Updating Device | Writing constant memory
Fra:11 Mem:131.68M (Peak 153.60M) | Time:00:00.33 | Mem:105.67M, Peak:105.67M | Scene, ViewLayer | Sample 0/16
Fra:11 Mem:137.88M (Peak 153.60M) | Time:00:00.77 | Remaining:00:06.51 | Mem:111.86M, Peak:111.86M | Scene, ViewLayer | Sample 1/16
Fra:11 Mem:140.63M (Peak 153.60M) | Time:00:07.44 | Mem:111.86M, Peak:111.86M | Scene, ViewLayer | Sample 16/16
Fra:11 Mem:140.63M (Peak 153.60M) | Time:00:07.44 | Mem:111.86M, Peak:111.86M | Scene, ViewLayer | Finished
Fra:11 Mem:28.71M (Peak 153.60M) | Time:00:07.44 | Compositing
Saved: 'work/preview-frames/messi/frame_0011.png'
Time: 00:07.53 (Saving: 00:00.04)

Fra:12 Mem:27.00M (Peak 27.00M) | Time:00:00.00 | Mem:0.00M, Peak:0.00M | Scene, ViewLayer | Synchronizing object | 柔光主灯
Fra:12 Mem:27.00M (Peak 27.00M) | Time:00:00.00 | Mem:0.00M, Peak:0.00M | Scene, ViewLayer | Synchronizing object | 内圈 · 古金细边
Fra:12 Mem:27.00M (Peak 27.00M) | Time:00:00.00 | Mem:0.00M, Peak:0.00M | Scene, ViewLayer | Synchronizing object | 正面均匀补光
Fra:12 Mem:27.00M (Peak 27.00M) | Time:00:00.00 | Mem:0.00M, Peak:0.00M | Scene, ViewLayer | Synchronizing object | 顶部金光
Fra:12 Mem:27.00M (Peak 27.00M) | Time:00:00.00 | Mem:0.00M, Peak:0.00M | Scene, ViewLayer | Synchronizing object | 主体平面 · 完整视差合成
Fra:12 Mem:27.01M (Peak 27.01M) | Time:00:00.00 | Mem:0.00M, Peak:0.00M | Scene, ViewLayer | Synchronizing object | 外圈 · 全息压边
Fra:12 Mem:27.02M (Peak 27.02M) | Time:00:00.00 | Mem:0.00M, Peak:0.00M | Scene, ViewLayer | Synchronizing object | 文字平面 · Alpha PNG
Fra:12 Mem:27.03M (Peak 27.03M) | Time:00:00.00 | Mem:0.00M, Peak:0.00M | Scene, ViewLayer | Initializing
Fra:12 Mem:27.01M (Peak 27.03M) | Time:00:00.00 | Mem:0.00M, Peak:0.00M | Scene, ViewLayer | Updating Images | Loading text.png
Fra:12 Mem:27.01M (Peak 27.03M) | Time:00:00.00 | Mem:0.00M, Peak:0.00M | Scene, ViewLayer | Updating Images | Loading subject.png
Fra:12 Mem:69.21M (Peak 90.30M) | Time:00:00.08 | Mem:21.09M, Peak:21.09M | Scene, ViewLayer | Updating Images | Loading lineart.png
Fra:12 Mem:90.31M (Peak 111.41M) | Time:00:00.14 | Mem:42.19M, Peak:42.19M | Scene, ViewLayer | Updating Images | Loading background.png
Fra:12 Mem:131.52M (Peak 153.60M) | Time:00:00.33 | Mem:105.47M, Peak:105.47M | Scene, ViewLayer | Waiting for render to start
Fra:12 Mem:131.52M (Peak 153.60M) | Time:00:00.33 | Mem:105.47M, Peak:105.47M | Scene, ViewLayer | Updating Scene
Fra:12 Mem:131.52M (Peak 153.60M) | Time:00:00.33 | Mem:105.47M, Peak:105.47M | Scene, ViewLayer | Updating Shaders
Fra:12 Mem:131.52M (Peak 153.60M) | Time:00:00.33 | Mem:105.47M, Peak:105.47M | Scene, ViewLayer | Loading render kernels (may take a few minutes the first time)
Fra:12 Mem:131.63M (Peak 153.60M) | Time:00:00.33 | Mem:105.50M, Peak:105.50M | Scene, ViewLayer | Updating Procedurals
Fra:12 Mem:131.63M (Peak 153.60M) | Time:00:00.33 | Mem:105.50M, Peak:105.50M | Scene, ViewLayer | Updating Background
Fra:12 Mem:131.63M (Peak 153.60M) | Time:00:00.33 | Mem:105.50M, Peak:105.50M | Scene, ViewLayer | Updating Camera
Fra:12 Mem:131.63M (Peak 153.60M) | Time:00:00.33 | Mem:105.50M, Peak:105.50M | Scene, ViewLayer | Updating Meshes Flags
Fra:12 Mem:131.63M (Peak 153.60M) | Time:00:00.33 | Mem:105.50M, Peak:105.50M | Scene, ViewLayer | Updating Objects
Fra:12 Mem:131.63M (Peak 153.60M) | Time:00:00.33 | Mem:105.50M, Peak:105.50M | Scene, ViewLayer | Updating Objects | Copying Transformations to device
Fra:12 Mem:131.64M (Peak 153.60M) | Time:00:00.33 | Mem:105.51M, Peak:105.51M | Scene, ViewLayer | Updating Particle Systems
Fra:12 Mem:131.64M (Peak 153.60M) | Time:00:00.33 | Mem:105.51M, Peak:105.51M | Scene, ViewLayer | Updating Particle Systems | Copying Particles to device
Fra:12 Mem:131.64M (Peak 153.60M) | Time:00:00.33 | Mem:105.51M, Peak:105.51M | Scene, ViewLayer | Updating Meshes
Fra:12 Mem:131.64M (Peak 153.60M) | Time:00:00.33 | Mem:105.51M, Peak:105.51M | Scene, ViewLayer | Updating Objects | Applying Static Transformations
Fra:12 Mem:131.64M (Peak 153.60M) | Time:00:00.33 | Mem:105.51M, Peak:105.51M | Scene, ViewLayer | Updating Mesh | Computing attributes
Fra:12 Mem:131.65M (Peak 153.60M) | Time:00:00.33 | Mem:105.51M, Peak:105.51M | Scene, ViewLayer | Updating Mesh | Copying Attributes to device
Fra:12 Mem:131.65M (Peak 153.60M) | Time:00:00.33 | Mem:105.52M, Peak:105.52M | Scene, ViewLayer | Updating Scene BVH | Building
Fra:12 Mem:131.65M (Peak 153.60M) | Time:00:00.33 | Mem:105.52M, Peak:105.52M | Scene, ViewLayer | Updating Scene BVH | Building BVH
Fra:12 Mem:131.65M (Peak 153.60M) | Time:00:00.33 | Mem:105.53M, Peak:105.53M | Scene, ViewLayer | Updating Scene BVH | Building BVH 0%
Fra:12 Mem:131.65M (Peak 153.60M) | Time:00:00.33 | Mem:105.56M, Peak:105.57M | Scene, ViewLayer | Updating Scene BVH | Copying BVH to device
Fra:12 Mem:131.65M (Peak 153.60M) | Time:00:00.33 | Mem:105.56M, Peak:105.57M | Scene, ViewLayer | Updating Mesh | Computing normals
Fra:12 Mem:131.66M (Peak 153.60M) | Time:00:00.33 | Mem:105.56M, Peak:105.57M | Scene, ViewLayer | Updating Mesh | Copying Mesh to device
Fra:12 Mem:131.66M (Peak 153.60M) | Time:00:00.33 | Mem:105.57M, Peak:105.57M | Scene, ViewLayer | Updating Objects Flags
Fra:12 Mem:131.66M (Peak 153.60M) | Time:00:00.33 | Mem:105.57M, Peak:105.57M | Scene, ViewLayer | Updating Primitive Offsets
Fra:12 Mem:131.66M (Peak 153.60M) | Time:00:00.33 | Mem:105.57M, Peak:105.57M | Scene, ViewLayer | Updating Images
Fra:12 Mem:131.66M (Peak 153.60M) | Time:00:00.33 | Mem:105.57M, Peak:105.57M | Scene, ViewLayer | Updating Camera Volume
Fra:12 Mem:131.66M (Peak 153.60M) | Time:00:00.33 | Mem:105.57M, Peak:105.57M | Scene, ViewLayer | Updating Lookup Tables
Fra:12 Mem:131.66M (Peak 153.60M) | Time:00:00.33 | Mem:105.65M, Peak:105.65M | Scene, ViewLayer | Updating Lights
Fra:12 Mem:131.66M (Peak 153.60M) | Time:00:00.33 | Mem:105.65M, Peak:105.65M | Scene, ViewLayer | Updating Lights | Computing tree
Fra:12 Mem:131.67M (Peak 153.60M) | Time:00:00.33 | Mem:105.66M, Peak:105.66M | Scene, ViewLayer | Updating Integrator
Fra:12 Mem:131.67M (Peak 153.60M) | Time:00:00.33 | Mem:105.66M, Peak:105.66M | Scene, ViewLayer | Updating Film
Fra:12 Mem:131.68M (Peak 153.60M) | Time:00:00.33 | Mem:105.58M, Peak:105.66M | Scene, ViewLayer | Updating Lookup Tables
Fra:12 Mem:131.68M (Peak 153.60M) | Time:00:00.33 | Mem:105.67M, Peak:105.67M | Scene, ViewLayer | Updating Baking
Fra:12 Mem:131.68M (Peak 153.60M) | Time:00:00.33 | Mem:105.67M, Peak:105.67M | Scene, ViewLayer | Updating Device | Writing constant memory
Fra:12 Mem:131.68M (Peak 153.60M) | Time:00:00.33 | Mem:105.67M, Peak:105.67M | Scene, ViewLayer | Sample 0/16
Fra:12 Mem:137.88M (Peak 153.60M) | Time:00:00.75 | Remaining:00:06.37 | Mem:111.86M, Peak:111.86M | Scene, ViewLayer | Sample 1/16
Fra:12 Mem:140.63M (Peak 153.60M) | Time:00:06.98 | Mem:111.86M, Peak:111.86M | Scene, ViewLayer | Sample 16/16
Fra:12 Mem:140.63M (Peak 153.60M) | Time:00:06.98 | Mem:111.86M, Peak:111.86M | Scene, ViewLayer | Finished
Fra:12 Mem:28.71M (Peak 153.60M) | Time:00:06.99 | Compositing
Saved: 'work/preview-frames/messi/frame_0012.png'
Time: 00:07.07 (Saving: 00:00.03)

Fra:13 Mem:27.00M (Peak 27.00M) | Time:00:00.00 | Mem:0.00M, Peak:0.00M | Scene, ViewLayer | Synchronizing object | 柔光主灯
Fra:13 Mem:27.00M (Peak 27.00M) | Time:00:00.00 | Mem:0.00M, Peak:0.00M | Scene, ViewLayer | Synchronizing object | 内圈 · 古金细边
Fra:13 Mem:27.00M (Peak 27.00M) | Time:00:00.00 | Mem:0.00M, Peak:0.00M | Scene, ViewLayer | Synchronizing object | 正面均匀补光
Fra:13 Mem:27.00M (Peak 27.00M) | Time:00:00.00 | Mem:0.00M, Peak:0.00M | Scene, ViewLayer | Synchronizing object | 顶部金光
Fra:13 Mem:27.01M (Peak 27.01M) | Time:00:00.00 | Mem:0.00M, Peak:0.00M | Scene, ViewLayer | Synchronizing object | 主体平面 · 完整视差合成
Fra:13 Mem:27.01M (Peak 27.01M) | Time:00:00.00 | Mem:0.00M, Peak:0.00M | Scene, ViewLayer | Synchronizing object | 外圈 · 全息压边
Fra:13 Mem:27.02M (Peak 27.02M) | Time:00:00.00 | Mem:0.00M, Peak:0.00M | Scene, ViewLayer | Synchronizing object | 文字平面 · Alpha PNG
Fra:13 Mem:27.03M (Peak 27.03M) | Time:00:00.00 | Mem:0.00M, Peak:0.00M | Scene, ViewLayer | Initializing
Fra:13 Mem:27.01M (Peak 27.03M) | Time:00:00.00 | Mem:0.00M, Peak:0.00M | Scene, ViewLayer | Updating Images | Loading text.png
Fra:13 Mem:27.01M (Peak 27.03M) | Time:00:00.00 | Mem:0.00M, Peak:0.00M | Scene, ViewLayer | Updating Images | Loading subject.png
Fra:13 Mem:69.21M (Peak 90.30M) | Time:00:00.07 | Mem:21.09M, Peak:21.09M | Scene, ViewLayer | Updating Images | Loading lineart.png
Fra:13 Mem:90.31M (Peak 111.41M) | Time:00:00.14 | Mem:42.19M, Peak:42.19M | Scene, ViewLayer | Updating Images | Loading background.png
Fra:13 Mem:131.52M (Peak 153.60M) | Time:00:00.32 | Mem:105.47M, Peak:105.47M | Scene, ViewLayer | Waiting for render to start
Fra:13 Mem:131.52M (Peak 153.60M) | Time:00:00.32 | Mem:105.47M, Peak:105.47M | Scene, ViewLayer | Updating Scene
Fra:13 Mem:131.52M (Peak 153.60M) | Time:00:00.32 | Mem:105.47M, Peak:105.47M | Scene, ViewLayer | Updating Shaders
Fra:13 Mem:131.52M (Peak 153.60M) | Time:00:00.32 | Mem:105.47M, Peak:105.47M | Scene, ViewLayer | Loading render kernels (may take a few minutes the first time)
Fra:13 Mem:131.63M (Peak 153.60M) | Time:00:00.32 | Mem:105.50M, Peak:105.50M | Scene, ViewLayer | Updating Procedurals
Fra:13 Mem:131.63M (Peak 153.60M) | Time:00:00.32 | Mem:105.50M, Peak:105.50M | Scene, ViewLayer | Updating Background
Fra:13 Mem:131.63M (Peak 153.60M) | Time:00:00.32 | Mem:105.50M, Peak:105.50M | Scene, ViewLayer | Updating Camera
Fra:13 Mem:131.63M (Peak 153.60M) | Time:00:00.32 | Mem:105.50M, Peak:105.50M | Scene, ViewLayer | Updating Meshes Flags
Fra:13 Mem:131.63M (Peak 153.60M) | Time:00:00.32 | Mem:105.50M, Peak:105.50M | Scene, ViewLayer | Updating Objects
Fra:13 Mem:131.63M (Peak 153.60M) | Time:00:00.32 | Mem:105.50M, Peak:105.50M | Scene, ViewLayer | Updating Objects | Copying Transformations to device
Fra:13 Mem:131.64M (Peak 153.60M) | Time:00:00.32 | Mem:105.51M, Peak:105.51M | Scene, ViewLayer | Updating Particle Systems
Fra:13 Mem:131.64M (Peak 153.60M) | Time:00:00.32 | Mem:105.51M, Peak:105.51M | Scene, ViewLayer | Updating Particle Systems | Copying Particles to device
Fra:13 Mem:131.64M (Peak 153.60M) | Time:00:00.32 | Mem:105.51M, Peak:105.51M | Scene, ViewLayer | Updating Meshes
Fra:13 Mem:131.64M (Peak 153.60M) | Time:00:00.32 | Mem:105.51M, Peak:105.51M | Scene, ViewLayer | Updating Objects | Applying Static Transformations
Fra:13 Mem:131.64M (Peak 153.60M) | Time:00:00.32 | Mem:105.51M, Peak:105.51M | Scene, ViewLayer | Updating Mesh | Computing attributes
Fra:13 Mem:131.65M (Peak 153.60M) | Time:00:00.32 | Mem:105.51M, Peak:105.51M | Scene, ViewLayer | Updating Mesh | Copying Attributes to device
Fra:13 Mem:131.65M (Peak 153.60M) | Time:00:00.32 | Mem:105.52M, Peak:105.52M | Scene, ViewLayer | Updating Scene BVH | Building
Fra:13 Mem:131.65M (Peak 153.60M) | Time:00:00.32 | Mem:105.52M, Peak:105.52M | Scene, ViewLayer | Updating Scene BVH | Building BVH
Fra:13 Mem:131.65M (Peak 153.60M) | Time:00:00.32 | Mem:105.53M, Peak:105.53M | Scene, ViewLayer | Updating Scene BVH | Building BVH 0%
Fra:13 Mem:131.65M (Peak 153.60M) | Time:00:00.32 | Mem:105.56M, Peak:105.57M | Scene, ViewLayer | Updating Scene BVH | Copying BVH to device
Fra:13 Mem:131.65M (Peak 153.60M) | Time:00:00.32 | Mem:105.56M, Peak:105.57M | Scene, ViewLayer | Updating Mesh | Computing normals
Fra:13 Mem:131.66M (Peak 153.60M) | Time:00:00.32 | Mem:105.56M, Peak:105.57M | Scene, ViewLayer | Updating Mesh | Copying Mesh to device
Fra:13 Mem:131.66M (Peak 153.60M) | Time:00:00.32 | Mem:105.57M, Peak:105.57M | Scene, ViewLayer | Updating Objects Flags
Fra:13 Mem:131.66M (Peak 153.60M) | Time:00:00.32 | Mem:105.57M, Peak:105.57M | Scene, ViewLayer | Updating Primitive Offsets
Fra:13 Mem:131.66M (Peak 153.60M) | Time:00:00.32 | Mem:105.57M, Peak:105.57M | Scene, ViewLayer | Updating Images
Fra:13 Mem:131.66M (Peak 153.60M) | Time:00:00.32 | Mem:105.57M, Peak:105.57M | Scene, ViewLayer | Updating Camera Volume
Fra:13 Mem:131.66M (Peak 153.60M) | Time:00:00.32 | Mem:105.57M, Peak:105.57M | Scene, ViewLayer | Updating Lookup Tables
Fra:13 Mem:131.66M (Peak 153.60M) | Time:00:00.32 | Mem:105.65M, Peak:105.65M | Scene, ViewLayer | Updating Lights
Fra:13 Mem:131.66M (Peak 153.60M) | Time:00:00.32 | Mem:105.65M, Peak:105.65M | Scene, ViewLayer | Updating Lights | Computing tree
Fra:13 Mem:131.67M (Peak 153.60M) | Time:00:00.32 | Mem:105.66M, Peak:105.66M | Scene, ViewLayer | Updating Integrator
Fra:13 Mem:131.67M (Peak 153.60M) | Time:00:00.32 | Mem:105.66M, Peak:105.66M | Scene, ViewLayer | Updating Film
Fra:13 Mem:131.68M (Peak 153.60M) | Time:00:00.32 | Mem:105.58M, Peak:105.66M | Scene, ViewLayer | Updating Lookup Tables
Fra:13 Mem:131.68M (Peak 153.60M) | Time:00:00.32 | Mem:105.67M, Peak:105.67M | Scene, ViewLayer | Updating Baking
Fra:13 Mem:131.68M (Peak 153.60M) | Time:00:00.32 | Mem:105.67M, Peak:105.67M | Scene, ViewLayer | Updating Device | Writing constant memory
Fra:13 Mem:131.68M (Peak 153.60M) | Time:00:00.32 | Mem:105.67M, Peak:105.67M | Scene, ViewLayer | Sample 0/16
Fra:13 Mem:137.88M (Peak 153.60M) | Time:00:00.75 | Remaining:00:06.35 | Mem:111.86M, Peak:111.86M | Scene, ViewLayer | Sample 1/16
Fra:13 Mem:140.63M (Peak 153.60M) | Time:00:07.00 | Mem:111.86M, Peak:111.86M | Scene, ViewLayer | Sample 16/16
Fra:13 Mem:140.63M (Peak 153.60M) | Time:00:07.00 | Mem:111.86M, Peak:111.86M | Scene, ViewLayer | Finished
Fra:13 Mem:28.71M (Peak 153.60M) | Time:00:07.00 | Compositing
Saved: 'work/preview-frames/messi/frame_0013.png'
Time: 00:07.09 (Saving: 00:00.04)

Fra:14 Mem:27.00M (Peak 27.00M) | Time:00:00.00 | Mem:0.00M, Peak:0.00M | Scene, ViewLayer | Synchronizing object | 柔光主灯
Fra:14 Mem:27.00M (Peak 27.00M) | Time:00:00.00 | Mem:0.00M, Peak:0.00M | Scene, ViewLayer | Synchronizing object | 内圈 · 古金细边
Fra:14 Mem:27.00M (Peak 27.00M) | Time:00:00.00 | Mem:0.00M, Peak:0.00M | Scene, ViewLayer | Synchronizing object | 正面均匀补光
Fra:14 Mem:27.00M (Peak 27.00M) | Time:00:00.00 | Mem:0.00M, Peak:0.00M | Scene, ViewLayer | Synchronizing object | 顶部金光
Fra:14 Mem:27.01M (Peak 27.01M) | Time:00:00.00 | Mem:0.00M, Peak:0.00M | Scene, ViewLayer | Synchronizing object | 主体平面 · 完整视差合成
Fra:14 Mem:27.01M (Peak 27.01M) | Time:00:00.00 | Mem:0.00M, Peak:0.00M | Scene, ViewLayer | Synchronizing object | 外圈 · 全息压边
Fra:14 Mem:27.02M (Peak 27.02M) | Time:00:00.00 | Mem:0.00M, Peak:0.00M | Scene, ViewLayer | Synchronizing object | 文字平面 · Alpha PNG
Fra:14 Mem:27.03M (Peak 27.03M) | Time:00:00.00 | Mem:0.00M, Peak:0.00M | Scene, ViewLayer | Initializing
Fra:14 Mem:27.01M (Peak 27.03M) | Time:00:00.00 | Mem:0.00M, Peak:0.00M | Scene, ViewLayer | Updating Images | Loading text.png
Fra:14 Mem:27.01M (Peak 27.03M) | Time:00:00.00 | Mem:0.00M, Peak:0.00M | Scene, ViewLayer | Updating Images | Loading subject.png
Fra:14 Mem:69.21M (Peak 90.30M) | Time:00:00.07 | Mem:21.09M, Peak:21.09M | Scene, ViewLayer | Updating Images | Loading lineart.png
Fra:14 Mem:90.31M (Peak 111.41M) | Time:00:00.14 | Mem:42.19M, Peak:42.19M | Scene, ViewLayer | Updating Images | Loading background.png
Fra:14 Mem:131.52M (Peak 153.60M) | Time:00:00.32 | Mem:105.47M, Peak:105.47M | Scene, ViewLayer | Waiting for render to start
Fra:14 Mem:131.52M (Peak 153.60M) | Time:00:00.32 | Mem:105.47M, Peak:105.47M | Scene, ViewLayer | Updating Scene
Fra:14 Mem:131.52M (Peak 153.60M) | Time:00:00.32 | Mem:105.47M, Peak:105.47M | Scene, ViewLayer | Updating Shaders
Fra:14 Mem:131.52M (Peak 153.60M) | Time:00:00.32 | Mem:105.47M, Peak:105.47M | Scene, ViewLayer | Loading render kernels (may take a few minutes the first time)
Fra:14 Mem:131.63M (Peak 153.60M) | Time:00:00.32 | Mem:105.50M, Peak:105.50M | Scene, ViewLayer | Updating Procedurals
Fra:14 Mem:131.63M (Peak 153.60M) | Time:00:00.32 | Mem:105.50M, Peak:105.50M | Scene, ViewLayer | Updating Background
Fra:14 Mem:131.63M (Peak 153.60M) | Time:00:00.32 | Mem:105.50M, Peak:105.50M | Scene, ViewLayer | Updating Camera
Fra:14 Mem:131.63M (Peak 153.60M) | Time:00:00.32 | Mem:105.50M, Peak:105.50M | Scene, ViewLayer | Updating Meshes Flags
Fra:14 Mem:131.63M (Peak 153.60M) | Time:00:00.32 | Mem:105.50M, Peak:105.50M | Scene, ViewLayer | Updating Objects
Fra:14 Mem:131.63M (Peak 153.60M) | Time:00:00.32 | Mem:105.50M, Peak:105.50M | Scene, ViewLayer | Updating Objects | Copying Transformations to device
Fra:14 Mem:131.64M (Peak 153.60M) | Time:00:00.32 | Mem:105.51M, Peak:105.51M | Scene, ViewLayer | Updating Particle Systems
Fra:14 Mem:131.64M (Peak 153.60M) | Time:00:00.32 | Mem:105.51M, Peak:105.51M | Scene, ViewLayer | Updating Particle Systems | Copying Particles to device
Fra:14 Mem:131.64M (Peak 153.60M) | Time:00:00.32 | Mem:105.51M, Peak:105.51M | Scene, ViewLayer | Updating Meshes
Fra:14 Mem:131.64M (Peak 153.60M) | Time:00:00.32 | Mem:105.51M, Peak:105.51M | Scene, ViewLayer | Updating Objects | Applying Static Transformations
Fra:14 Mem:131.64M (Peak 153.60M) | Time:00:00.32 | Mem:105.51M, Peak:105.51M | Scene, ViewLayer | Updating Mesh | Computing attributes
Fra:14 Mem:131.65M (Peak 153.60M) | Time:00:00.32 | Mem:105.51M, Peak:105.51M | Scene, ViewLayer | Updating Mesh | Copying Attributes to device
Fra:14 Mem:131.65M (Peak 153.60M) | Time:00:00.32 | Mem:105.52M, Peak:105.52M | Scene, ViewLayer | Updating Scene BVH | Building
Fra:14 Mem:131.65M (Peak 153.60M) | Time:00:00.32 | Mem:105.52M, Peak:105.52M | Scene, ViewLayer | Updating Scene BVH | Building BVH
Fra:14 Mem:131.65M (Peak 153.60M) | Time:00:00.32 | Mem:105.53M, Peak:105.53M | Scene, ViewLayer | Updating Scene BVH | Building BVH 0%
Fra:14 Mem:131.65M (Peak 153.60M) | Time:00:00.32 | Mem:105.56M, Peak:105.57M | Scene, ViewLayer | Updating Scene BVH | Copying BVH to device
Fra:14 Mem:131.65M (Peak 153.60M) | Time:00:00.32 | Mem:105.56M, Peak:105.57M | Scene, ViewLayer | Updating Mesh | Computing normals
Fra:14 Mem:131.66M (Peak 153.60M) | Time:00:00.32 | Mem:105.56M, Peak:105.57M | Scene, ViewLayer | Updating Mesh | Copying Mesh to device
Fra:14 Mem:131.66M (Peak 153.60M) | Time:00:00.32 | Mem:105.57M, Peak:105.57M | Scene, ViewLayer | Updating Objects Flags
Fra:14 Mem:131.66M (Peak 153.60M) | Time:00:00.32 | Mem:105.57M, Peak:105.57M | Scene, ViewLayer | Updating Primitive Offsets
Fra:14 Mem:131.66M (Peak 153.60M) | Time:00:00.32 | Mem:105.57M, Peak:105.57M | Scene, ViewLayer | Updating Images
Fra:14 Mem:131.66M (Peak 153.60M) | Time:00:00.32 | Mem:105.57M, Peak:105.57M | Scene, ViewLayer | Updating Camera Volume
Fra:14 Mem:131.66M (Peak 153.60M) | Time:00:00.32 | Mem:105.57M, Peak:105.57M | Scene, ViewLayer | Updating Lookup Tables
Fra:14 Mem:131.66M (Peak 153.60M) | Time:00:00.32 | Mem:105.65M, Peak:105.65M | Scene, ViewLayer | Updating Lights
Fra:14 Mem:131.66M (Peak 153.60M) | Time:00:00.32 | Mem:105.65M, Peak:105.65M | Scene, ViewLayer | Updating Lights | Computing tree
Fra:14 Mem:131.67M (Peak 153.60M) | Time:00:00.32 | Mem:105.66M, Peak:105.66M | Scene, ViewLayer | Updating Integrator
Fra:14 Mem:131.67M (Peak 153.60M) | Time:00:00.32 | Mem:105.66M, Peak:105.66M | Scene, ViewLayer | Updating Film
Fra:14 Mem:131.68M (Peak 153.60M) | Time:00:00.32 | Mem:105.58M, Peak:105.66M | Scene, ViewLayer | Updating Lookup Tables
Fra:14 Mem:131.68M (Peak 153.60M) | Time:00:00.32 | Mem:105.67M, Peak:105.67M | Scene, ViewLayer | Updating Baking
Fra:14 Mem:131.68M (Peak 153.60M) | Time:00:00.32 | Mem:105.67M, Peak:105.67M | Scene, ViewLayer | Updating Device | Writing constant memory
Fra:14 Mem:131.68M (Peak 153.60M) | Time:00:00.32 | Mem:105.67M, Peak:105.67M | Scene, ViewLayer | Sample 0/16
Fra:14 Mem:137.88M (Peak 153.60M) | Time:00:00.74 | Remaining:00:06.31 | Mem:111.86M, Peak:111.86M | Scene, ViewLayer | Sample 1/16
Fra:14 Mem:140.63M (Peak 153.60M) | Time:00:06.88 | Mem:111.86M, Peak:111.86M | Scene, ViewLayer | Sample 16/16
Fra:14 Mem:140.63M (Peak 153.60M) | Time:00:06.89 | Mem:111.86M, Peak:111.86M | Scene, ViewLayer | Finished
Fra:14 Mem:28.71M (Peak 153.60M) | Time:00:06.89 | Compositing
Saved: 'work/preview-frames/messi/frame_0014.png'
Time: 00:06.98 (Saving: 00:00.04)

Fra:15 Mem:27.00M (Peak 27.00M) | Time:00:00.00 | Mem:0.00M, Peak:0.00M | Scene, ViewLayer | Synchronizing object | 柔光主灯
Fra:15 Mem:27.00M (Peak 27.00M) | Time:00:00.00 | Mem:0.00M, Peak:0.00M | Scene, ViewLayer | Synchronizing object | 内圈 · 古金细边
Fra:15 Mem:27.00M (Peak 27.00M) | Time:00:00.00 | Mem:0.00M, Peak:0.00M | Scene, ViewLayer | Synchronizing object | 正面均匀补光
Fra:15 Mem:27.00M (Peak 27.00M) | Time:00:00.00 | Mem:0.00M, Peak:0.00M | Scene, ViewLayer | Synchronizing object | 顶部金光
Fra:15 Mem:27.01M (Peak 27.01M) | Time:00:00.00 | Mem:0.00M, Peak:0.00M | Scene, ViewLayer | Synchronizing object | 主体平面 · 完整视差合成
Fra:15 Mem:27.01M (Peak 27.01M) | Time:00:00.00 | Mem:0.00M, Peak:0.00M | Scene, ViewLayer | Synchronizing object | 外圈 · 全息压边
Fra:15 Mem:27.02M (Peak 27.02M) | Time:00:00.00 | Mem:0.00M, Peak:0.00M | Scene, ViewLayer | Synchronizing object | 文字平面 · Alpha PNG
Fra:15 Mem:27.03M (Peak 27.03M) | Time:00:00.00 | Mem:0.00M, Peak:0.00M | Scene, ViewLayer | Initializing
Fra:15 Mem:27.01M (Peak 27.03M) | Time:00:00.00 | Mem:0.00M, Peak:0.00M | Scene, ViewLayer | Updating Images | Loading text.png
Fra:15 Mem:27.01M (Peak 27.03M) | Time:00:00.00 | Mem:0.00M, Peak:0.00M | Scene, ViewLayer | Updating Images | Loading subject.png
Fra:15 Mem:69.21M (Peak 90.30M) | Time:00:00.07 | Mem:21.09M, Peak:21.09M | Scene, ViewLayer | Updating Images | Loading lineart.png
Fra:15 Mem:90.31M (Peak 111.41M) | Time:00:00.13 | Mem:42.19M, Peak:42.19M | Scene, ViewLayer | Updating Images | Loading background.png
Fra:15 Mem:131.52M (Peak 153.60M) | Time:00:00.32 | Mem:105.47M, Peak:105.47M | Scene, ViewLayer | Waiting for render to start
Fra:15 Mem:131.52M (Peak 153.60M) | Time:00:00.32 | Mem:105.47M, Peak:105.47M | Scene, ViewLayer | Updating Scene
Fra:15 Mem:131.52M (Peak 153.60M) | Time:00:00.32 | Mem:105.47M, Peak:105.47M | Scene, ViewLayer | Updating Shaders
Fra:15 Mem:131.52M (Peak 153.60M) | Time:00:00.32 | Mem:105.47M, Peak:105.47M | Scene, ViewLayer | Loading render kernels (may take a few minutes the first time)
Fra:15 Mem:131.63M (Peak 153.60M) | Time:00:00.32 | Mem:105.50M, Peak:105.50M | Scene, ViewLayer | Updating Procedurals
Fra:15 Mem:131.63M (Peak 153.60M) | Time:00:00.32 | Mem:105.50M, Peak:105.50M | Scene, ViewLayer | Updating Background
Fra:15 Mem:131.63M (Peak 153.60M) | Time:00:00.32 | Mem:105.50M, Peak:105.50M | Scene, ViewLayer | Updating Camera
Fra:15 Mem:131.63M (Peak 153.60M) | Time:00:00.32 | Mem:105.50M, Peak:105.50M | Scene, ViewLayer | Updating Meshes Flags
Fra:15 Mem:131.63M (Peak 153.60M) | Time:00:00.32 | Mem:105.50M, Peak:105.50M | Scene, ViewLayer | Updating Objects
Fra:15 Mem:131.63M (Peak 153.60M) | Time:00:00.32 | Mem:105.50M, Peak:105.50M | Scene, ViewLayer | Updating Objects | Copying Transformations to device
Fra:15 Mem:131.64M (Peak 153.60M) | Time:00:00.32 | Mem:105.51M, Peak:105.51M | Scene, ViewLayer | Updating Particle Systems
Fra:15 Mem:131.64M (Peak 153.60M) | Time:00:00.32 | Mem:105.51M, Peak:105.51M | Scene, ViewLayer | Updating Particle Systems | Copying Particles to device
Fra:15 Mem:131.64M (Peak 153.60M) | Time:00:00.32 | Mem:105.51M, Peak:105.51M | Scene, ViewLayer | Updating Meshes
Fra:15 Mem:131.64M (Peak 153.60M) | Time:00:00.32 | Mem:105.51M, Peak:105.51M | Scene, ViewLayer | Updating Objects | Applying Static Transformations
Fra:15 Mem:131.64M (Peak 153.60M) | Time:00:00.32 | Mem:105.51M, Peak:105.51M | Scene, ViewLayer | Updating Mesh | Computing attributes
Fra:15 Mem:131.65M (Peak 153.60M) | Time:00:00.32 | Mem:105.51M, Peak:105.51M | Scene, ViewLayer | Updating Mesh | Copying Attributes to device
Fra:15 Mem:131.65M (Peak 153.60M) | Time:00:00.32 | Mem:105.52M, Peak:105.52M | Scene, ViewLayer | Updating Scene BVH | Building
Fra:15 Mem:131.65M (Peak 153.60M) | Time:00:00.32 | Mem:105.52M, Peak:105.52M | Scene, ViewLayer | Updating Scene BVH | Building BVH
Fra:15 Mem:131.65M (Peak 153.60M) | Time:00:00.32 | Mem:105.53M, Peak:105.53M | Scene, ViewLayer | Updating Scene BVH | Building BVH 0%
Fra:15 Mem:131.65M (Peak 153.60M) | Time:00:00.32 | Mem:105.56M, Peak:105.57M | Scene, ViewLayer | Updating Scene BVH | Copying BVH to device
Fra:15 Mem:131.65M (Peak 153.60M) | Time:00:00.32 | Mem:105.56M, Peak:105.57M | Scene, ViewLayer | Updating Mesh | Computing normals
Fra:15 Mem:131.66M (Peak 153.60M) | Time:00:00.32 | Mem:105.56M, Peak:105.57M | Scene, ViewLayer | Updating Mesh | Copying Mesh to device
Fra:15 Mem:131.66M (Peak 153.60M) | Time:00:00.32 | Mem:105.57M, Peak:105.57M | Scene, ViewLayer | Updating Objects Flags
Fra:15 Mem:131.66M (Peak 153.60M) | Time:00:00.32 | Mem:105.57M, Peak:105.57M | Scene, ViewLayer | Updating Primitive Offsets
Fra:15 Mem:131.66M (Peak 153.60M) | Time:00:00.32 | Mem:105.57M, Peak:105.57M | Scene, ViewLayer | Updating Images
Fra:15 Mem:131.66M (Peak 153.60M) | Time:00:00.32 | Mem:105.57M, Peak:105.57M | Scene, ViewLayer | Updating Camera Volume
Fra:15 Mem:131.66M (Peak 153.60M) | Time:00:00.32 | Mem:105.57M, Peak:105.57M | Scene, ViewLayer | Updating Lookup Tables
Fra:15 Mem:131.66M (Peak 153.60M) | Time:00:00.32 | Mem:105.66M, Peak:105.66M | Scene, ViewLayer | Updating Lights
Fra:15 Mem:131.66M (Peak 153.60M) | Time:00:00.32 | Mem:105.66M, Peak:105.66M | Scene, ViewLayer | Updating Lights | Computing tree
Fra:15 Mem:131.68M (Peak 153.60M) | Time:00:00.32 | Mem:105.67M, Peak:105.67M | Scene, ViewLayer | Updating Integrator
Fra:15 Mem:131.68M (Peak 153.60M) | Time:00:00.32 | Mem:105.67M, Peak:105.67M | Scene, ViewLayer | Updating Film
Fra:15 Mem:131.68M (Peak 153.60M) | Time:00:00.32 | Mem:105.59M, Peak:105.67M | Scene, ViewLayer | Updating Lookup Tables
Fra:15 Mem:131.68M (Peak 153.60M) | Time:00:00.32 | Mem:105.67M, Peak:105.67M | Scene, ViewLayer | Updating Baking
Fra:15 Mem:131.68M (Peak 153.60M) | Time:00:00.32 | Mem:105.67M, Peak:105.67M | Scene, ViewLayer | Updating Device | Writing constant memory
Fra:15 Mem:131.68M (Peak 153.60M) | Time:00:00.32 | Mem:105.67M, Peak:105.67M | Scene, ViewLayer | Sample 0/16
Fra:15 Mem:137.88M (Peak 153.60M) | Time:00:00.74 | Remaining:00:06.30 | Mem:111.86M, Peak:111.86M | Scene, ViewLayer | Sample 1/16
Fra:15 Mem:140.63M (Peak 153.60M) | Time:00:06.95 | Mem:111.86M, Peak:111.86M | Scene, ViewLayer | Sample 16/16
Fra:15 Mem:140.63M (Peak 153.60M) | Time:00:06.95 | Mem:111.86M, Peak:111.86M | Scene, ViewLayer | Finished
Fra:15 Mem:28.71M (Peak 153.60M) | Time:00:06.96 | Compositing
Saved: 'work/preview-frames/messi/frame_0015.png'
Time: 00:07.05 (Saving: 00:00.04)

Fra:16 Mem:27.00M (Peak 27.00M) | Time:00:00.00 | Mem:0.00M, Peak:0.00M | Scene, ViewLayer | Synchronizing object | 柔光主灯
Fra:16 Mem:27.00M (Peak 27.00M) | Time:00:00.00 | Mem:0.00M, Peak:0.00M | Scene, ViewLayer | Synchronizing object | 内圈 · 古金细边
Fra:16 Mem:27.00M (Peak 27.00M) | Time:00:00.00 | Mem:0.00M, Peak:0.00M | Scene, ViewLayer | Synchronizing object | 正面均匀补光
Fra:16 Mem:27.00M (Peak 27.00M) | Time:00:00.00 | Mem:0.00M, Peak:0.00M | Scene, ViewLayer | Synchronizing object | 顶部金光
Fra:16 Mem:27.01M (Peak 27.01M) | Time:00:00.00 | Mem:0.00M, Peak:0.00M | Scene, ViewLayer | Synchronizing object | 主体平面 · 完整视差合成
Fra:16 Mem:27.01M (Peak 27.01M) | Time:00:00.00 | Mem:0.00M, Peak:0.00M | Scene, ViewLayer | Synchronizing object | 外圈 · 全息压边
Fra:16 Mem:27.02M (Peak 27.02M) | Time:00:00.00 | Mem:0.00M, Peak:0.00M | Scene, ViewLayer | Synchronizing object | 文字平面 · Alpha PNG
Fra:16 Mem:27.03M (Peak 27.03M) | Time:00:00.00 | Mem:0.00M, Peak:0.00M | Scene, ViewLayer | Initializing
Fra:16 Mem:27.01M (Peak 27.03M) | Time:00:00.00 | Mem:0.00M, Peak:0.00M | Scene, ViewLayer | Updating Images | Loading text.png
Fra:16 Mem:27.01M (Peak 27.03M) | Time:00:00.00 | Mem:0.00M, Peak:0.00M | Scene, ViewLayer | Updating Images | Loading subject.png
Fra:16 Mem:69.21M (Peak 90.30M) | Time:00:00.07 | Mem:21.09M, Peak:21.09M | Scene, ViewLayer | Updating Images | Loading lineart.png
Fra:16 Mem:90.31M (Peak 111.41M) | Time:00:00.14 | Mem:42.19M, Peak:42.19M | Scene, ViewLayer | Updating Images | Loading background.png
Fra:16 Mem:131.52M (Peak 153.60M) | Time:00:00.32 | Mem:105.47M, Peak:105.47M | Scene, ViewLayer | Waiting for render to start
Fra:16 Mem:131.52M (Peak 153.60M) | Time:00:00.32 | Mem:105.47M, Peak:105.47M | Scene, ViewLayer | Updating Scene
Fra:16 Mem:131.52M (Peak 153.60M) | Time:00:00.32 | Mem:105.47M, Peak:105.47M | Scene, ViewLayer | Updating Shaders
Fra:16 Mem:131.52M (Peak 153.60M) | Time:00:00.32 | Mem:105.47M, Peak:105.47M | Scene, ViewLayer | Loading render kernels (may take a few minutes the first time)
Fra:16 Mem:131.63M (Peak 153.60M) | Time:00:00.32 | Mem:105.50M, Peak:105.50M | Scene, ViewLayer | Updating Procedurals
Fra:16 Mem:131.63M (Peak 153.60M) | Time:00:00.32 | Mem:105.50M, Peak:105.50M | Scene, ViewLayer | Updating Background
Fra:16 Mem:131.63M (Peak 153.60M) | Time:00:00.32 | Mem:105.50M, Peak:105.50M | Scene, ViewLayer | Updating Camera
Fra:16 Mem:131.63M (Peak 153.60M) | Time:00:00.32 | Mem:105.50M, Peak:105.50M | Scene, ViewLayer | Updating Meshes Flags
Fra:16 Mem:131.63M (Peak 153.60M) | Time:00:00.32 | Mem:105.50M, Peak:105.50M | Scene, ViewLayer | Updating Objects
Fra:16 Mem:131.63M (Peak 153.60M) | Time:00:00.32 | Mem:105.50M, Peak:105.50M | Scene, ViewLayer | Updating Objects | Copying Transformations to device
Fra:16 Mem:131.64M (Peak 153.60M) | Time:00:00.32 | Mem:105.51M, Peak:105.51M | Scene, ViewLayer | Updating Particle Systems
Fra:16 Mem:131.64M (Peak 153.60M) | Time:00:00.32 | Mem:105.51M, Peak:105.51M | Scene, ViewLayer | Updating Particle Systems | Copying Particles to device
Fra:16 Mem:131.64M (Peak 153.60M) | Time:00:00.32 | Mem:105.51M, Peak:105.51M | Scene, ViewLayer | Updating Meshes
Fra:16 Mem:131.64M (Peak 153.60M) | Time:00:00.32 | Mem:105.51M, Peak:105.51M | Scene, ViewLayer | Updating Objects | Applying Static Transformations
Fra:16 Mem:131.64M (Peak 153.60M) | Time:00:00.32 | Mem:105.51M, Peak:105.51M | Scene, ViewLayer | Updating Mesh | Computing attributes
Fra:16 Mem:131.65M (Peak 153.60M) | Time:00:00.32 | Mem:105.51M, Peak:105.51M | Scene, ViewLayer | Updating Mesh | Copying Attributes to device
Fra:16 Mem:131.65M (Peak 153.60M) | Time:00:00.32 | Mem:105.52M, Peak:105.52M | Scene, ViewLayer | Updating Scene BVH | Building
Fra:16 Mem:131.65M (Peak 153.60M) | Time:00:00.32 | Mem:105.52M, Peak:105.52M | Scene, ViewLayer | Updating Scene BVH | Building BVH
Fra:16 Mem:131.65M (Peak 153.60M) | Time:00:00.32 | Mem:105.53M, Peak:105.53M | Scene, ViewLayer | Updating Scene BVH | Building BVH 0%
Fra:16 Mem:131.65M (Peak 153.60M) | Time:00:00.32 | Mem:105.56M, Peak:105.57M | Scene, ViewLayer | Updating Scene BVH | Copying BVH to device
Fra:16 Mem:131.65M (Peak 153.60M) | Time:00:00.32 | Mem:105.56M, Peak:105.57M | Scene, ViewLayer | Updating Mesh | Computing normals
Fra:16 Mem:131.66M (Peak 153.60M) | Time:00:00.32 | Mem:105.56M, Peak:105.57M | Scene, ViewLayer | Updating Mesh | Copying Mesh to device
Fra:16 Mem:131.66M (Peak 153.60M) | Time:00:00.32 | Mem:105.57M, Peak:105.57M | Scene, ViewLayer | Updating Objects Flags
Fra:16 Mem:131.66M (Peak 153.60M) | Time:00:00.32 | Mem:105.57M, Peak:105.57M | Scene, ViewLayer | Updating Primitive Offsets
Fra:16 Mem:131.66M (Peak 153.60M) | Time:00:00.32 | Mem:105.57M, Peak:105.57M | Scene, ViewLayer | Updating Images
Fra:16 Mem:131.66M (Peak 153.60M) | Time:00:00.32 | Mem:105.57M, Peak:105.57M | Scene, ViewLayer | Updating Camera Volume
Fra:16 Mem:131.66M (Peak 153.60M) | Time:00:00.32 | Mem:105.57M, Peak:105.57M | Scene, ViewLayer | Updating Lookup Tables
Fra:16 Mem:131.66M (Peak 153.60M) | Time:00:00.32 | Mem:105.65M, Peak:105.65M | Scene, ViewLayer | Updating Lights
Fra:16 Mem:131.66M (Peak 153.60M) | Time:00:00.32 | Mem:105.65M, Peak:105.65M | Scene, ViewLayer | Updating Lights | Computing tree
Fra:16 Mem:131.68M (Peak 153.60M) | Time:00:00.32 | Mem:105.66M, Peak:105.66M | Scene, ViewLayer | Updating Integrator
Fra:16 Mem:131.68M (Peak 153.60M) | Time:00:00.32 | Mem:105.66M, Peak:105.66M | Scene, ViewLayer | Updating Film
Fra:16 Mem:131.68M (Peak 153.60M) | Time:00:00.32 | Mem:105.58M, Peak:105.66M | Scene, ViewLayer | Updating Lookup Tables
Fra:16 Mem:131.68M (Peak 153.60M) | Time:00:00.32 | Mem:105.67M, Peak:105.67M | Scene, ViewLayer | Updating Baking
Fra:16 Mem:131.68M (Peak 153.60M) | Time:00:00.32 | Mem:105.67M, Peak:105.67M | Scene, ViewLayer | Updating Device | Writing constant memory
Fra:16 Mem:131.68M (Peak 153.60M) | Time:00:00.32 | Mem:105.67M, Peak:105.67M | Scene, ViewLayer | Sample 0/16
Fra:16 Mem:137.88M (Peak 153.60M) | Time:00:00.75 | Remaining:00:06.45 | Mem:111.86M, Peak:111.86M | Scene, ViewLayer | Sample 1/16
Fra:16 Mem:140.63M (Peak 153.60M) | Time:00:06.95 | Mem:111.86M, Peak:111.86M | Scene, ViewLayer | Sample 16/16
Fra:16 Mem:140.63M (Peak 153.60M) | Time:00:06.95 | Mem:111.86M, Peak:111.86M | Scene, ViewLayer | Finished
Fra:16 Mem:28.71M (Peak 153.60M) | Time:00:06.96 | Compositing
Saved: 'work/preview-frames/messi/frame_0016.png'
Time: 00:07.05 (Saving: 00:00.04)

Fra:17 Mem:27.00M (Peak 27.00M) | Time:00:00.00 | Mem:0.00M, Peak:0.00M | Scene, ViewLayer | Synchronizing object | 柔光主灯
Fra:17 Mem:27.00M (Peak 27.00M) | Time:00:00.00 | Mem:0.00M, Peak:0.00M | Scene, ViewLayer | Synchronizing object | 正面均匀补光
Fra:17 Mem:27.00M (Peak 27.00M) | Time:00:00.00 | Mem:0.00M, Peak:0.00M | Scene, ViewLayer | Synchronizing object | 顶部金光
Fra:17 Mem:27.00M (Peak 27.00M) | Time:00:00.00 | Mem:0.00M, Peak:0.00M | Scene, ViewLayer | Synchronizing object | 内圈 · 古金细边
Fra:17 Mem:27.00M (Peak 27.00M) | Time:00:00.00 | Mem:0.00M, Peak:0.00M | Scene, ViewLayer | Synchronizing object | 主体平面 · 完整视差合成
Fra:17 Mem:27.01M (Peak 27.01M) | Time:00:00.00 | Mem:0.00M, Peak:0.00M | Scene, ViewLayer | Synchronizing object | 外圈 · 全息压边
Fra:17 Mem:27.03M (Peak 27.03M) | Time:00:00.00 | Mem:0.00M, Peak:0.00M | Scene, ViewLayer | Synchronizing object | 文字平面 · Alpha PNG
Fra:17 Mem:27.03M (Peak 27.03M) | Time:00:00.00 | Mem:0.00M, Peak:0.00M | Scene, ViewLayer | Initializing
Fra:17 Mem:27.01M (Peak 27.03M) | Time:00:00.00 | Mem:0.00M, Peak:0.00M | Scene, ViewLayer | Updating Images | Loading text.png
Fra:17 Mem:27.01M (Peak 27.03M) | Time:00:00.00 | Mem:0.00M, Peak:0.00M | Scene, ViewLayer | Updating Images | Loading subject.png
Fra:17 Mem:69.21M (Peak 90.31M) | Time:00:00.07 | Mem:21.09M, Peak:21.09M | Scene, ViewLayer | Updating Images | Loading lineart.png
Fra:17 Mem:111.41M (Peak 132.51M) | Time:00:00.14 | Mem:42.19M, Peak:42.19M | Scene, ViewLayer | Updating Images | Loading background.png
Fra:17 Mem:131.52M (Peak 153.60M) | Time:00:00.32 | Mem:105.47M, Peak:105.47M | Scene, ViewLayer | Waiting for render to start
Fra:17 Mem:131.52M (Peak 153.60M) | Time:00:00.32 | Mem:105.47M, Peak:105.47M | Scene, ViewLayer | Updating Scene
Fra:17 Mem:131.52M (Peak 153.60M) | Time:00:00.32 | Mem:105.47M, Peak:105.47M | Scene, ViewLayer | Updating Shaders
Fra:17 Mem:131.52M (Peak 153.60M) | Time:00:00.32 | Mem:105.47M, Peak:105.47M | Scene, ViewLayer | Loading render kernels (may take a few minutes the first time)
Fra:17 Mem:131.63M (Peak 153.60M) | Time:00:00.33 | Mem:105.50M, Peak:105.50M | Scene, ViewLayer | Updating Procedurals
Fra:17 Mem:131.63M (Peak 153.60M) | Time:00:00.33 | Mem:105.50M, Peak:105.50M | Scene, ViewLayer | Updating Background
Fra:17 Mem:131.63M (Peak 153.60M) | Time:00:00.33 | Mem:105.50M, Peak:105.50M | Scene, ViewLayer | Updating Camera
Fra:17 Mem:131.63M (Peak 153.60M) | Time:00:00.33 | Mem:105.50M, Peak:105.50M | Scene, ViewLayer | Updating Meshes Flags
Fra:17 Mem:131.63M (Peak 153.60M) | Time:00:00.33 | Mem:105.50M, Peak:105.50M | Scene, ViewLayer | Updating Objects
Fra:17 Mem:131.63M (Peak 153.60M) | Time:00:00.33 | Mem:105.50M, Peak:105.50M | Scene, ViewLayer | Updating Objects | Copying Transformations to device
Fra:17 Mem:131.64M (Peak 153.60M) | Time:00:00.33 | Mem:105.51M, Peak:105.51M | Scene, ViewLayer | Updating Particle Systems
Fra:17 Mem:131.64M (Peak 153.60M) | Time:00:00.33 | Mem:105.51M, Peak:105.51M | Scene, ViewLayer | Updating Particle Systems | Copying Particles to device
Fra:17 Mem:131.64M (Peak 153.60M) | Time:00:00.33 | Mem:105.51M, Peak:105.51M | Scene, ViewLayer | Updating Meshes
Fra:17 Mem:131.64M (Peak 153.60M) | Time:00:00.33 | Mem:105.51M, Peak:105.51M | Scene, ViewLayer | Updating Objects | Applying Static Transformations
Fra:17 Mem:131.64M (Peak 153.60M) | Time:00:00.33 | Mem:105.51M, Peak:105.51M | Scene, ViewLayer | Updating Mesh | Computing attributes
Fra:17 Mem:131.65M (Peak 153.60M) | Time:00:00.33 | Mem:105.51M, Peak:105.51M | Scene, ViewLayer | Updating Mesh | Copying Attributes to device
Fra:17 Mem:131.65M (Peak 153.60M) | Time:00:00.33 | Mem:105.52M, Peak:105.52M | Scene, ViewLayer | Updating Scene BVH | Building
Fra:17 Mem:131.65M (Peak 153.60M) | Time:00:00.33 | Mem:105.52M, Peak:105.52M | Scene, ViewLayer | Updating Scene BVH | Building BVH
Fra:17 Mem:131.65M (Peak 153.60M) | Time:00:00.33 | Mem:105.53M, Peak:105.53M | Scene, ViewLayer | Updating Scene BVH | Building BVH 0%
Fra:17 Mem:131.65M (Peak 153.60M) | Time:00:00.33 | Mem:105.56M, Peak:105.57M | Scene, ViewLayer | Updating Scene BVH | Copying BVH to device
Fra:17 Mem:131.65M (Peak 153.60M) | Time:00:00.33 | Mem:105.56M, Peak:105.57M | Scene, ViewLayer | Updating Mesh | Computing normals
Fra:17 Mem:131.66M (Peak 153.60M) | Time:00:00.33 | Mem:105.56M, Peak:105.57M | Scene, ViewLayer | Updating Mesh | Copying Mesh to device
Fra:17 Mem:131.66M (Peak 153.60M) | Time:00:00.33 | Mem:105.57M, Peak:105.57M | Scene, ViewLayer | Updating Objects Flags
Fra:17 Mem:131.66M (Peak 153.60M) | Time:00:00.33 | Mem:105.57M, Peak:105.57M | Scene, ViewLayer | Updating Primitive Offsets
Fra:17 Mem:131.66M (Peak 153.60M) | Time:00:00.33 | Mem:105.57M, Peak:105.57M | Scene, ViewLayer | Updating Images
Fra:17 Mem:131.66M (Peak 153.60M) | Time:00:00.33 | Mem:105.57M, Peak:105.57M | Scene, ViewLayer | Updating Camera Volume
Fra:17 Mem:131.66M (Peak 153.60M) | Time:00:00.33 | Mem:105.57M, Peak:105.57M | Scene, ViewLayer | Updating Lookup Tables
Fra:17 Mem:131.66M (Peak 153.60M) | Time:00:00.33 | Mem:105.65M, Peak:105.65M | Scene, ViewLayer | Updating Lights
Fra:17 Mem:131.66M (Peak 153.60M) | Time:00:00.33 | Mem:105.65M, Peak:105.65M | Scene, ViewLayer | Updating Lights | Computing tree
Fra:17 Mem:131.68M (Peak 153.60M) | Time:00:00.33 | Mem:105.66M, Peak:105.66M | Scene, ViewLayer | Updating Integrator
Fra:17 Mem:131.68M (Peak 153.60M) | Time:00:00.33 | Mem:105.66M, Peak:105.66M | Scene, ViewLayer | Updating Film
Fra:17 Mem:131.68M (Peak 153.60M) | Time:00:00.33 | Mem:105.58M, Peak:105.66M | Scene, ViewLayer | Updating Lookup Tables
Fra:17 Mem:131.68M (Peak 153.60M) | Time:00:00.33 | Mem:105.67M, Peak:105.67M | Scene, ViewLayer | Updating Baking
Fra:17 Mem:131.68M (Peak 153.60M) | Time:00:00.33 | Mem:105.67M, Peak:105.67M | Scene, ViewLayer | Updating Device | Writing constant memory
Fra:17 Mem:131.68M (Peak 153.60M) | Time:00:00.33 | Mem:105.67M, Peak:105.67M | Scene, ViewLayer | Sample 0/16
Fra:17 Mem:137.88M (Peak 153.60M) | Time:00:00.75 | Remaining:00:06.34 | Mem:111.86M, Peak:111.86M | Scene, ViewLayer | Sample 1/16
Fra:17 Mem:140.63M (Peak 153.60M) | Time:00:07.02 | Mem:111.86M, Peak:111.86M | Scene, ViewLayer | Sample 16/16
Fra:17 Mem:140.63M (Peak 153.60M) | Time:00:07.02 | Mem:111.86M, Peak:111.86M | Scene, ViewLayer | Finished
Fra:17 Mem:28.71M (Peak 153.60M) | Time:00:07.02 | Compositing
Saved: 'work/preview-frames/messi/frame_0017.png'
Time: 00:07.11 (Saving: 00:00.04)

Fra:18 Mem:27.00M (Peak 27.00M) | Time:00:00.00 | Mem:0.00M, Peak:0.00M | Scene, ViewLayer | Synchronizing object | 柔光主灯
Fra:18 Mem:27.00M (Peak 27.00M) | Time:00:00.00 | Mem:0.00M, Peak:0.00M | Scene, ViewLayer | Synchronizing object | 内圈 · 古金细边
Fra:18 Mem:27.00M (Peak 27.00M) | Time:00:00.00 | Mem:0.00M, Peak:0.00M | Scene, ViewLayer | Synchronizing object | 正面均匀补光
Fra:18 Mem:27.00M (Peak 27.00M) | Time:00:00.00 | Mem:0.00M, Peak:0.00M | Scene, ViewLayer | Synchronizing object | 顶部金光
Fra:18 Mem:27.01M (Peak 27.01M) | Time:00:00.00 | Mem:0.00M, Peak:0.00M | Scene, ViewLayer | Synchronizing object | 主体平面 · 完整视差合成
Fra:18 Mem:27.01M (Peak 27.01M) | Time:00:00.00 | Mem:0.00M, Peak:0.00M | Scene, ViewLayer | Synchronizing object | 外圈 · 全息压边
Fra:18 Mem:27.02M (Peak 27.02M) | Time:00:00.00 | Mem:0.00M, Peak:0.00M | Scene, ViewLayer | Synchronizing object | 文字平面 · Alpha PNG
Fra:18 Mem:27.03M (Peak 27.03M) | Time:00:00.00 | Mem:0.00M, Peak:0.00M | Scene, ViewLayer | Initializing
Fra:18 Mem:27.01M (Peak 27.03M) | Time:00:00.00 | Mem:0.00M, Peak:0.00M | Scene, ViewLayer | Updating Images | Loading text.png
Fra:18 Mem:27.01M (Peak 27.03M) | Time:00:00.00 | Mem:0.00M, Peak:0.00M | Scene, ViewLayer | Updating Images | Loading subject.png
Fra:18 Mem:69.21M (Peak 90.31M) | Time:00:00.07 | Mem:21.09M, Peak:21.09M | Scene, ViewLayer | Updating Images | Loading lineart.png
Fra:18 Mem:111.41M (Peak 132.51M) | Time:00:00.14 | Mem:42.19M, Peak:42.19M | Scene, ViewLayer | Updating Images | Loading background.png
Fra:18 Mem:131.52M (Peak 153.60M) | Time:00:00.32 | Mem:105.47M, Peak:105.47M | Scene, ViewLayer | Waiting for render to start
Fra:18 Mem:131.52M (Peak 153.60M) | Time:00:00.32 | Mem:105.47M, Peak:105.47M | Scene, ViewLayer | Updating Scene
Fra:18 Mem:131.52M (Peak 153.60M) | Time:00:00.32 | Mem:105.47M, Peak:105.47M | Scene, ViewLayer | Updating Shaders
Fra:18 Mem:131.52M (Peak 153.60M) | Time:00:00.32 | Mem:105.47M, Peak:105.47M | Scene, ViewLayer | Loading render kernels (may take a few minutes the first time)
Fra:18 Mem:131.63M (Peak 153.60M) | Time:00:00.33 | Mem:105.50M, Peak:105.50M | Scene, ViewLayer | Updating Procedurals
Fra:18 Mem:131.63M (Peak 153.60M) | Time:00:00.33 | Mem:105.50M, Peak:105.50M | Scene, ViewLayer | Updating Background
Fra:18 Mem:131.63M (Peak 153.60M) | Time:00:00.33 | Mem:105.50M, Peak:105.50M | Scene, ViewLayer | Updating Camera
Fra:18 Mem:131.63M (Peak 153.60M) | Time:00:00.33 | Mem:105.50M, Peak:105.50M | Scene, ViewLayer | Updating Meshes Flags
Fra:18 Mem:131.63M (Peak 153.60M) | Time:00:00.33 | Mem:105.50M, Peak:105.50M | Scene, ViewLayer | Updating Objects
Fra:18 Mem:131.63M (Peak 153.60M) | Time:00:00.33 | Mem:105.50M, Peak:105.50M | Scene, ViewLayer | Updating Objects | Copying Transformations to device
Fra:18 Mem:131.64M (Peak 153.60M) | Time:00:00.33 | Mem:105.51M, Peak:105.51M | Scene, ViewLayer | Updating Particle Systems
Fra:18 Mem:131.64M (Peak 153.60M) | Time:00:00.33 | Mem:105.51M, Peak:105.51M | Scene, ViewLayer | Updating Particle Systems | Copying Particles to device
Fra:18 Mem:131.64M (Peak 153.60M) | Time:00:00.33 | Mem:105.51M, Peak:105.51M | Scene, ViewLayer | Updating Meshes
Fra:18 Mem:131.64M (Peak 153.60M) | Time:00:00.33 | Mem:105.51M, Peak:105.51M | Scene, ViewLayer | Updating Objects | Applying Static Transformations
Fra:18 Mem:131.64M (Peak 153.60M) | Time:00:00.33 | Mem:105.51M, Peak:105.51M | Scene, ViewLayer | Updating Mesh | Computing attributes
Fra:18 Mem:131.65M (Peak 153.60M) | Time:00:00.33 | Mem:105.51M, Peak:105.51M | Scene, ViewLayer | Updating Mesh | Copying Attributes to device
Fra:18 Mem:131.65M (Peak 153.60M) | Time:00:00.33 | Mem:105.52M, Peak:105.52M | Scene, ViewLayer | Updating Scene BVH | Building
Fra:18 Mem:131.65M (Peak 153.60M) | Time:00:00.33 | Mem:105.52M, Peak:105.52M | Scene, ViewLayer | Updating Scene BVH | Building BVH
Fra:18 Mem:131.65M (Peak 153.60M) | Time:00:00.33 | Mem:105.53M, Peak:105.53M | Scene, ViewLayer | Updating Scene BVH | Building BVH 0%
Fra:18 Mem:131.65M (Peak 153.60M) | Time:00:00.33 | Mem:105.56M, Peak:105.57M | Scene, ViewLayer | Updating Scene BVH | Copying BVH to device
Fra:18 Mem:131.65M (Peak 153.60M) | Time:00:00.33 | Mem:105.56M, Peak:105.57M | Scene, ViewLayer | Updating Mesh | Computing normals
Fra:18 Mem:131.66M (Peak 153.60M) | Time:00:00.33 | Mem:105.56M, Peak:105.57M | Scene, ViewLayer | Updating Mesh | Copying Mesh to device
Fra:18 Mem:131.66M (Peak 153.60M) | Time:00:00.33 | Mem:105.57M, Peak:105.57M | Scene, ViewLayer | Updating Objects Flags
Fra:18 Mem:131.66M (Peak 153.60M) | Time:00:00.33 | Mem:105.57M, Peak:105.57M | Scene, ViewLayer | Updating Primitive Offsets
Fra:18 Mem:131.66M (Peak 153.60M) | Time:00:00.33 | Mem:105.57M, Peak:105.57M | Scene, ViewLayer | Updating Images
Fra:18 Mem:131.66M (Peak 153.60M) | Time:00:00.33 | Mem:105.57M, Peak:105.57M | Scene, ViewLayer | Updating Camera Volume
Fra:18 Mem:131.66M (Peak 153.60M) | Time:00:00.33 | Mem:105.57M, Peak:105.57M | Scene, ViewLayer | Updating Lookup Tables
Fra:18 Mem:131.66M (Peak 153.60M) | Time:00:00.33 | Mem:105.65M, Peak:105.65M | Scene, ViewLayer | Updating Lights
Fra:18 Mem:131.66M (Peak 153.60M) | Time:00:00.33 | Mem:105.65M, Peak:105.65M | Scene, ViewLayer | Updating Lights | Computing tree
Fra:18 Mem:131.68M (Peak 153.60M) | Time:00:00.33 | Mem:105.66M, Peak:105.66M | Scene, ViewLayer | Updating Integrator
Fra:18 Mem:131.68M (Peak 153.60M) | Time:00:00.33 | Mem:105.66M, Peak:105.66M | Scene, ViewLayer | Updating Film
Fra:18 Mem:131.68M (Peak 153.60M) | Time:00:00.33 | Mem:105.58M, Peak:105.66M | Scene, ViewLayer | Updating Lookup Tables
Fra:18 Mem:131.68M (Peak 153.60M) | Time:00:00.33 | Mem:105.67M, Peak:105.67M | Scene, ViewLayer | Updating Baking
Fra:18 Mem:131.68M (Peak 153.60M) | Time:00:00.33 | Mem:105.67M, Peak:105.67M | Scene, ViewLayer | Updating Device | Writing constant memory
Fra:18 Mem:131.68M (Peak 153.60M) | Time:00:00.33 | Mem:105.67M, Peak:105.67M | Scene, ViewLayer | Sample 0/16
Fra:18 Mem:137.88M (Peak 153.60M) | Time:00:00.76 | Remaining:00:06.45 | Mem:111.86M, Peak:111.86M | Scene, ViewLayer | Sample 1/16
Fra:18 Mem:140.63M (Peak 153.60M) | Time:00:07.12 | Mem:111.86M, Peak:111.86M | Scene, ViewLayer | Sample 16/16
Fra:18 Mem:140.63M (Peak 153.60M) | Time:00:07.12 | Mem:111.86M, Peak:111.86M | Scene, ViewLayer | Finished
Fra:18 Mem:28.71M (Peak 153.60M) | Time:00:07.13 | Compositing
Saved: 'work/preview-frames/messi/frame_0018.png'
Time: 00:07.22 (Saving: 00:00.04)

Fra:19 Mem:27.00M (Peak 27.00M) | Time:00:00.00 | Mem:0.00M, Peak:0.00M | Scene, ViewLayer | Synchronizing object | 柔光主灯
Fra:19 Mem:27.00M (Peak 27.00M) | Time:00:00.00 | Mem:0.00M, Peak:0.00M | Scene, ViewLayer | Synchronizing object | 内圈 · 古金细边
Fra:19 Mem:27.00M (Peak 27.00M) | Time:00:00.00 | Mem:0.00M, Peak:0.00M | Scene, ViewLayer | Synchronizing object | 正面均匀补光
Fra:19 Mem:27.00M (Peak 27.00M) | Time:00:00.00 | Mem:0.00M, Peak:0.00M | Scene, ViewLayer | Synchronizing object | 顶部金光
Fra:19 Mem:27.01M (Peak 27.01M) | Time:00:00.00 | Mem:0.00M, Peak:0.00M | Scene, ViewLayer | Synchronizing object | 主体平面 · 完整视差合成
Fra:19 Mem:27.01M (Peak 27.01M) | Time:00:00.00 | Mem:0.00M, Peak:0.00M | Scene, ViewLayer | Synchronizing object | 外圈 · 全息压边
Fra:19 Mem:27.02M (Peak 27.02M) | Time:00:00.00 | Mem:0.00M, Peak:0.00M | Scene, ViewLayer | Synchronizing object | 文字平面 · Alpha PNG
Fra:19 Mem:27.03M (Peak 27.03M) | Time:00:00.00 | Mem:0.00M, Peak:0.00M | Scene, ViewLayer | Initializing
Fra:19 Mem:27.01M (Peak 27.03M) | Time:00:00.00 | Mem:0.00M, Peak:0.00M | Scene, ViewLayer | Updating Images | Loading text.png
Fra:19 Mem:27.01M (Peak 27.03M) | Time:00:00.00 | Mem:0.00M, Peak:0.00M | Scene, ViewLayer | Updating Images | Loading subject.png
Fra:19 Mem:69.21M (Peak 90.31M) | Time:00:00.07 | Mem:21.09M, Peak:21.09M | Scene, ViewLayer | Updating Images | Loading lineart.png
Fra:19 Mem:90.31M (Peak 111.41M) | Time:00:00.14 | Mem:42.19M, Peak:42.19M | Scene, ViewLayer | Updating Images | Loading background.png
Fra:19 Mem:131.52M (Peak 153.60M) | Time:00:00.32 | Mem:105.47M, Peak:105.47M | Scene, ViewLayer | Waiting for render to start
Fra:19 Mem:131.52M (Peak 153.60M) | Time:00:00.32 | Mem:105.47M, Peak:105.47M | Scene, ViewLayer | Updating Scene
Fra:19 Mem:131.52M (Peak 153.60M) | Time:00:00.32 | Mem:105.47M, Peak:105.47M | Scene, ViewLayer | Updating Shaders
Fra:19 Mem:131.52M (Peak 153.60M) | Time:00:00.32 | Mem:105.47M, Peak:105.47M | Scene, ViewLayer | Loading render kernels (may take a few minutes the first time)
Fra:19 Mem:131.63M (Peak 153.60M) | Time:00:00.32 | Mem:105.50M, Peak:105.50M | Scene, ViewLayer | Updating Procedurals
Fra:19 Mem:131.63M (Peak 153.60M) | Time:00:00.32 | Mem:105.50M, Peak:105.50M | Scene, ViewLayer | Updating Background
Fra:19 Mem:131.63M (Peak 153.60M) | Time:00:00.32 | Mem:105.50M, Peak:105.50M | Scene, ViewLayer | Updating Camera
Fra:19 Mem:131.63M (Peak 153.60M) | Time:00:00.32 | Mem:105.50M, Peak:105.50M | Scene, ViewLayer | Updating Meshes Flags
Fra:19 Mem:131.63M (Peak 153.60M) | Time:00:00.32 | Mem:105.50M, Peak:105.50M | Scene, ViewLayer | Updating Objects
Fra:19 Mem:131.63M (Peak 153.60M) | Time:00:00.32 | Mem:105.50M, Peak:105.50M | Scene, ViewLayer | Updating Objects | Copying Transformations to device
Fra:19 Mem:131.64M (Peak 153.60M) | Time:00:00.32 | Mem:105.51M, Peak:105.51M | Scene, ViewLayer | Updating Particle Systems
Fra:19 Mem:131.64M (Peak 153.60M) | Time:00:00.32 | Mem:105.51M, Peak:105.51M | Scene, ViewLayer | Updating Particle Systems | Copying Particles to device
Fra:19 Mem:131.64M (Peak 153.60M) | Time:00:00.32 | Mem:105.51M, Peak:105.51M | Scene, ViewLayer | Updating Meshes
Fra:19 Mem:131.64M (Peak 153.60M) | Time:00:00.32 | Mem:105.51M, Peak:105.51M | Scene, ViewLayer | Updating Objects | Applying Static Transformations
Fra:19 Mem:131.64M (Peak 153.60M) | Time:00:00.32 | Mem:105.51M, Peak:105.51M | Scene, ViewLayer | Updating Mesh | Computing attributes
Fra:19 Mem:131.65M (Peak 153.60M) | Time:00:00.32 | Mem:105.51M, Peak:105.51M | Scene, ViewLayer | Updating Mesh | Copying Attributes to device
Fra:19 Mem:131.65M (Peak 153.60M) | Time:00:00.32 | Mem:105.52M, Peak:105.52M | Scene, ViewLayer | Updating Scene BVH | Building
Fra:19 Mem:131.65M (Peak 153.60M) | Time:00:00.32 | Mem:105.52M, Peak:105.52M | Scene, ViewLayer | Updating Scene BVH | Building BVH
Fra:19 Mem:131.65M (Peak 153.60M) | Time:00:00.32 | Mem:105.53M, Peak:105.53M | Scene, ViewLayer | Updating Scene BVH | Building BVH 0%
Fra:19 Mem:131.65M (Peak 153.60M) | Time:00:00.33 | Mem:105.56M, Peak:105.57M | Scene, ViewLayer | Updating Scene BVH | Copying BVH to device
Fra:19 Mem:131.65M (Peak 153.60M) | Time:00:00.33 | Mem:105.56M, Peak:105.57M | Scene, ViewLayer | Updating Mesh | Computing normals
Fra:19 Mem:131.66M (Peak 153.60M) | Time:00:00.33 | Mem:105.56M, Peak:105.57M | Scene, ViewLayer | Updating Mesh | Copying Mesh to device
Fra:19 Mem:131.66M (Peak 153.60M) | Time:00:00.33 | Mem:105.57M, Peak:105.57M | Scene, ViewLayer | Updating Objects Flags
Fra:19 Mem:131.66M (Peak 153.60M) | Time:00:00.33 | Mem:105.57M, Peak:105.57M | Scene, ViewLayer | Updating Primitive Offsets
Fra:19 Mem:131.66M (Peak 153.60M) | Time:00:00.33 | Mem:105.57M, Peak:105.57M | Scene, ViewLayer | Updating Images
Fra:19 Mem:131.66M (Peak 153.60M) | Time:00:00.33 | Mem:105.57M, Peak:105.57M | Scene, ViewLayer | Updating Camera Volume
Fra:19 Mem:131.66M (Peak 153.60M) | Time:00:00.33 | Mem:105.57M, Peak:105.57M | Scene, ViewLayer | Updating Lookup Tables
Fra:19 Mem:131.66M (Peak 153.60M) | Time:00:00.33 | Mem:105.65M, Peak:105.65M | Scene, ViewLayer | Updating Lights
Fra:19 Mem:131.66M (Peak 153.60M) | Time:00:00.33 | Mem:105.65M, Peak:105.65M | Scene, ViewLayer | Updating Lights | Computing tree
Fra:19 Mem:131.68M (Peak 153.60M) | Time:00:00.33 | Mem:105.66M, Peak:105.66M | Scene, ViewLayer | Updating Integrator
Fra:19 Mem:131.68M (Peak 153.60M) | Time:00:00.33 | Mem:105.66M, Peak:105.66M | Scene, ViewLayer | Updating Film
Fra:19 Mem:131.68M (Peak 153.60M) | Time:00:00.33 | Mem:105.58M, Peak:105.66M | Scene, ViewLayer | Updating Lookup Tables
Fra:19 Mem:131.68M (Peak 153.60M) | Time:00:00.33 | Mem:105.67M, Peak:105.67M | Scene, ViewLayer | Updating Baking
Fra:19 Mem:131.68M (Peak 153.60M) | Time:00:00.33 | Mem:105.67M, Peak:105.67M | Scene, ViewLayer | Updating Device | Writing constant memory
Fra:19 Mem:131.68M (Peak 153.60M) | Time:00:00.33 | Mem:105.67M, Peak:105.67M | Scene, ViewLayer | Sample 0/16
Fra:19 Mem:137.88M (Peak 153.60M) | Time:00:00.76 | Remaining:00:06.47 | Mem:111.86M, Peak:111.86M | Scene, ViewLayer | Sample 1/16
Fra:19 Mem:140.63M (Peak 153.60M) | Time:00:07.12 | Mem:111.86M, Peak:111.86M | Scene, ViewLayer | Sample 16/16
Fra:19 Mem:140.63M (Peak 153.60M) | Time:00:07.12 | Mem:111.86M, Peak:111.86M | Scene, ViewLayer | Finished
Fra:19 Mem:28.71M (Peak 153.60M) | Time:00:07.13 | Compositing
Saved: 'work/preview-frames/messi/frame_0019.png'
Time: 00:07.22 (Saving: 00:00.04)

Fra:20 Mem:27.00M (Peak 27.00M) | Time:00:00.00 | Mem:0.00M, Peak:0.00M | Scene, ViewLayer | Synchronizing object | 柔光主灯
Fra:20 Mem:27.00M (Peak 27.00M) | Time:00:00.00 | Mem:0.00M, Peak:0.00M | Scene, ViewLayer | Synchronizing object | 内圈 · 古金细边
Fra:20 Mem:27.00M (Peak 27.00M) | Time:00:00.00 | Mem:0.00M, Peak:0.00M | Scene, ViewLayer | Synchronizing object | 正面均匀补光
Fra:20 Mem:27.00M (Peak 27.00M) | Time:00:00.00 | Mem:0.00M, Peak:0.00M | Scene, ViewLayer | Synchronizing object | 顶部金光
Fra:20 Mem:27.01M (Peak 27.01M) | Time:00:00.00 | Mem:0.00M, Peak:0.00M | Scene, ViewLayer | Synchronizing object | 主体平面 · 完整视差合成
Fra:20 Mem:27.01M (Peak 27.01M) | Time:00:00.00 | Mem:0.00M, Peak:0.00M | Scene, ViewLayer | Synchronizing object | 外圈 · 全息压边
Fra:20 Mem:27.02M (Peak 27.02M) | Time:00:00.00 | Mem:0.00M, Peak:0.00M | Scene, ViewLayer | Synchronizing object | 文字平面 · Alpha PNG
Fra:20 Mem:27.03M (Peak 27.03M) | Time:00:00.00 | Mem:0.00M, Peak:0.00M | Scene, ViewLayer | Initializing
Fra:20 Mem:27.01M (Peak 27.03M) | Time:00:00.00 | Mem:0.00M, Peak:0.00M | Scene, ViewLayer | Updating Images | Loading text.png
Fra:20 Mem:27.01M (Peak 27.03M) | Time:00:00.00 | Mem:0.00M, Peak:0.00M | Scene, ViewLayer | Updating Images | Loading subject.png
Fra:20 Mem:69.21M (Peak 90.31M) | Time:00:00.07 | Mem:21.09M, Peak:21.09M | Scene, ViewLayer | Updating Images | Loading lineart.png
Fra:20 Mem:90.31M (Peak 111.41M) | Time:00:00.14 | Mem:42.19M, Peak:42.19M | Scene, ViewLayer | Updating Images | Loading background.png
Fra:20 Mem:131.52M (Peak 153.60M) | Time:00:00.32 | Mem:105.47M, Peak:105.47M | Scene, ViewLayer | Waiting for render to start
Fra:20 Mem:131.52M (Peak 153.60M) | Time:00:00.32 | Mem:105.47M, Peak:105.47M | Scene, ViewLayer | Updating Scene
Fra:20 Mem:131.52M (Peak 153.60M) | Time:00:00.32 | Mem:105.47M, Peak:105.47M | Scene, ViewLayer | Updating Shaders
Fra:20 Mem:131.52M (Peak 153.60M) | Time:00:00.32 | Mem:105.47M, Peak:105.47M | Scene, ViewLayer | Loading render kernels (may take a few minutes the first time)
Fra:20 Mem:131.63M (Peak 153.60M) | Time:00:00.32 | Mem:105.50M, Peak:105.50M | Scene, ViewLayer | Updating Procedurals
Fra:20 Mem:131.63M (Peak 153.60M) | Time:00:00.32 | Mem:105.50M, Peak:105.50M | Scene, ViewLayer | Updating Background
Fra:20 Mem:131.63M (Peak 153.60M) | Time:00:00.32 | Mem:105.50M, Peak:105.50M | Scene, ViewLayer | Updating Camera
Fra:20 Mem:131.63M (Peak 153.60M) | Time:00:00.32 | Mem:105.50M, Peak:105.50M | Scene, ViewLayer | Updating Meshes Flags
Fra:20 Mem:131.63M (Peak 153.60M) | Time:00:00.32 | Mem:105.50M, Peak:105.50M | Scene, ViewLayer | Updating Objects
Fra:20 Mem:131.63M (Peak 153.60M) | Time:00:00.32 | Mem:105.50M, Peak:105.50M | Scene, ViewLayer | Updating Objects | Copying Transformations to device
Fra:20 Mem:131.64M (Peak 153.60M) | Time:00:00.32 | Mem:105.51M, Peak:105.51M | Scene, ViewLayer | Updating Particle Systems
Fra:20 Mem:131.64M (Peak 153.60M) | Time:00:00.32 | Mem:105.51M, Peak:105.51M | Scene, ViewLayer | Updating Particle Systems | Copying Particles to device
Fra:20 Mem:131.64M (Peak 153.60M) | Time:00:00.32 | Mem:105.51M, Peak:105.51M | Scene, ViewLayer | Updating Meshes
Fra:20 Mem:131.64M (Peak 153.60M) | Time:00:00.32 | Mem:105.51M, Peak:105.51M | Scene, ViewLayer | Updating Objects | Applying Static Transformations
Fra:20 Mem:131.64M (Peak 153.60M) | Time:00:00.32 | Mem:105.51M, Peak:105.51M | Scene, ViewLayer | Updating Mesh | Computing attributes
Fra:20 Mem:131.65M (Peak 153.60M) | Time:00:00.32 | Mem:105.51M, Peak:105.51M | Scene, ViewLayer | Updating Mesh | Copying Attributes to device
Fra:20 Mem:131.65M (Peak 153.60M) | Time:00:00.32 | Mem:105.52M, Peak:105.52M | Scene, ViewLayer | Updating Scene BVH | Building
Fra:20 Mem:131.65M (Peak 153.60M) | Time:00:00.32 | Mem:105.52M, Peak:105.52M | Scene, ViewLayer | Updating Scene BVH | Building BVH
Fra:20 Mem:131.65M (Peak 153.60M) | Time:00:00.32 | Mem:105.53M, Peak:105.53M | Scene, ViewLayer | Updating Scene BVH | Building BVH 0%
Fra:20 Mem:131.65M (Peak 153.60M) | Time:00:00.32 | Mem:105.55M, Peak:105.57M | Scene, ViewLayer | Updating Scene BVH | Copying BVH to device
Fra:20 Mem:131.65M (Peak 153.60M) | Time:00:00.32 | Mem:105.55M, Peak:105.57M | Scene, ViewLayer | Updating Mesh | Computing normals
Fra:20 Mem:131.66M (Peak 153.60M) | Time:00:00.32 | Mem:105.55M, Peak:105.57M | Scene, ViewLayer | Updating Mesh | Copying Mesh to device
Fra:20 Mem:131.66M (Peak 153.60M) | Time:00:00.32 | Mem:105.57M, Peak:105.57M | Scene, ViewLayer | Updating Objects Flags
Fra:20 Mem:131.66M (Peak 153.60M) | Time:00:00.32 | Mem:105.57M, Peak:105.57M | Scene, ViewLayer | Updating Primitive Offsets
Fra:20 Mem:131.66M (Peak 153.60M) | Time:00:00.32 | Mem:105.57M, Peak:105.57M | Scene, ViewLayer | Updating Images
Fra:20 Mem:131.66M (Peak 153.60M) | Time:00:00.32 | Mem:105.57M, Peak:105.57M | Scene, ViewLayer | Updating Camera Volume
Fra:20 Mem:131.66M (Peak 153.60M) | Time:00:00.32 | Mem:105.57M, Peak:105.57M | Scene, ViewLayer | Updating Lookup Tables
Fra:20 Mem:131.66M (Peak 153.60M) | Time:00:00.32 | Mem:105.65M, Peak:105.65M | Scene, ViewLayer | Updating Lights
Fra:20 Mem:131.66M (Peak 153.60M) | Time:00:00.32 | Mem:105.65M, Peak:105.65M | Scene, ViewLayer | Updating Lights | Computing tree
Fra:20 Mem:131.68M (Peak 153.60M) | Time:00:00.32 | Mem:105.66M, Peak:105.66M | Scene, ViewLayer | Updating Integrator
Fra:20 Mem:131.68M (Peak 153.60M) | Time:00:00.32 | Mem:105.66M, Peak:105.66M | Scene, ViewLayer | Updating Film
Fra:20 Mem:131.68M (Peak 153.60M) | Time:00:00.32 | Mem:105.58M, Peak:105.66M | Scene, ViewLayer | Updating Lookup Tables
Fra:20 Mem:131.68M (Peak 153.60M) | Time:00:00.32 | Mem:105.67M, Peak:105.67M | Scene, ViewLayer | Updating Baking
Fra:20 Mem:131.68M (Peak 153.60M) | Time:00:00.32 | Mem:105.67M, Peak:105.67M | Scene, ViewLayer | Updating Device | Writing constant memory
Fra:20 Mem:131.68M (Peak 153.60M) | Time:00:00.32 | Mem:105.67M, Peak:105.67M | Scene, ViewLayer | Sample 0/16
Fra:20 Mem:137.88M (Peak 153.60M) | Time:00:00.76 | Remaining:00:06.50 | Mem:111.86M, Peak:111.86M | Scene, ViewLayer | Sample 1/16
Fra:20 Mem:140.63M (Peak 153.60M) | Time:00:07.18 | Mem:111.86M, Peak:111.86M | Scene, ViewLayer | Sample 16/16
Fra:20 Mem:140.63M (Peak 153.60M) | Time:00:07.18 | Mem:111.86M, Peak:111.86M | Scene, ViewLayer | Finished
Fra:20 Mem:28.71M (Peak 153.60M) | Time:00:07.18 | Compositing
Saved: 'work/preview-frames/messi/frame_0020.png'
Time: 00:07.27 (Saving: 00:00.04)

Fra:21 Mem:27.00M (Peak 27.00M) | Time:00:00.00 | Mem:0.00M, Peak:0.00M | Scene, ViewLayer | Synchronizing object | 柔光主灯
Fra:21 Mem:27.00M (Peak 27.00M) | Time:00:00.00 | Mem:0.00M, Peak:0.00M | Scene, ViewLayer | Synchronizing object | 内圈 · 古金细边
Fra:21 Mem:27.00M (Peak 27.00M) | Time:00:00.00 | Mem:0.00M, Peak:0.00M | Scene, ViewLayer | Synchronizing object | 正面均匀补光
Fra:21 Mem:27.01M (Peak 27.01M) | Time:00:00.00 | Mem:0.00M, Peak:0.00M | Scene, ViewLayer | Synchronizing object | 顶部金光
Fra:21 Mem:27.01M (Peak 27.01M) | Time:00:00.00 | Mem:0.00M, Peak:0.00M | Scene, ViewLayer | Synchronizing object | 主体平面 · 完整视差合成
Fra:21 Mem:27.01M (Peak 27.01M) | Time:00:00.00 | Mem:0.00M, Peak:0.00M | Scene, ViewLayer | Synchronizing object | 外圈 · 全息压边
Fra:21 Mem:27.02M (Peak 27.02M) | Time:00:00.00 | Mem:0.00M, Peak:0.00M | Scene, ViewLayer | Synchronizing object | 文字平面 · Alpha PNG
Fra:21 Mem:27.03M (Peak 27.03M) | Time:00:00.00 | Mem:0.00M, Peak:0.00M | Scene, ViewLayer | Initializing
Fra:21 Mem:27.01M (Peak 27.03M) | Time:00:00.00 | Mem:0.00M, Peak:0.00M | Scene, ViewLayer | Updating Images | Loading text.png
Fra:21 Mem:27.01M (Peak 27.03M) | Time:00:00.00 | Mem:0.00M, Peak:0.00M | Scene, ViewLayer | Updating Images | Loading subject.png
Fra:21 Mem:69.21M (Peak 90.31M) | Time:00:00.07 | Mem:21.09M, Peak:21.09M | Scene, ViewLayer | Updating Images | Loading lineart.png
Fra:21 Mem:90.31M (Peak 111.41M) | Time:00:00.14 | Mem:42.19M, Peak:42.19M | Scene, ViewLayer | Updating Images | Loading background.png
Fra:21 Mem:131.52M (Peak 153.60M) | Time:00:00.32 | Mem:105.47M, Peak:105.47M | Scene, ViewLayer | Waiting for render to start
Fra:21 Mem:131.52M (Peak 153.60M) | Time:00:00.32 | Mem:105.47M, Peak:105.47M | Scene, ViewLayer | Updating Scene
Fra:21 Mem:131.52M (Peak 153.60M) | Time:00:00.32 | Mem:105.47M, Peak:105.47M | Scene, ViewLayer | Updating Shaders
Fra:21 Mem:131.52M (Peak 153.60M) | Time:00:00.32 | Mem:105.47M, Peak:105.47M | Scene, ViewLayer | Loading render kernels (may take a few minutes the first time)
Fra:21 Mem:131.63M (Peak 153.60M) | Time:00:00.32 | Mem:105.50M, Peak:105.50M | Scene, ViewLayer | Updating Procedurals
Fra:21 Mem:131.63M (Peak 153.60M) | Time:00:00.32 | Mem:105.50M, Peak:105.50M | Scene, ViewLayer | Updating Background
Fra:21 Mem:131.63M (Peak 153.60M) | Time:00:00.32 | Mem:105.50M, Peak:105.50M | Scene, ViewLayer | Updating Camera
Fra:21 Mem:131.63M (Peak 153.60M) | Time:00:00.32 | Mem:105.50M, Peak:105.50M | Scene, ViewLayer | Updating Meshes Flags
Fra:21 Mem:131.63M (Peak 153.60M) | Time:00:00.32 | Mem:105.50M, Peak:105.50M | Scene, ViewLayer | Updating Objects
Fra:21 Mem:131.63M (Peak 153.60M) | Time:00:00.32 | Mem:105.50M, Peak:105.50M | Scene, ViewLayer | Updating Objects | Copying Transformations to device
Fra:21 Mem:131.64M (Peak 153.60M) | Time:00:00.32 | Mem:105.51M, Peak:105.51M | Scene, ViewLayer | Updating Particle Systems
Fra:21 Mem:131.64M (Peak 153.60M) | Time:00:00.32 | Mem:105.51M, Peak:105.51M | Scene, ViewLayer | Updating Particle Systems | Copying Particles to device
Fra:21 Mem:131.64M (Peak 153.60M) | Time:00:00.32 | Mem:105.51M, Peak:105.51M | Scene, ViewLayer | Updating Meshes
Fra:21 Mem:131.64M (Peak 153.60M) | Time:00:00.32 | Mem:105.51M, Peak:105.51M | Scene, ViewLayer | Updating Objects | Applying Static Transformations
Fra:21 Mem:131.64M (Peak 153.60M) | Time:00:00.32 | Mem:105.51M, Peak:105.51M | Scene, ViewLayer | Updating Mesh | Computing attributes
Fra:21 Mem:131.65M (Peak 153.60M) | Time:00:00.32 | Mem:105.51M, Peak:105.51M | Scene, ViewLayer | Updating Mesh | Copying Attributes to device
Fra:21 Mem:131.65M (Peak 153.60M) | Time:00:00.32 | Mem:105.52M, Peak:105.52M | Scene, ViewLayer | Updating Scene BVH | Building
Fra:21 Mem:131.65M (Peak 153.60M) | Time:00:00.32 | Mem:105.52M, Peak:105.52M | Scene, ViewLayer | Updating Scene BVH | Building BVH
Fra:21 Mem:131.65M (Peak 153.60M) | Time:00:00.32 | Mem:105.53M, Peak:105.53M | Scene, ViewLayer | Updating Scene BVH | Building BVH 0%
Fra:21 Mem:131.65M (Peak 153.60M) | Time:00:00.32 | Mem:105.56M, Peak:105.57M | Scene, ViewLayer | Updating Scene BVH | Copying BVH to device
Fra:21 Mem:131.65M (Peak 153.60M) | Time:00:00.32 | Mem:105.56M, Peak:105.57M | Scene, ViewLayer | Updating Mesh | Computing normals
Fra:21 Mem:131.66M (Peak 153.60M) | Time:00:00.32 | Mem:105.56M, Peak:105.57M | Scene, ViewLayer | Updating Mesh | Copying Mesh to device
Fra:21 Mem:131.66M (Peak 153.60M) | Time:00:00.32 | Mem:105.57M, Peak:105.57M | Scene, ViewLayer | Updating Objects Flags
Fra:21 Mem:131.66M (Peak 153.60M) | Time:00:00.32 | Mem:105.57M, Peak:105.57M | Scene, ViewLayer | Updating Primitive Offsets
Fra:21 Mem:131.66M (Peak 153.60M) | Time:00:00.32 | Mem:105.57M, Peak:105.57M | Scene, ViewLayer | Updating Images
Fra:21 Mem:131.66M (Peak 153.60M) | Time:00:00.32 | Mem:105.57M, Peak:105.57M | Scene, ViewLayer | Updating Camera Volume
Fra:21 Mem:131.66M (Peak 153.60M) | Time:00:00.32 | Mem:105.57M, Peak:105.57M | Scene, ViewLayer | Updating Lookup Tables
Fra:21 Mem:131.66M (Peak 153.60M) | Time:00:00.32 | Mem:105.65M, Peak:105.65M | Scene, ViewLayer | Updating Lights
Fra:21 Mem:131.66M (Peak 153.60M) | Time:00:00.32 | Mem:105.65M, Peak:105.65M | Scene, ViewLayer | Updating Lights | Computing tree
Fra:21 Mem:131.68M (Peak 153.60M) | Time:00:00.32 | Mem:105.66M, Peak:105.66M | Scene, ViewLayer | Updating Integrator
Fra:21 Mem:131.68M (Peak 153.60M) | Time:00:00.32 | Mem:105.66M, Peak:105.66M | Scene, ViewLayer | Updating Film
Fra:21 Mem:131.68M (Peak 153.60M) | Time:00:00.32 | Mem:105.58M, Peak:105.66M | Scene, ViewLayer | Updating Lookup Tables
Fra:21 Mem:131.68M (Peak 153.60M) | Time:00:00.32 | Mem:105.67M, Peak:105.67M | Scene, ViewLayer | Updating Baking
Fra:21 Mem:131.68M (Peak 153.60M) | Time:00:00.32 | Mem:105.67M, Peak:105.67M | Scene, ViewLayer | Updating Device | Writing constant memory
Fra:21 Mem:131.68M (Peak 153.60M) | Time:00:00.32 | Mem:105.67M, Peak:105.67M | Scene, ViewLayer | Sample 0/16
Fra:21 Mem:137.88M (Peak 153.60M) | Time:00:00.76 | Remaining:00:06.45 | Mem:111.86M, Peak:111.86M | Scene, ViewLayer | Sample 1/16
Fra:21 Mem:140.63M (Peak 153.60M) | Time:00:07.12 | Mem:111.86M, Peak:111.86M | Scene, ViewLayer | Sample 16/16
Fra:21 Mem:140.63M (Peak 153.60M) | Time:00:07.12 | Mem:111.86M, Peak:111.86M | Scene, ViewLayer | Finished
Fra:21 Mem:28.71M (Peak 153.60M) | Time:00:07.13 | Compositing
Saved: 'work/preview-frames/messi/frame_0021.png'
Time: 00:07.24 (Saving: 00:00.06)

Fra:22 Mem:27.00M (Peak 27.00M) | Time:00:00.00 | Mem:0.00M, Peak:0.00M | Scene, ViewLayer | Synchronizing object | 柔光主灯
Fra:22 Mem:27.00M (Peak 27.00M) | Time:00:00.00 | Mem:0.00M, Peak:0.00M | Scene, ViewLayer | Synchronizing object | 内圈 · 古金细边
Fra:22 Mem:27.00M (Peak 27.00M) | Time:00:00.00 | Mem:0.00M, Peak:0.00M | Scene, ViewLayer | Synchronizing object | 正面均匀补光
Fra:22 Mem:27.01M (Peak 27.01M) | Time:00:00.00 | Mem:0.00M, Peak:0.00M | Scene, ViewLayer | Synchronizing object | 顶部金光
Fra:22 Mem:27.01M (Peak 27.01M) | Time:00:00.00 | Mem:0.00M, Peak:0.00M | Scene, ViewLayer | Synchronizing object | 主体平面 · 完整视差合成
Fra:22 Mem:27.01M (Peak 27.01M) | Time:00:00.00 | Mem:0.00M, Peak:0.00M | Scene, ViewLayer | Synchronizing object | 外圈 · 全息压边
Fra:22 Mem:27.02M (Peak 27.02M) | Time:00:00.00 | Mem:0.00M, Peak:0.00M | Scene, ViewLayer | Synchronizing object | 文字平面 · Alpha PNG
Fra:22 Mem:27.03M (Peak 27.03M) | Time:00:00.00 | Mem:0.00M, Peak:0.00M | Scene, ViewLayer | Initializing
Fra:22 Mem:27.01M (Peak 27.03M) | Time:00:00.00 | Mem:0.00M, Peak:0.00M | Scene, ViewLayer | Updating Images | Loading text.png
Fra:22 Mem:27.01M (Peak 27.03M) | Time:00:00.00 | Mem:0.00M, Peak:0.00M | Scene, ViewLayer | Updating Images | Loading subject.png
Fra:22 Mem:69.21M (Peak 90.31M) | Time:00:00.07 | Mem:21.09M, Peak:21.09M | Scene, ViewLayer | Updating Images | Loading lineart.png
Fra:22 Mem:90.31M (Peak 111.41M) | Time:00:00.14 | Mem:42.19M, Peak:42.19M | Scene, ViewLayer | Updating Images | Loading background.png
Fra:22 Mem:131.52M (Peak 153.60M) | Time:00:00.32 | Mem:105.47M, Peak:105.47M | Scene, ViewLayer | Waiting for render to start
Fra:22 Mem:131.52M (Peak 153.60M) | Time:00:00.32 | Mem:105.47M, Peak:105.47M | Scene, ViewLayer | Updating Scene
Fra:22 Mem:131.52M (Peak 153.60M) | Time:00:00.32 | Mem:105.47M, Peak:105.47M | Scene, ViewLayer | Updating Shaders
Fra:22 Mem:131.52M (Peak 153.60M) | Time:00:00.32 | Mem:105.47M, Peak:105.47M | Scene, ViewLayer | Loading render kernels (may take a few minutes the first time)
Fra:22 Mem:131.63M (Peak 153.60M) | Time:00:00.32 | Mem:105.50M, Peak:105.50M | Scene, ViewLayer | Updating Procedurals
Fra:22 Mem:131.63M (Peak 153.60M) | Time:00:00.32 | Mem:105.50M, Peak:105.50M | Scene, ViewLayer | Updating Background
Fra:22 Mem:131.63M (Peak 153.60M) | Time:00:00.32 | Mem:105.50M, Peak:105.50M | Scene, ViewLayer | Updating Camera
Fra:22 Mem:131.63M (Peak 153.60M) | Time:00:00.32 | Mem:105.50M, Peak:105.50M | Scene, ViewLayer | Updating Meshes Flags
Fra:22 Mem:131.63M (Peak 153.60M) | Time:00:00.32 | Mem:105.50M, Peak:105.50M | Scene, ViewLayer | Updating Objects
Fra:22 Mem:131.63M (Peak 153.60M) | Time:00:00.32 | Mem:105.50M, Peak:105.50M | Scene, ViewLayer | Updating Objects | Copying Transformations to device
Fra:22 Mem:131.64M (Peak 153.60M) | Time:00:00.32 | Mem:105.51M, Peak:105.51M | Scene, ViewLayer | Updating Particle Systems
Fra:22 Mem:131.64M (Peak 153.60M) | Time:00:00.32 | Mem:105.51M, Peak:105.51M | Scene, ViewLayer | Updating Particle Systems | Copying Particles to device
Fra:22 Mem:131.64M (Peak 153.60M) | Time:00:00.32 | Mem:105.51M, Peak:105.51M | Scene, ViewLayer | Updating Meshes
Fra:22 Mem:131.64M (Peak 153.60M) | Time:00:00.32 | Mem:105.51M, Peak:105.51M | Scene, ViewLayer | Updating Objects | Applying Static Transformations
Fra:22 Mem:131.64M (Peak 153.60M) | Time:00:00.32 | Mem:105.51M, Peak:105.51M | Scene, ViewLayer | Updating Mesh | Computing attributes
Fra:22 Mem:131.65M (Peak 153.60M) | Time:00:00.32 | Mem:105.51M, Peak:105.51M | Scene, ViewLayer | Updating Mesh | Copying Attributes to device
Fra:22 Mem:131.65M (Peak 153.60M) | Time:00:00.32 | Mem:105.52M, Peak:105.52M | Scene, ViewLayer | Updating Scene BVH | Building
Fra:22 Mem:131.65M (Peak 153.60M) | Time:00:00.32 | Mem:105.52M, Peak:105.52M | Scene, ViewLayer | Updating Scene BVH | Building BVH
Fra:22 Mem:131.65M (Peak 153.60M) | Time:00:00.32 | Mem:105.53M, Peak:105.53M | Scene, ViewLayer | Updating Scene BVH | Building BVH 0%
Fra:22 Mem:131.65M (Peak 153.60M) | Time:00:00.32 | Mem:105.55M, Peak:105.57M | Scene, ViewLayer | Updating Scene BVH | Copying BVH to device
Fra:22 Mem:131.65M (Peak 153.60M) | Time:00:00.32 | Mem:105.55M, Peak:105.57M | Scene, ViewLayer | Updating Mesh | Computing normals
Fra:22 Mem:131.66M (Peak 153.60M) | Time:00:00.32 | Mem:105.55M, Peak:105.57M | Scene, ViewLayer | Updating Mesh | Copying Mesh to device
Fra:22 Mem:131.66M (Peak 153.60M) | Time:00:00.32 | Mem:105.57M, Peak:105.57M | Scene, ViewLayer | Updating Objects Flags
Fra:22 Mem:131.66M (Peak 153.60M) | Time:00:00.32 | Mem:105.57M, Peak:105.57M | Scene, ViewLayer | Updating Primitive Offsets
Fra:22 Mem:131.66M (Peak 153.60M) | Time:00:00.32 | Mem:105.57M, Peak:105.57M | Scene, ViewLayer | Updating Images
Fra:22 Mem:131.66M (Peak 153.60M) | Time:00:00.32 | Mem:105.57M, Peak:105.57M | Scene, ViewLayer | Updating Camera Volume
Fra:22 Mem:131.66M (Peak 153.60M) | Time:00:00.32 | Mem:105.57M, Peak:105.57M | Scene, ViewLayer | Updating Lookup Tables
Fra:22 Mem:131.66M (Peak 153.60M) | Time:00:00.32 | Mem:105.65M, Peak:105.65M | Scene, ViewLayer | Updating Lights
Fra:22 Mem:131.66M (Peak 153.60M) | Time:00:00.32 | Mem:105.65M, Peak:105.65M | Scene, ViewLayer | Updating Lights | Computing tree
Fra:22 Mem:131.68M (Peak 153.60M) | Time:00:00.32 | Mem:105.66M, Peak:105.66M | Scene, ViewLayer | Updating Integrator
Fra:22 Mem:131.68M (Peak 153.60M) | Time:00:00.32 | Mem:105.66M, Peak:105.66M | Scene, ViewLayer | Updating Film
Fra:22 Mem:131.68M (Peak 153.60M) | Time:00:00.32 | Mem:105.58M, Peak:105.66M | Scene, ViewLayer | Updating Lookup Tables
Fra:22 Mem:131.68M (Peak 153.60M) | Time:00:00.32 | Mem:105.67M, Peak:105.67M | Scene, ViewLayer | Updating Baking
Fra:22 Mem:131.68M (Peak 153.60M) | Time:00:00.32 | Mem:105.67M, Peak:105.67M | Scene, ViewLayer | Updating Device | Writing constant memory
Fra:22 Mem:131.68M (Peak 153.60M) | Time:00:00.32 | Mem:105.67M, Peak:105.67M | Scene, ViewLayer | Sample 0/16
Fra:22 Mem:137.88M (Peak 153.60M) | Time:00:00.74 | Remaining:00:06.40 | Mem:111.86M, Peak:111.86M | Scene, ViewLayer | Sample 1/16
Fra:22 Mem:140.63M (Peak 153.60M) | Time:00:06.98 | Mem:111.86M, Peak:111.86M | Scene, ViewLayer | Sample 16/16
Fra:22 Mem:140.63M (Peak 153.60M) | Time:00:06.98 | Mem:111.86M, Peak:111.86M | Scene, ViewLayer | Finished
Fra:22 Mem:28.71M (Peak 153.60M) | Time:00:06.98 | Compositing
Saved: 'work/preview-frames/messi/frame_0022.png'
Time: 00:07.07 (Saving: 00:00.03)

Fra:23 Mem:27.00M (Peak 27.00M) | Time:00:00.00 | Mem:0.00M, Peak:0.00M | Scene, ViewLayer | Synchronizing object | 柔光主灯
Fra:23 Mem:27.00M (Peak 27.00M) | Time:00:00.00 | Mem:0.00M, Peak:0.00M | Scene, ViewLayer | Synchronizing object | 内圈 · 古金细边
Fra:23 Mem:27.00M (Peak 27.00M) | Time:00:00.00 | Mem:0.00M, Peak:0.00M | Scene, ViewLayer | Synchronizing object | 正面均匀补光
Fra:23 Mem:27.00M (Peak 27.00M) | Time:00:00.00 | Mem:0.00M, Peak:0.00M | Scene, ViewLayer | Synchronizing object | 顶部金光
Fra:23 Mem:27.01M (Peak 27.01M) | Time:00:00.00 | Mem:0.00M, Peak:0.00M | Scene, ViewLayer | Synchronizing object | 主体平面 · 完整视差合成
Fra:23 Mem:27.01M (Peak 27.01M) | Time:00:00.00 | Mem:0.00M, Peak:0.00M | Scene, ViewLayer | Synchronizing object | 外圈 · 全息压边
Fra:23 Mem:27.02M (Peak 27.02M) | Time:00:00.00 | Mem:0.00M, Peak:0.00M | Scene, ViewLayer | Synchronizing object | 文字平面 · Alpha PNG
Fra:23 Mem:27.03M (Peak 27.03M) | Time:00:00.00 | Mem:0.00M, Peak:0.00M | Scene, ViewLayer | Initializing
Fra:23 Mem:27.01M (Peak 27.03M) | Time:00:00.00 | Mem:0.00M, Peak:0.00M | Scene, ViewLayer | Updating Images | Loading text.png
Fra:23 Mem:27.01M (Peak 27.03M) | Time:00:00.00 | Mem:0.00M, Peak:0.00M | Scene, ViewLayer | Updating Images | Loading subject.png
Fra:23 Mem:69.21M (Peak 90.31M) | Time:00:00.07 | Mem:21.09M, Peak:21.09M | Scene, ViewLayer | Updating Images | Loading lineart.png
Fra:23 Mem:90.31M (Peak 111.41M) | Time:00:00.13 | Mem:42.19M, Peak:42.19M | Scene, ViewLayer | Updating Images | Loading background.png
Fra:23 Mem:131.52M (Peak 153.60M) | Time:00:00.31 | Mem:105.47M, Peak:105.47M | Scene, ViewLayer | Waiting for render to start
Fra:23 Mem:131.52M (Peak 153.60M) | Time:00:00.31 | Mem:105.47M, Peak:105.47M | Scene, ViewLayer | Updating Scene
Fra:23 Mem:131.52M (Peak 153.60M) | Time:00:00.31 | Mem:105.47M, Peak:105.47M | Scene, ViewLayer | Updating Shaders
Fra:23 Mem:131.52M (Peak 153.60M) | Time:00:00.31 | Mem:105.47M, Peak:105.47M | Scene, ViewLayer | Loading render kernels (may take a few minutes the first time)
Fra:23 Mem:131.63M (Peak 153.60M) | Time:00:00.31 | Mem:105.50M, Peak:105.50M | Scene, ViewLayer | Updating Procedurals
Fra:23 Mem:131.63M (Peak 153.60M) | Time:00:00.31 | Mem:105.50M, Peak:105.50M | Scene, ViewLayer | Updating Background
Fra:23 Mem:131.63M (Peak 153.60M) | Time:00:00.31 | Mem:105.50M, Peak:105.50M | Scene, ViewLayer | Updating Camera
Fra:23 Mem:131.63M (Peak 153.60M) | Time:00:00.31 | Mem:105.50M, Peak:105.50M | Scene, ViewLayer | Updating Meshes Flags
Fra:23 Mem:131.63M (Peak 153.60M) | Time:00:00.31 | Mem:105.50M, Peak:105.50M | Scene, ViewLayer | Updating Objects
Fra:23 Mem:131.63M (Peak 153.60M) | Time:00:00.31 | Mem:105.50M, Peak:105.50M | Scene, ViewLayer | Updating Objects | Copying Transformations to device
Fra:23 Mem:131.64M (Peak 153.60M) | Time:00:00.31 | Mem:105.51M, Peak:105.51M | Scene, ViewLayer | Updating Particle Systems
Fra:23 Mem:131.64M (Peak 153.60M) | Time:00:00.31 | Mem:105.51M, Peak:105.51M | Scene, ViewLayer | Updating Particle Systems | Copying Particles to device
Fra:23 Mem:131.64M (Peak 153.60M) | Time:00:00.31 | Mem:105.51M, Peak:105.51M | Scene, ViewLayer | Updating Meshes
Fra:23 Mem:131.64M (Peak 153.60M) | Time:00:00.31 | Mem:105.51M, Peak:105.51M | Scene, ViewLayer | Updating Objects | Applying Static Transformations
Fra:23 Mem:131.64M (Peak 153.60M) | Time:00:00.31 | Mem:105.51M, Peak:105.51M | Scene, ViewLayer | Updating Mesh | Computing attributes
Fra:23 Mem:131.65M (Peak 153.60M) | Time:00:00.31 | Mem:105.51M, Peak:105.51M | Scene, ViewLayer | Updating Mesh | Copying Attributes to device
Fra:23 Mem:131.65M (Peak 153.60M) | Time:00:00.31 | Mem:105.52M, Peak:105.52M | Scene, ViewLayer | Updating Scene BVH | Building
Fra:23 Mem:131.65M (Peak 153.60M) | Time:00:00.31 | Mem:105.52M, Peak:105.52M | Scene, ViewLayer | Updating Scene BVH | Building BVH
Fra:23 Mem:131.65M (Peak 153.60M) | Time:00:00.31 | Mem:105.53M, Peak:105.53M | Scene, ViewLayer | Updating Scene BVH | Building BVH 0%
Fra:23 Mem:131.65M (Peak 153.60M) | Time:00:00.31 | Mem:105.56M, Peak:105.57M | Scene, ViewLayer | Updating Scene BVH | Copying BVH to device
Fra:23 Mem:131.65M (Peak 153.60M) | Time:00:00.31 | Mem:105.56M, Peak:105.57M | Scene, ViewLayer | Updating Mesh | Computing normals
Fra:23 Mem:131.66M (Peak 153.60M) | Time:00:00.31 | Mem:105.56M, Peak:105.57M | Scene, ViewLayer | Updating Mesh | Copying Mesh to device
Fra:23 Mem:131.66M (Peak 153.60M) | Time:00:00.31 | Mem:105.57M, Peak:105.57M | Scene, ViewLayer | Updating Objects Flags
Fra:23 Mem:131.66M (Peak 153.60M) | Time:00:00.31 | Mem:105.57M, Peak:105.57M | Scene, ViewLayer | Updating Primitive Offsets
Fra:23 Mem:131.66M (Peak 153.60M) | Time:00:00.31 | Mem:105.57M, Peak:105.57M | Scene, ViewLayer | Updating Images
Fra:23 Mem:131.66M (Peak 153.60M) | Time:00:00.31 | Mem:105.57M, Peak:105.57M | Scene, ViewLayer | Updating Camera Volume
Fra:23 Mem:131.66M (Peak 153.60M) | Time:00:00.31 | Mem:105.57M, Peak:105.57M | Scene, ViewLayer | Updating Lookup Tables
Fra:23 Mem:131.66M (Peak 153.60M) | Time:00:00.31 | Mem:105.65M, Peak:105.65M | Scene, ViewLayer | Updating Lights
Fra:23 Mem:131.66M (Peak 153.60M) | Time:00:00.31 | Mem:105.65M, Peak:105.65M | Scene, ViewLayer | Updating Lights | Computing tree
Fra:23 Mem:131.68M (Peak 153.60M) | Time:00:00.31 | Mem:105.66M, Peak:105.66M | Scene, ViewLayer | Updating Integrator
Fra:23 Mem:131.68M (Peak 153.60M) | Time:00:00.31 | Mem:105.66M, Peak:105.66M | Scene, ViewLayer | Updating Film
Fra:23 Mem:131.68M (Peak 153.60M) | Time:00:00.31 | Mem:105.58M, Peak:105.66M | Scene, ViewLayer | Updating Lookup Tables
Fra:23 Mem:131.68M (Peak 153.60M) | Time:00:00.31 | Mem:105.67M, Peak:105.67M | Scene, ViewLayer | Updating Baking
Fra:23 Mem:131.68M (Peak 153.60M) | Time:00:00.31 | Mem:105.67M, Peak:105.67M | Scene, ViewLayer | Updating Device | Writing constant memory
Fra:23 Mem:131.68M (Peak 153.60M) | Time:00:00.31 | Mem:105.67M, Peak:105.67M | Scene, ViewLayer | Sample 0/16
Fra:23 Mem:137.88M (Peak 153.60M) | Time:00:00.74 | Remaining:00:06.34 | Mem:111.86M, Peak:111.86M | Scene, ViewLayer | Sample 1/16
Fra:23 Mem:140.63M (Peak 153.60M) | Time:00:06.93 | Mem:111.86M, Peak:111.86M | Scene, ViewLayer | Sample 16/16
Fra:23 Mem:140.63M (Peak 153.60M) | Time:00:06.93 | Mem:111.86M, Peak:111.86M | Scene, ViewLayer | Finished
Fra:23 Mem:28.71M (Peak 153.60M) | Time:00:06.94 | Compositing
Saved: 'work/preview-frames/messi/frame_0023.png'
Time: 00:07.02 (Saving: 00:00.04)

Fra:24 Mem:27.00M (Peak 27.00M) | Time:00:00.00 | Mem:0.00M, Peak:0.00M | Scene, ViewLayer | Synchronizing object | 柔光主灯
Fra:24 Mem:27.00M (Peak 27.00M) | Time:00:00.00 | Mem:0.00M, Peak:0.00M | Scene, ViewLayer | Synchronizing object | 内圈 · 古金细边
Fra:24 Mem:27.00M (Peak 27.00M) | Time:00:00.00 | Mem:0.00M, Peak:0.00M | Scene, ViewLayer | Synchronizing object | 正面均匀补光
Fra:24 Mem:27.01M (Peak 27.01M) | Time:00:00.00 | Mem:0.00M, Peak:0.00M | Scene, ViewLayer | Synchronizing object | 顶部金光
Fra:24 Mem:27.01M (Peak 27.01M) | Time:00:00.00 | Mem:0.00M, Peak:0.00M | Scene, ViewLayer | Synchronizing object | 主体平面 · 完整视差合成
Fra:24 Mem:27.01M (Peak 27.01M) | Time:00:00.00 | Mem:0.00M, Peak:0.00M | Scene, ViewLayer | Synchronizing object | 外圈 · 全息压边
Fra:24 Mem:27.02M (Peak 27.02M) | Time:00:00.00 | Mem:0.00M, Peak:0.00M | Scene, ViewLayer | Synchronizing object | 文字平面 · Alpha PNG
Fra:24 Mem:27.03M (Peak 27.03M) | Time:00:00.00 | Mem:0.00M, Peak:0.00M | Scene, ViewLayer | Initializing
Fra:24 Mem:27.01M (Peak 27.03M) | Time:00:00.00 | Mem:0.00M, Peak:0.00M | Scene, ViewLayer | Updating Images | Loading text.png
Fra:24 Mem:27.01M (Peak 27.03M) | Time:00:00.00 | Mem:0.00M, Peak:0.00M | Scene, ViewLayer | Updating Images | Loading subject.png
Fra:24 Mem:69.21M (Peak 90.31M) | Time:00:00.07 | Mem:21.09M, Peak:21.09M | Scene, ViewLayer | Updating Images | Loading lineart.png
Fra:24 Mem:90.31M (Peak 111.41M) | Time:00:00.14 | Mem:42.19M, Peak:42.19M | Scene, ViewLayer | Updating Images | Loading background.png
Fra:24 Mem:131.52M (Peak 153.60M) | Time:00:00.32 | Mem:105.47M, Peak:105.47M | Scene, ViewLayer | Waiting for render to start
Fra:24 Mem:131.52M (Peak 153.60M) | Time:00:00.32 | Mem:105.47M, Peak:105.47M | Scene, ViewLayer | Updating Scene
Fra:24 Mem:131.52M (Peak 153.60M) | Time:00:00.32 | Mem:105.47M, Peak:105.47M | Scene, ViewLayer | Updating Shaders
Fra:24 Mem:131.52M (Peak 153.60M) | Time:00:00.32 | Mem:105.47M, Peak:105.47M | Scene, ViewLayer | Loading render kernels (may take a few minutes the first time)
Fra:24 Mem:131.63M (Peak 153.60M) | Time:00:00.32 | Mem:105.50M, Peak:105.50M | Scene, ViewLayer | Updating Procedurals
Fra:24 Mem:131.63M (Peak 153.60M) | Time:00:00.32 | Mem:105.50M, Peak:105.50M | Scene, ViewLayer | Updating Background
Fra:24 Mem:131.63M (Peak 153.60M) | Time:00:00.32 | Mem:105.50M, Peak:105.50M | Scene, ViewLayer | Updating Camera
Fra:24 Mem:131.63M (Peak 153.60M) | Time:00:00.32 | Mem:105.50M, Peak:105.50M | Scene, ViewLayer | Updating Meshes Flags
Fra:24 Mem:131.63M (Peak 153.60M) | Time:00:00.32 | Mem:105.50M, Peak:105.50M | Scene, ViewLayer | Updating Objects
Fra:24 Mem:131.63M (Peak 153.60M) | Time:00:00.32 | Mem:105.50M, Peak:105.50M | Scene, ViewLayer | Updating Objects | Copying Transformations to device
Fra:24 Mem:131.64M (Peak 153.60M) | Time:00:00.32 | Mem:105.51M, Peak:105.51M | Scene, ViewLayer | Updating Particle Systems
Fra:24 Mem:131.64M (Peak 153.60M) | Time:00:00.32 | Mem:105.51M, Peak:105.51M | Scene, ViewLayer | Updating Particle Systems | Copying Particles to device
Fra:24 Mem:131.64M (Peak 153.60M) | Time:00:00.32 | Mem:105.51M, Peak:105.51M | Scene, ViewLayer | Updating Meshes
Fra:24 Mem:131.64M (Peak 153.60M) | Time:00:00.32 | Mem:105.51M, Peak:105.51M | Scene, ViewLayer | Updating Objects | Applying Static Transformations
Fra:24 Mem:131.64M (Peak 153.60M) | Time:00:00.32 | Mem:105.51M, Peak:105.51M | Scene, ViewLayer | Updating Mesh | Computing attributes
Fra:24 Mem:131.65M (Peak 153.60M) | Time:00:00.32 | Mem:105.51M, Peak:105.51M | Scene, ViewLayer | Updating Mesh | Copying Attributes to device
Fra:24 Mem:131.65M (Peak 153.60M) | Time:00:00.32 | Mem:105.52M, Peak:105.52M | Scene, ViewLayer | Updating Scene BVH | Building
Fra:24 Mem:131.65M (Peak 153.60M) | Time:00:00.32 | Mem:105.52M, Peak:105.52M | Scene, ViewLayer | Updating Scene BVH | Building BVH
Fra:24 Mem:131.65M (Peak 153.60M) | Time:00:00.32 | Mem:105.53M, Peak:105.53M | Scene, ViewLayer | Updating Scene BVH | Building BVH 0%
Fra:24 Mem:131.65M (Peak 153.60M) | Time:00:00.32 | Mem:105.56M, Peak:105.57M | Scene, ViewLayer | Updating Scene BVH | Copying BVH to device
Fra:24 Mem:131.65M (Peak 153.60M) | Time:00:00.32 | Mem:105.56M, Peak:105.57M | Scene, ViewLayer | Updating Mesh | Computing normals
Fra:24 Mem:131.66M (Peak 153.60M) | Time:00:00.32 | Mem:105.56M, Peak:105.57M | Scene, ViewLayer | Updating Mesh | Copying Mesh to device
Fra:24 Mem:131.66M (Peak 153.60M) | Time:00:00.32 | Mem:105.57M, Peak:105.57M | Scene, ViewLayer | Updating Objects Flags
Fra:24 Mem:131.66M (Peak 153.60M) | Time:00:00.32 | Mem:105.57M, Peak:105.57M | Scene, ViewLayer | Updating Primitive Offsets
Fra:24 Mem:131.66M (Peak 153.60M) | Time:00:00.32 | Mem:105.57M, Peak:105.57M | Scene, ViewLayer | Updating Images
Fra:24 Mem:131.66M (Peak 153.60M) | Time:00:00.32 | Mem:105.57M, Peak:105.57M | Scene, ViewLayer | Updating Camera Volume
Fra:24 Mem:131.66M (Peak 153.60M) | Time:00:00.32 | Mem:105.57M, Peak:105.57M | Scene, ViewLayer | Updating Lookup Tables
Fra:24 Mem:131.66M (Peak 153.60M) | Time:00:00.32 | Mem:105.65M, Peak:105.65M | Scene, ViewLayer | Updating Lights
Fra:24 Mem:131.67M (Peak 153.60M) | Time:00:00.32 | Mem:105.65M, Peak:105.65M | Scene, ViewLayer | Updating Lights | Computing tree
Fra:24 Mem:131.68M (Peak 153.60M) | Time:00:00.32 | Mem:105.66M, Peak:105.66M | Scene, ViewLayer | Updating Integrator
Fra:24 Mem:131.68M (Peak 153.60M) | Time:00:00.32 | Mem:105.66M, Peak:105.66M | Scene, ViewLayer | Updating Film
Fra:24 Mem:131.68M (Peak 153.60M) | Time:00:00.32 | Mem:105.58M, Peak:105.66M | Scene, ViewLayer | Updating Lookup Tables
Fra:24 Mem:131.68M (Peak 153.60M) | Time:00:00.32 | Mem:105.67M, Peak:105.67M | Scene, ViewLayer | Updating Baking
Fra:24 Mem:131.68M (Peak 153.60M) | Time:00:00.32 | Mem:105.67M, Peak:105.67M | Scene, ViewLayer | Updating Device | Writing constant memory
Fra:24 Mem:131.68M (Peak 153.60M) | Time:00:00.32 | Mem:105.67M, Peak:105.67M | Scene, ViewLayer | Sample 0/16
Fra:24 Mem:137.88M (Peak 153.60M) | Time:00:00.75 | Remaining:00:06.34 | Mem:111.86M, Peak:111.86M | Scene, ViewLayer | Sample 1/16
Fra:24 Mem:140.63M (Peak 153.60M) | Time:00:06.96 | Mem:111.86M, Peak:111.86M | Scene, ViewLayer | Sample 16/16
Fra:24 Mem:140.63M (Peak 153.60M) | Time:00:06.97 | Mem:111.86M, Peak:111.86M | Scene, ViewLayer | Finished
Fra:24 Mem:28.71M (Peak 153.60M) | Time:00:06.97 | Compositing
Saved: 'work/preview-frames/messi/frame_0024.png'
Time: 00:07.06 (Saving: 00:00.04)

Fra:25 Mem:27.00M (Peak 27.00M) | Time:00:00.00 | Mem:0.00M, Peak:0.00M | Scene, ViewLayer | Synchronizing object | 柔光主灯
Fra:25 Mem:27.00M (Peak 27.00M) | Time:00:00.00 | Mem:0.00M, Peak:0.00M | Scene, ViewLayer | Synchronizing object | 内圈 · 古金细边
Fra:25 Mem:27.00M (Peak 27.00M) | Time:00:00.00 | Mem:0.00M, Peak:0.00M | Scene, ViewLayer | Synchronizing object | 正面均匀补光
Fra:25 Mem:27.01M (Peak 27.01M) | Time:00:00.00 | Mem:0.00M, Peak:0.00M | Scene, ViewLayer | Synchronizing object | 顶部金光
Fra:25 Mem:27.01M (Peak 27.01M) | Time:00:00.00 | Mem:0.00M, Peak:0.00M | Scene, ViewLayer | Synchronizing object | 主体平面 · 完整视差合成
Fra:25 Mem:27.01M (Peak 27.01M) | Time:00:00.00 | Mem:0.00M, Peak:0.00M | Scene, ViewLayer | Synchronizing object | 外圈 · 全息压边
Fra:25 Mem:27.02M (Peak 27.02M) | Time:00:00.00 | Mem:0.00M, Peak:0.00M | Scene, ViewLayer | Synchronizing object | 文字平面 · Alpha PNG
Fra:25 Mem:27.03M (Peak 27.03M) | Time:00:00.00 | Mem:0.00M, Peak:0.00M | Scene, ViewLayer | Initializing
Fra:25 Mem:27.01M (Peak 27.03M) | Time:00:00.00 | Mem:0.00M, Peak:0.00M | Scene, ViewLayer | Updating Images | Loading text.png
Fra:25 Mem:27.01M (Peak 27.03M) | Time:00:00.00 | Mem:0.00M, Peak:0.00M | Scene, ViewLayer | Updating Images | Loading subject.png
Fra:25 Mem:69.21M (Peak 90.31M) | Time:00:00.07 | Mem:21.09M, Peak:21.09M | Scene, ViewLayer | Updating Images | Loading lineart.png
Fra:25 Mem:90.31M (Peak 111.41M) | Time:00:00.13 | Mem:42.19M, Peak:42.19M | Scene, ViewLayer | Updating Images | Loading background.png
Fra:25 Mem:131.52M (Peak 153.60M) | Time:00:00.32 | Mem:105.47M, Peak:105.47M | Scene, ViewLayer | Waiting for render to start
Fra:25 Mem:131.52M (Peak 153.60M) | Time:00:00.32 | Mem:105.47M, Peak:105.47M | Scene, ViewLayer | Updating Scene
Fra:25 Mem:131.52M (Peak 153.60M) | Time:00:00.32 | Mem:105.47M, Peak:105.47M | Scene, ViewLayer | Updating Shaders
Fra:25 Mem:131.52M (Peak 153.60M) | Time:00:00.32 | Mem:105.47M, Peak:105.47M | Scene, ViewLayer | Loading render kernels (may take a few minutes the first time)
Fra:25 Mem:131.63M (Peak 153.60M) | Time:00:00.32 | Mem:105.50M, Peak:105.50M | Scene, ViewLayer | Updating Procedurals
Fra:25 Mem:131.63M (Peak 153.60M) | Time:00:00.32 | Mem:105.50M, Peak:105.50M | Scene, ViewLayer | Updating Background
Fra:25 Mem:131.63M (Peak 153.60M) | Time:00:00.32 | Mem:105.50M, Peak:105.50M | Scene, ViewLayer | Updating Camera
Fra:25 Mem:131.63M (Peak 153.60M) | Time:00:00.32 | Mem:105.50M, Peak:105.50M | Scene, ViewLayer | Updating Meshes Flags
Fra:25 Mem:131.63M (Peak 153.60M) | Time:00:00.32 | Mem:105.50M, Peak:105.50M | Scene, ViewLayer | Updating Objects
Fra:25 Mem:131.63M (Peak 153.60M) | Time:00:00.32 | Mem:105.50M, Peak:105.50M | Scene, ViewLayer | Updating Objects | Copying Transformations to device
Fra:25 Mem:131.64M (Peak 153.60M) | Time:00:00.32 | Mem:105.51M, Peak:105.51M | Scene, ViewLayer | Updating Particle Systems
Fra:25 Mem:131.64M (Peak 153.60M) | Time:00:00.32 | Mem:105.51M, Peak:105.51M | Scene, ViewLayer | Updating Particle Systems | Copying Particles to device
Fra:25 Mem:131.64M (Peak 153.60M) | Time:00:00.32 | Mem:105.51M, Peak:105.51M | Scene, ViewLayer | Updating Meshes
Fra:25 Mem:131.64M (Peak 153.60M) | Time:00:00.32 | Mem:105.51M, Peak:105.51M | Scene, ViewLayer | Updating Objects | Applying Static Transformations
Fra:25 Mem:131.64M (Peak 153.60M) | Time:00:00.32 | Mem:105.51M, Peak:105.51M | Scene, ViewLayer | Updating Mesh | Computing attributes
Fra:25 Mem:131.65M (Peak 153.60M) | Time:00:00.32 | Mem:105.51M, Peak:105.51M | Scene, ViewLayer | Updating Mesh | Copying Attributes to device
Fra:25 Mem:131.65M (Peak 153.60M) | Time:00:00.32 | Mem:105.52M, Peak:105.52M | Scene, ViewLayer | Updating Scene BVH | Building
Fra:25 Mem:131.65M (Peak 153.60M) | Time:00:00.32 | Mem:105.52M, Peak:105.52M | Scene, ViewLayer | Updating Scene BVH | Building BVH
Fra:25 Mem:131.65M (Peak 153.60M) | Time:00:00.32 | Mem:105.53M, Peak:105.53M | Scene, ViewLayer | Updating Scene BVH | Building BVH 0%
Fra:25 Mem:131.65M (Peak 153.60M) | Time:00:00.32 | Mem:105.56M, Peak:105.57M | Scene, ViewLayer | Updating Scene BVH | Copying BVH to device
Fra:25 Mem:131.65M (Peak 153.60M) | Time:00:00.32 | Mem:105.56M, Peak:105.57M | Scene, ViewLayer | Updating Mesh | Computing normals
Fra:25 Mem:131.66M (Peak 153.60M) | Time:00:00.32 | Mem:105.56M, Peak:105.57M | Scene, ViewLayer | Updating Mesh | Copying Mesh to device
Fra:25 Mem:131.66M (Peak 153.60M) | Time:00:00.32 | Mem:105.57M, Peak:105.57M | Scene, ViewLayer | Updating Objects Flags
Fra:25 Mem:131.66M (Peak 153.60M) | Time:00:00.32 | Mem:105.57M, Peak:105.57M | Scene, ViewLayer | Updating Primitive Offsets
Fra:25 Mem:131.66M (Peak 153.60M) | Time:00:00.32 | Mem:105.57M, Peak:105.57M | Scene, ViewLayer | Updating Images
Fra:25 Mem:131.66M (Peak 153.60M) | Time:00:00.32 | Mem:105.57M, Peak:105.57M | Scene, ViewLayer | Updating Camera Volume
Fra:25 Mem:131.66M (Peak 153.60M) | Time:00:00.32 | Mem:105.57M, Peak:105.57M | Scene, ViewLayer | Updating Lookup Tables
Fra:25 Mem:131.66M (Peak 153.60M) | Time:00:00.32 | Mem:105.65M, Peak:105.65M | Scene, ViewLayer | Updating Lights
Fra:25 Mem:131.67M (Peak 153.60M) | Time:00:00.32 | Mem:105.65M, Peak:105.65M | Scene, ViewLayer | Updating Lights | Computing tree
Fra:25 Mem:131.68M (Peak 153.60M) | Time:00:00.32 | Mem:105.66M, Peak:105.66M | Scene, ViewLayer | Updating Integrator
Fra:25 Mem:131.68M (Peak 153.60M) | Time:00:00.32 | Mem:105.66M, Peak:105.66M | Scene, ViewLayer | Updating Film
Fra:25 Mem:131.68M (Peak 153.60M) | Time:00:00.32 | Mem:105.58M, Peak:105.66M | Scene, ViewLayer | Updating Lookup Tables
Fra:25 Mem:131.68M (Peak 153.60M) | Time:00:00.32 | Mem:105.67M, Peak:105.67M | Scene, ViewLayer | Updating Baking
Fra:25 Mem:131.68M (Peak 153.60M) | Time:00:00.32 | Mem:105.67M, Peak:105.67M | Scene, ViewLayer | Updating Device | Writing constant memory
Fra:25 Mem:131.68M (Peak 153.60M) | Time:00:00.32 | Mem:105.67M, Peak:105.67M | Scene, ViewLayer | Sample 0/16
Fra:25 Mem:137.88M (Peak 153.60M) | Time:00:00.75 | Remaining:00:06.44 | Mem:111.86M, Peak:111.86M | Scene, ViewLayer | Sample 1/16
Fra:25 Mem:140.63M (Peak 153.60M) | Time:00:07.04 | Mem:111.86M, Peak:111.86M | Scene, ViewLayer | Sample 16/16
Fra:25 Mem:140.63M (Peak 153.60M) | Time:00:07.04 | Mem:111.86M, Peak:111.86M | Scene, ViewLayer | Finished
Fra:25 Mem:28.71M (Peak 153.60M) | Time:00:07.05 | Compositing
Saved: 'work/preview-frames/messi/frame_0025.png'
Time: 00:07.13 (Saving: 00:00.04)

Fra:26 Mem:27.00M (Peak 27.00M) | Time:00:00.00 | Mem:0.00M, Peak:0.00M | Scene, ViewLayer | Synchronizing object | 柔光主灯
Fra:26 Mem:27.00M (Peak 27.00M) | Time:00:00.00 | Mem:0.00M, Peak:0.00M | Scene, ViewLayer | Synchronizing object | 内圈 · 古金细边
Fra:26 Mem:27.00M (Peak 27.00M) | Time:00:00.00 | Mem:0.00M, Peak:0.00M | Scene, ViewLayer | Synchronizing object | 正面均匀补光
Fra:26 Mem:27.01M (Peak 27.01M) | Time:00:00.00 | Mem:0.00M, Peak:0.00M | Scene, ViewLayer | Synchronizing object | 顶部金光
Fra:26 Mem:27.01M (Peak 27.01M) | Time:00:00.00 | Mem:0.00M, Peak:0.00M | Scene, ViewLayer | Synchronizing object | 主体平面 · 完整视差合成
Fra:26 Mem:27.01M (Peak 27.01M) | Time:00:00.00 | Mem:0.00M, Peak:0.00M | Scene, ViewLayer | Synchronizing object | 外圈 · 全息压边
Fra:26 Mem:27.02M (Peak 27.02M) | Time:00:00.00 | Mem:0.00M, Peak:0.00M | Scene, ViewLayer | Synchronizing object | 文字平面 · Alpha PNG
Fra:26 Mem:27.03M (Peak 27.03M) | Time:00:00.00 | Mem:0.00M, Peak:0.00M | Scene, ViewLayer | Initializing
Fra:26 Mem:27.01M (Peak 27.03M) | Time:00:00.00 | Mem:0.00M, Peak:0.00M | Scene, ViewLayer | Updating Images | Loading text.png
Fra:26 Mem:27.01M (Peak 27.03M) | Time:00:00.00 | Mem:0.00M, Peak:0.00M | Scene, ViewLayer | Updating Images | Loading subject.png
Fra:26 Mem:69.21M (Peak 90.31M) | Time:00:00.07 | Mem:21.09M, Peak:21.09M | Scene, ViewLayer | Updating Images | Loading lineart.png
Fra:26 Mem:90.31M (Peak 111.41M) | Time:00:00.14 | Mem:42.19M, Peak:42.19M | Scene, ViewLayer | Updating Images | Loading background.png
Fra:26 Mem:131.52M (Peak 153.60M) | Time:00:00.32 | Mem:105.47M, Peak:105.47M | Scene, ViewLayer | Waiting for render to start
Fra:26 Mem:131.52M (Peak 153.60M) | Time:00:00.32 | Mem:105.47M, Peak:105.47M | Scene, ViewLayer | Updating Scene
Fra:26 Mem:131.52M (Peak 153.60M) | Time:00:00.32 | Mem:105.47M, Peak:105.47M | Scene, ViewLayer | Updating Shaders
Fra:26 Mem:131.52M (Peak 153.60M) | Time:00:00.32 | Mem:105.47M, Peak:105.47M | Scene, ViewLayer | Loading render kernels (may take a few minutes the first time)
Fra:26 Mem:131.63M (Peak 153.60M) | Time:00:00.32 | Mem:105.50M, Peak:105.50M | Scene, ViewLayer | Updating Procedurals
Fra:26 Mem:131.63M (Peak 153.60M) | Time:00:00.32 | Mem:105.50M, Peak:105.50M | Scene, ViewLayer | Updating Background
Fra:26 Mem:131.63M (Peak 153.60M) | Time:00:00.32 | Mem:105.50M, Peak:105.50M | Scene, ViewLayer | Updating Camera
Fra:26 Mem:131.63M (Peak 153.60M) | Time:00:00.32 | Mem:105.50M, Peak:105.50M | Scene, ViewLayer | Updating Meshes Flags
Fra:26 Mem:131.63M (Peak 153.60M) | Time:00:00.32 | Mem:105.50M, Peak:105.50M | Scene, ViewLayer | Updating Objects
Fra:26 Mem:131.63M (Peak 153.60M) | Time:00:00.32 | Mem:105.50M, Peak:105.50M | Scene, ViewLayer | Updating Objects | Copying Transformations to device
Fra:26 Mem:131.64M (Peak 153.60M) | Time:00:00.32 | Mem:105.51M, Peak:105.51M | Scene, ViewLayer | Updating Particle Systems
Fra:26 Mem:131.64M (Peak 153.60M) | Time:00:00.32 | Mem:105.51M, Peak:105.51M | Scene, ViewLayer | Updating Particle Systems | Copying Particles to device
Fra:26 Mem:131.64M (Peak 153.60M) | Time:00:00.32 | Mem:105.51M, Peak:105.51M | Scene, ViewLayer | Updating Meshes
Fra:26 Mem:131.64M (Peak 153.60M) | Time:00:00.32 | Mem:105.51M, Peak:105.51M | Scene, ViewLayer | Updating Objects | Applying Static Transformations
Fra:26 Mem:131.64M (Peak 153.60M) | Time:00:00.32 | Mem:105.51M, Peak:105.51M | Scene, ViewLayer | Updating Mesh | Computing attributes
Fra:26 Mem:131.65M (Peak 153.60M) | Time:00:00.32 | Mem:105.51M, Peak:105.51M | Scene, ViewLayer | Updating Mesh | Copying Attributes to device
Fra:26 Mem:131.65M (Peak 153.60M) | Time:00:00.32 | Mem:105.52M, Peak:105.52M | Scene, ViewLayer | Updating Scene BVH | Building
Fra:26 Mem:131.65M (Peak 153.60M) | Time:00:00.32 | Mem:105.52M, Peak:105.52M | Scene, ViewLayer | Updating Scene BVH | Building BVH
Fra:26 Mem:131.65M (Peak 153.60M) | Time:00:00.32 | Mem:105.53M, Peak:105.53M | Scene, ViewLayer | Updating Scene BVH | Building BVH 0%
Fra:26 Mem:131.65M (Peak 153.60M) | Time:00:00.32 | Mem:105.55M, Peak:105.57M | Scene, ViewLayer | Updating Scene BVH | Copying BVH to device
Fra:26 Mem:131.65M (Peak 153.60M) | Time:00:00.32 | Mem:105.55M, Peak:105.57M | Scene, ViewLayer | Updating Mesh | Computing normals
Fra:26 Mem:131.66M (Peak 153.60M) | Time:00:00.32 | Mem:105.55M, Peak:105.57M | Scene, ViewLayer | Updating Mesh | Copying Mesh to device
Fra:26 Mem:131.66M (Peak 153.60M) | Time:00:00.32 | Mem:105.57M, Peak:105.57M | Scene, ViewLayer | Updating Objects Flags
Fra:26 Mem:131.66M (Peak 153.60M) | Time:00:00.32 | Mem:105.57M, Peak:105.57M | Scene, ViewLayer | Updating Primitive Offsets
Fra:26 Mem:131.66M (Peak 153.60M) | Time:00:00.32 | Mem:105.57M, Peak:105.57M | Scene, ViewLayer | Updating Images
Fra:26 Mem:131.66M (Peak 153.60M) | Time:00:00.32 | Mem:105.57M, Peak:105.57M | Scene, ViewLayer | Updating Camera Volume
Fra:26 Mem:131.66M (Peak 153.60M) | Time:00:00.32 | Mem:105.57M, Peak:105.57M | Scene, ViewLayer | Updating Lookup Tables
Fra:26 Mem:131.66M (Peak 153.60M) | Time:00:00.32 | Mem:105.65M, Peak:105.65M | Scene, ViewLayer | Updating Lights
Fra:26 Mem:131.67M (Peak 153.60M) | Time:00:00.32 | Mem:105.65M, Peak:105.65M | Scene, ViewLayer | Updating Lights | Computing tree
Fra:26 Mem:131.68M (Peak 153.60M) | Time:00:00.32 | Mem:105.66M, Peak:105.66M | Scene, ViewLayer | Updating Integrator
Fra:26 Mem:131.68M (Peak 153.60M) | Time:00:00.32 | Mem:105.66M, Peak:105.66M | Scene, ViewLayer | Updating Film
Fra:26 Mem:131.68M (Peak 153.60M) | Time:00:00.32 | Mem:105.58M, Peak:105.66M | Scene, ViewLayer | Updating Lookup Tables
Fra:26 Mem:131.68M (Peak 153.60M) | Time:00:00.33 | Mem:105.67M, Peak:105.67M | Scene, ViewLayer | Updating Baking
Fra:26 Mem:131.68M (Peak 153.60M) | Time:00:00.33 | Mem:105.67M, Peak:105.67M | Scene, ViewLayer | Updating Device | Writing constant memory
Fra:26 Mem:131.68M (Peak 153.60M) | Time:00:00.33 | Mem:105.67M, Peak:105.67M | Scene, ViewLayer | Sample 0/16
Fra:26 Mem:137.88M (Peak 153.60M) | Time:00:00.76 | Remaining:00:06.52 | Mem:111.86M, Peak:111.86M | Scene, ViewLayer | Sample 1/16
Fra:26 Mem:140.63M (Peak 153.60M) | Time:00:07.21 | Mem:111.86M, Peak:111.86M | Scene, ViewLayer | Sample 16/16
Fra:26 Mem:140.63M (Peak 153.60M) | Time:00:07.21 | Mem:111.86M, Peak:111.86M | Scene, ViewLayer | Finished
Fra:26 Mem:28.71M (Peak 153.60M) | Time:00:07.21 | Compositing
Saved: 'work/preview-frames/messi/frame_0026.png'
Time: 00:07.30 (Saving: 00:00.03)

Fra:27 Mem:27.00M (Peak 27.00M) | Time:00:00.00 | Mem:0.00M, Peak:0.00M | Scene, ViewLayer | Synchronizing object | 柔光主灯
Fra:27 Mem:27.00M (Peak 27.00M) | Time:00:00.00 | Mem:0.00M, Peak:0.00M | Scene, ViewLayer | Synchronizing object | 内圈 · 古金细边
Fra:27 Mem:27.00M (Peak 27.00M) | Time:00:00.00 | Mem:0.00M, Peak:0.00M | Scene, ViewLayer | Synchronizing object | 正面均匀补光
Fra:27 Mem:27.00M (Peak 27.00M) | Time:00:00.00 | Mem:0.00M, Peak:0.00M | Scene, ViewLayer | Synchronizing object | 顶部金光
Fra:27 Mem:27.01M (Peak 27.01M) | Time:00:00.00 | Mem:0.00M, Peak:0.00M | Scene, ViewLayer | Synchronizing object | 主体平面 · 完整视差合成
Fra:27 Mem:27.01M (Peak 27.01M) | Time:00:00.00 | Mem:0.00M, Peak:0.00M | Scene, ViewLayer | Synchronizing object | 外圈 · 全息压边
Fra:27 Mem:27.02M (Peak 27.02M) | Time:00:00.00 | Mem:0.00M, Peak:0.00M | Scene, ViewLayer | Synchronizing object | 文字平面 · Alpha PNG
Fra:27 Mem:27.03M (Peak 27.03M) | Time:00:00.00 | Mem:0.00M, Peak:0.00M | Scene, ViewLayer | Initializing
Fra:27 Mem:27.01M (Peak 27.03M) | Time:00:00.00 | Mem:0.00M, Peak:0.00M | Scene, ViewLayer | Updating Images | Loading text.png
Fra:27 Mem:27.01M (Peak 27.03M) | Time:00:00.00 | Mem:0.00M, Peak:0.00M | Scene, ViewLayer | Updating Images | Loading subject.png
Fra:27 Mem:69.21M (Peak 90.31M) | Time:00:00.07 | Mem:21.09M, Peak:21.09M | Scene, ViewLayer | Updating Images | Loading lineart.png
Fra:27 Mem:90.31M (Peak 111.41M) | Time:00:00.14 | Mem:42.19M, Peak:42.19M | Scene, ViewLayer | Updating Images | Loading background.png
Fra:27 Mem:131.52M (Peak 153.60M) | Time:00:00.32 | Mem:105.47M, Peak:105.47M | Scene, ViewLayer | Waiting for render to start
Fra:27 Mem:131.52M (Peak 153.60M) | Time:00:00.32 | Mem:105.47M, Peak:105.47M | Scene, ViewLayer | Updating Scene
Fra:27 Mem:131.52M (Peak 153.60M) | Time:00:00.32 | Mem:105.47M, Peak:105.47M | Scene, ViewLayer | Updating Shaders
Fra:27 Mem:131.52M (Peak 153.60M) | Time:00:00.32 | Mem:105.47M, Peak:105.47M | Scene, ViewLayer | Loading render kernels (may take a few minutes the first time)
Fra:27 Mem:131.63M (Peak 153.60M) | Time:00:00.32 | Mem:105.50M, Peak:105.50M | Scene, ViewLayer | Updating Procedurals
Fra:27 Mem:131.63M (Peak 153.60M) | Time:00:00.32 | Mem:105.50M, Peak:105.50M | Scene, ViewLayer | Updating Background
Fra:27 Mem:131.63M (Peak 153.60M) | Time:00:00.32 | Mem:105.50M, Peak:105.50M | Scene, ViewLayer | Updating Camera
Fra:27 Mem:131.63M (Peak 153.60M) | Time:00:00.32 | Mem:105.50M, Peak:105.50M | Scene, ViewLayer | Updating Meshes Flags
Fra:27 Mem:131.63M (Peak 153.60M) | Time:00:00.32 | Mem:105.50M, Peak:105.50M | Scene, ViewLayer | Updating Objects
Fra:27 Mem:131.63M (Peak 153.60M) | Time:00:00.32 | Mem:105.50M, Peak:105.50M | Scene, ViewLayer | Updating Objects | Copying Transformations to device
Fra:27 Mem:131.64M (Peak 153.60M) | Time:00:00.32 | Mem:105.51M, Peak:105.51M | Scene, ViewLayer | Updating Particle Systems
Fra:27 Mem:131.64M (Peak 153.60M) | Time:00:00.32 | Mem:105.51M, Peak:105.51M | Scene, ViewLayer | Updating Particle Systems | Copying Particles to device
Fra:27 Mem:131.64M (Peak 153.60M) | Time:00:00.32 | Mem:105.51M, Peak:105.51M | Scene, ViewLayer | Updating Meshes
Fra:27 Mem:131.64M (Peak 153.60M) | Time:00:00.32 | Mem:105.51M, Peak:105.51M | Scene, ViewLayer | Updating Objects | Applying Static Transformations
Fra:27 Mem:131.64M (Peak 153.60M) | Time:00:00.32 | Mem:105.51M, Peak:105.51M | Scene, ViewLayer | Updating Mesh | Computing attributes
Fra:27 Mem:131.65M (Peak 153.60M) | Time:00:00.32 | Mem:105.51M, Peak:105.51M | Scene, ViewLayer | Updating Mesh | Copying Attributes to device
Fra:27 Mem:131.65M (Peak 153.60M) | Time:00:00.32 | Mem:105.52M, Peak:105.52M | Scene, ViewLayer | Updating Scene BVH | Building
Fra:27 Mem:131.65M (Peak 153.60M) | Time:00:00.32 | Mem:105.52M, Peak:105.52M | Scene, ViewLayer | Updating Scene BVH | Building BVH
Fra:27 Mem:131.65M (Peak 153.60M) | Time:00:00.32 | Mem:105.53M, Peak:105.53M | Scene, ViewLayer | Updating Scene BVH | Building BVH 0%
Fra:27 Mem:131.65M (Peak 153.60M) | Time:00:00.32 | Mem:105.56M, Peak:105.57M | Scene, ViewLayer | Updating Scene BVH | Copying BVH to device
Fra:27 Mem:131.65M (Peak 153.60M) | Time:00:00.32 | Mem:105.56M, Peak:105.57M | Scene, ViewLayer | Updating Mesh | Computing normals
Fra:27 Mem:131.67M (Peak 153.60M) | Time:00:00.32 | Mem:105.56M, Peak:105.57M | Scene, ViewLayer | Updating Mesh | Copying Mesh to device
Fra:27 Mem:131.67M (Peak 153.60M) | Time:00:00.32 | Mem:105.57M, Peak:105.57M | Scene, ViewLayer | Updating Objects Flags
Fra:27 Mem:131.67M (Peak 153.60M) | Time:00:00.32 | Mem:105.57M, Peak:105.57M | Scene, ViewLayer | Updating Primitive Offsets
Fra:27 Mem:131.67M (Peak 153.60M) | Time:00:00.32 | Mem:105.57M, Peak:105.57M | Scene, ViewLayer | Updating Images
Fra:27 Mem:131.67M (Peak 153.60M) | Time:00:00.32 | Mem:105.57M, Peak:105.57M | Scene, ViewLayer | Updating Camera Volume
Fra:27 Mem:131.67M (Peak 153.60M) | Time:00:00.32 | Mem:105.57M, Peak:105.57M | Scene, ViewLayer | Updating Lookup Tables
Fra:27 Mem:131.67M (Peak 153.60M) | Time:00:00.32 | Mem:105.65M, Peak:105.65M | Scene, ViewLayer | Updating Lights
Fra:27 Mem:131.67M (Peak 153.60M) | Time:00:00.32 | Mem:105.65M, Peak:105.65M | Scene, ViewLayer | Updating Lights | Computing tree
Fra:27 Mem:131.68M (Peak 153.60M) | Time:00:00.32 | Mem:105.66M, Peak:105.66M | Scene, ViewLayer | Updating Integrator
Fra:27 Mem:131.68M (Peak 153.60M) | Time:00:00.32 | Mem:105.66M, Peak:105.66M | Scene, ViewLayer | Updating Film
Fra:27 Mem:131.68M (Peak 153.60M) | Time:00:00.32 | Mem:105.58M, Peak:105.66M | Scene, ViewLayer | Updating Lookup Tables
Fra:27 Mem:131.68M (Peak 153.60M) | Time:00:00.32 | Mem:105.67M, Peak:105.67M | Scene, ViewLayer | Updating Baking
Fra:27 Mem:131.68M (Peak 153.60M) | Time:00:00.32 | Mem:105.67M, Peak:105.67M | Scene, ViewLayer | Updating Device | Writing constant memory
Fra:27 Mem:131.68M (Peak 153.60M) | Time:00:00.32 | Mem:105.67M, Peak:105.67M | Scene, ViewLayer | Sample 0/16
Fra:27 Mem:137.88M (Peak 153.60M) | Time:00:00.75 | Remaining:00:06.39 | Mem:111.86M, Peak:111.86M | Scene, ViewLayer | Sample 1/16
Fra:27 Mem:140.63M (Peak 153.60M) | Time:00:06.97 | Mem:111.86M, Peak:111.86M | Scene, ViewLayer | Sample 16/16
Fra:27 Mem:140.63M (Peak 153.60M) | Time:00:06.97 | Mem:111.86M, Peak:111.86M | Scene, ViewLayer | Finished
Fra:27 Mem:28.71M (Peak 153.60M) | Time:00:06.97 | Compositing
Saved: 'work/preview-frames/messi/frame_0027.png'
Time: 00:07.06 (Saving: 00:00.03)

Fra:28 Mem:27.00M (Peak 27.00M) | Time:00:00.00 | Mem:0.00M, Peak:0.00M | Scene, ViewLayer | Synchronizing object | 柔光主灯
Fra:28 Mem:27.00M (Peak 27.00M) | Time:00:00.00 | Mem:0.00M, Peak:0.00M | Scene, ViewLayer | Synchronizing object | 内圈 · 古金细边
Fra:28 Mem:27.00M (Peak 27.00M) | Time:00:00.00 | Mem:0.00M, Peak:0.00M | Scene, ViewLayer | Synchronizing object | 正面均匀补光
Fra:28 Mem:27.01M (Peak 27.01M) | Time:00:00.00 | Mem:0.00M, Peak:0.00M | Scene, ViewLayer | Synchronizing object | 顶部金光
Fra:28 Mem:27.01M (Peak 27.01M) | Time:00:00.00 | Mem:0.00M, Peak:0.00M | Scene, ViewLayer | Synchronizing object | 主体平面 · 完整视差合成
Fra:28 Mem:27.01M (Peak 27.01M) | Time:00:00.00 | Mem:0.00M, Peak:0.00M | Scene, ViewLayer | Synchronizing object | 外圈 · 全息压边
Fra:28 Mem:27.02M (Peak 27.02M) | Time:00:00.00 | Mem:0.00M, Peak:0.00M | Scene, ViewLayer | Synchronizing object | 文字平面 · Alpha PNG
Fra:28 Mem:27.03M (Peak 27.03M) | Time:00:00.00 | Mem:0.00M, Peak:0.00M | Scene, ViewLayer | Initializing
Fra:28 Mem:27.01M (Peak 27.03M) | Time:00:00.00 | Mem:0.00M, Peak:0.00M | Scene, ViewLayer | Updating Images | Loading text.png
Fra:28 Mem:27.01M (Peak 27.03M) | Time:00:00.00 | Mem:0.00M, Peak:0.00M | Scene, ViewLayer | Updating Images | Loading subject.png
Fra:28 Mem:69.21M (Peak 90.31M) | Time:00:00.08 | Mem:21.09M, Peak:21.09M | Scene, ViewLayer | Updating Images | Loading lineart.png
Fra:28 Mem:90.31M (Peak 111.41M) | Time:00:00.14 | Mem:42.19M, Peak:42.19M | Scene, ViewLayer | Updating Images | Loading background.png
Fra:28 Mem:131.52M (Peak 153.60M) | Time:00:00.33 | Mem:105.47M, Peak:105.47M | Scene, ViewLayer | Waiting for render to start
Fra:28 Mem:131.52M (Peak 153.60M) | Time:00:00.33 | Mem:105.47M, Peak:105.47M | Scene, ViewLayer | Updating Scene
Fra:28 Mem:131.52M (Peak 153.60M) | Time:00:00.33 | Mem:105.47M, Peak:105.47M | Scene, ViewLayer | Updating Shaders
Fra:28 Mem:131.52M (Peak 153.60M) | Time:00:00.33 | Mem:105.47M, Peak:105.47M | Scene, ViewLayer | Loading render kernels (may take a few minutes the first time)
Fra:28 Mem:131.63M (Peak 153.60M) | Time:00:00.33 | Mem:105.50M, Peak:105.50M | Scene, ViewLayer | Updating Procedurals
Fra:28 Mem:131.63M (Peak 153.60M) | Time:00:00.33 | Mem:105.50M, Peak:105.50M | Scene, ViewLayer | Updating Background
Fra:28 Mem:131.63M (Peak 153.60M) | Time:00:00.33 | Mem:105.50M, Peak:105.50M | Scene, ViewLayer | Updating Camera
Fra:28 Mem:131.63M (Peak 153.60M) | Time:00:00.33 | Mem:105.50M, Peak:105.50M | Scene, ViewLayer | Updating Meshes Flags
Fra:28 Mem:131.63M (Peak 153.60M) | Time:00:00.33 | Mem:105.50M, Peak:105.50M | Scene, ViewLayer | Updating Objects
Fra:28 Mem:131.63M (Peak 153.60M) | Time:00:00.33 | Mem:105.50M, Peak:105.50M | Scene, ViewLayer | Updating Objects | Copying Transformations to device
Fra:28 Mem:131.64M (Peak 153.60M) | Time:00:00.33 | Mem:105.51M, Peak:105.51M | Scene, ViewLayer | Updating Particle Systems
Fra:28 Mem:131.64M (Peak 153.60M) | Time:00:00.33 | Mem:105.51M, Peak:105.51M | Scene, ViewLayer | Updating Particle Systems | Copying Particles to device
Fra:28 Mem:131.64M (Peak 153.60M) | Time:00:00.33 | Mem:105.51M, Peak:105.51M | Scene, ViewLayer | Updating Meshes
Fra:28 Mem:131.64M (Peak 153.60M) | Time:00:00.33 | Mem:105.51M, Peak:105.51M | Scene, ViewLayer | Updating Objects | Applying Static Transformations
Fra:28 Mem:131.64M (Peak 153.60M) | Time:00:00.33 | Mem:105.51M, Peak:105.51M | Scene, ViewLayer | Updating Mesh | Computing attributes
Fra:28 Mem:131.65M (Peak 153.60M) | Time:00:00.33 | Mem:105.51M, Peak:105.51M | Scene, ViewLayer | Updating Mesh | Copying Attributes to device
Fra:28 Mem:131.65M (Peak 153.60M) | Time:00:00.33 | Mem:105.52M, Peak:105.52M | Scene, ViewLayer | Updating Scene BVH | Building
Fra:28 Mem:131.65M (Peak 153.60M) | Time:00:00.33 | Mem:105.52M, Peak:105.52M | Scene, ViewLayer | Updating Scene BVH | Building BVH
Fra:28 Mem:131.65M (Peak 153.60M) | Time:00:00.33 | Mem:105.53M, Peak:105.53M | Scene, ViewLayer | Updating Scene BVH | Building BVH 0%
Fra:28 Mem:131.65M (Peak 153.60M) | Time:00:00.33 | Mem:105.56M, Peak:105.57M | Scene, ViewLayer | Updating Scene BVH | Copying BVH to device
Fra:28 Mem:131.65M (Peak 153.60M) | Time:00:00.33 | Mem:105.56M, Peak:105.57M | Scene, ViewLayer | Updating Mesh | Computing normals
Fra:28 Mem:131.67M (Peak 153.60M) | Time:00:00.33 | Mem:105.56M, Peak:105.57M | Scene, ViewLayer | Updating Mesh | Copying Mesh to device
Fra:28 Mem:131.67M (Peak 153.60M) | Time:00:00.33 | Mem:105.57M, Peak:105.57M | Scene, ViewLayer | Updating Objects Flags
Fra:28 Mem:131.67M (Peak 153.60M) | Time:00:00.33 | Mem:105.57M, Peak:105.57M | Scene, ViewLayer | Updating Primitive Offsets
Fra:28 Mem:131.67M (Peak 153.60M) | Time:00:00.33 | Mem:105.57M, Peak:105.57M | Scene, ViewLayer | Updating Images
Fra:28 Mem:131.67M (Peak 153.60M) | Time:00:00.33 | Mem:105.57M, Peak:105.57M | Scene, ViewLayer | Updating Camera Volume
Fra:28 Mem:131.67M (Peak 153.60M) | Time:00:00.33 | Mem:105.57M, Peak:105.57M | Scene, ViewLayer | Updating Lookup Tables
Fra:28 Mem:131.67M (Peak 153.60M) | Time:00:00.33 | Mem:105.65M, Peak:105.65M | Scene, ViewLayer | Updating Lights
Fra:28 Mem:131.67M (Peak 153.60M) | Time:00:00.33 | Mem:105.65M, Peak:105.65M | Scene, ViewLayer | Updating Lights | Computing tree
Fra:28 Mem:131.68M (Peak 153.60M) | Time:00:00.33 | Mem:105.66M, Peak:105.66M | Scene, ViewLayer | Updating Integrator
Fra:28 Mem:131.68M (Peak 153.60M) | Time:00:00.33 | Mem:105.66M, Peak:105.66M | Scene, ViewLayer | Updating Film
Fra:28 Mem:131.68M (Peak 153.60M) | Time:00:00.33 | Mem:105.58M, Peak:105.66M | Scene, ViewLayer | Updating Lookup Tables
Fra:28 Mem:131.68M (Peak 153.60M) | Time:00:00.33 | Mem:105.67M, Peak:105.67M | Scene, ViewLayer | Updating Baking
Fra:28 Mem:131.68M (Peak 153.60M) | Time:00:00.33 | Mem:105.67M, Peak:105.67M | Scene, ViewLayer | Updating Device | Writing constant memory
Fra:28 Mem:131.68M (Peak 153.60M) | Time:00:00.33 | Mem:105.67M, Peak:105.67M | Scene, ViewLayer | Sample 0/16
Fra:28 Mem:137.88M (Peak 153.60M) | Time:00:00.76 | Remaining:00:06.45 | Mem:111.86M, Peak:111.86M | Scene, ViewLayer | Sample 1/16
Fra:28 Mem:140.63M (Peak 153.60M) | Time:00:07.01 | Mem:111.86M, Peak:111.86M | Scene, ViewLayer | Sample 16/16
Fra:28 Mem:140.63M (Peak 153.60M) | Time:00:07.01 | Mem:111.86M, Peak:111.86M | Scene, ViewLayer | Finished
Fra:28 Mem:28.71M (Peak 153.60M) | Time:00:07.01 | Compositing
Saved: 'work/preview-frames/messi/frame_0028.png'
Time: 00:07.10 (Saving: 00:00.04)

Fra:29 Mem:27.00M (Peak 27.00M) | Time:00:00.00 | Mem:0.00M, Peak:0.00M | Scene, ViewLayer | Synchronizing object | 柔光主灯
Fra:29 Mem:27.00M (Peak 27.00M) | Time:00:00.00 | Mem:0.00M, Peak:0.00M | Scene, ViewLayer | Synchronizing object | 内圈 · 古金细边
Fra:29 Mem:27.00M (Peak 27.00M) | Time:00:00.00 | Mem:0.00M, Peak:0.00M | Scene, ViewLayer | Synchronizing object | 正面均匀补光
Fra:29 Mem:27.01M (Peak 27.01M) | Time:00:00.00 | Mem:0.00M, Peak:0.00M | Scene, ViewLayer | Synchronizing object | 顶部金光
Fra:29 Mem:27.01M (Peak 27.01M) | Time:00:00.00 | Mem:0.00M, Peak:0.00M | Scene, ViewLayer | Synchronizing object | 主体平面 · 完整视差合成
Fra:29 Mem:27.01M (Peak 27.01M) | Time:00:00.00 | Mem:0.00M, Peak:0.00M | Scene, ViewLayer | Synchronizing object | 外圈 · 全息压边
Fra:29 Mem:27.02M (Peak 27.02M) | Time:00:00.00 | Mem:0.00M, Peak:0.00M | Scene, ViewLayer | Synchronizing object | 文字平面 · Alpha PNG
Fra:29 Mem:27.03M (Peak 27.03M) | Time:00:00.00 | Mem:0.00M, Peak:0.00M | Scene, ViewLayer | Initializing
Fra:29 Mem:27.01M (Peak 27.03M) | Time:00:00.00 | Mem:0.00M, Peak:0.00M | Scene, ViewLayer | Updating Images | Loading text.png
Fra:29 Mem:27.01M (Peak 27.03M) | Time:00:00.00 | Mem:0.00M, Peak:0.00M | Scene, ViewLayer | Updating Images | Loading subject.png
Fra:29 Mem:69.21M (Peak 90.31M) | Time:00:00.07 | Mem:21.09M, Peak:21.09M | Scene, ViewLayer | Updating Images | Loading lineart.png
Fra:29 Mem:90.31M (Peak 111.41M) | Time:00:00.14 | Mem:42.19M, Peak:42.19M | Scene, ViewLayer | Updating Images | Loading background.png
Fra:29 Mem:131.52M (Peak 153.60M) | Time:00:00.32 | Mem:105.47M, Peak:105.47M | Scene, ViewLayer | Waiting for render to start
Fra:29 Mem:131.52M (Peak 153.60M) | Time:00:00.32 | Mem:105.47M, Peak:105.47M | Scene, ViewLayer | Updating Scene
Fra:29 Mem:131.52M (Peak 153.60M) | Time:00:00.32 | Mem:105.47M, Peak:105.47M | Scene, ViewLayer | Updating Shaders
Fra:29 Mem:131.52M (Peak 153.60M) | Time:00:00.32 | Mem:105.47M, Peak:105.47M | Scene, ViewLayer | Loading render kernels (may take a few minutes the first time)
Fra:29 Mem:131.63M (Peak 153.60M) | Time:00:00.32 | Mem:105.50M, Peak:105.50M | Scene, ViewLayer | Updating Procedurals
Fra:29 Mem:131.63M (Peak 153.60M) | Time:00:00.32 | Mem:105.50M, Peak:105.50M | Scene, ViewLayer | Updating Background
Fra:29 Mem:131.63M (Peak 153.60M) | Time:00:00.32 | Mem:105.50M, Peak:105.50M | Scene, ViewLayer | Updating Camera
Fra:29 Mem:131.63M (Peak 153.60M) | Time:00:00.32 | Mem:105.50M, Peak:105.50M | Scene, ViewLayer | Updating Meshes Flags
Fra:29 Mem:131.63M (Peak 153.60M) | Time:00:00.32 | Mem:105.50M, Peak:105.50M | Scene, ViewLayer | Updating Objects
Fra:29 Mem:131.63M (Peak 153.60M) | Time:00:00.32 | Mem:105.50M, Peak:105.50M | Scene, ViewLayer | Updating Objects | Copying Transformations to device
Fra:29 Mem:131.64M (Peak 153.60M) | Time:00:00.32 | Mem:105.51M, Peak:105.51M | Scene, ViewLayer | Updating Particle Systems
Fra:29 Mem:131.64M (Peak 153.60M) | Time:00:00.32 | Mem:105.51M, Peak:105.51M | Scene, ViewLayer | Updating Particle Systems | Copying Particles to device
Fra:29 Mem:131.64M (Peak 153.60M) | Time:00:00.32 | Mem:105.51M, Peak:105.51M | Scene, ViewLayer | Updating Meshes
Fra:29 Mem:131.64M (Peak 153.60M) | Time:00:00.32 | Mem:105.51M, Peak:105.51M | Scene, ViewLayer | Updating Objects | Applying Static Transformations
Fra:29 Mem:131.64M (Peak 153.60M) | Time:00:00.32 | Mem:105.51M, Peak:105.51M | Scene, ViewLayer | Updating Mesh | Computing attributes
Fra:29 Mem:131.65M (Peak 153.60M) | Time:00:00.32 | Mem:105.51M, Peak:105.51M | Scene, ViewLayer | Updating Mesh | Copying Attributes to device
Fra:29 Mem:131.65M (Peak 153.60M) | Time:00:00.32 | Mem:105.52M, Peak:105.52M | Scene, ViewLayer | Updating Scene BVH | Building
Fra:29 Mem:131.65M (Peak 153.60M) | Time:00:00.32 | Mem:105.52M, Peak:105.52M | Scene, ViewLayer | Updating Scene BVH | Building BVH
Fra:29 Mem:131.65M (Peak 153.60M) | Time:00:00.32 | Mem:105.53M, Peak:105.53M | Scene, ViewLayer | Updating Scene BVH | Building BVH 0%
Fra:29 Mem:131.65M (Peak 153.60M) | Time:00:00.32 | Mem:105.56M, Peak:105.57M | Scene, ViewLayer | Updating Scene BVH | Copying BVH to device
Fra:29 Mem:131.65M (Peak 153.60M) | Time:00:00.32 | Mem:105.56M, Peak:105.57M | Scene, ViewLayer | Updating Mesh | Computing normals
Fra:29 Mem:131.67M (Peak 153.60M) | Time:00:00.32 | Mem:105.56M, Peak:105.57M | Scene, ViewLayer | Updating Mesh | Copying Mesh to device
Fra:29 Mem:131.67M (Peak 153.60M) | Time:00:00.32 | Mem:105.57M, Peak:105.57M | Scene, ViewLayer | Updating Objects Flags
Fra:29 Mem:131.67M (Peak 153.60M) | Time:00:00.32 | Mem:105.57M, Peak:105.57M | Scene, ViewLayer | Updating Primitive Offsets
Fra:29 Mem:131.67M (Peak 153.60M) | Time:00:00.32 | Mem:105.57M, Peak:105.57M | Scene, ViewLayer | Updating Images
Fra:29 Mem:131.67M (Peak 153.60M) | Time:00:00.32 | Mem:105.57M, Peak:105.57M | Scene, ViewLayer | Updating Camera Volume
Fra:29 Mem:131.67M (Peak 153.60M) | Time:00:00.32 | Mem:105.57M, Peak:105.57M | Scene, ViewLayer | Updating Lookup Tables
Fra:29 Mem:131.67M (Peak 153.60M) | Time:00:00.32 | Mem:105.65M, Peak:105.65M | Scene, ViewLayer | Updating Lights
Fra:29 Mem:131.67M (Peak 153.60M) | Time:00:00.32 | Mem:105.65M, Peak:105.65M | Scene, ViewLayer | Updating Lights | Computing tree
Fra:29 Mem:131.68M (Peak 153.60M) | Time:00:00.32 | Mem:105.66M, Peak:105.66M | Scene, ViewLayer | Updating Integrator
Fra:29 Mem:131.68M (Peak 153.60M) | Time:00:00.32 | Mem:105.66M, Peak:105.66M | Scene, ViewLayer | Updating Film
Fra:29 Mem:131.68M (Peak 153.60M) | Time:00:00.33 | Mem:105.58M, Peak:105.66M | Scene, ViewLayer | Updating Lookup Tables
Fra:29 Mem:131.68M (Peak 153.60M) | Time:00:00.33 | Mem:105.67M, Peak:105.67M | Scene, ViewLayer | Updating Baking
Fra:29 Mem:131.68M (Peak 153.60M) | Time:00:00.33 | Mem:105.67M, Peak:105.67M | Scene, ViewLayer | Updating Device | Writing constant memory
Fra:29 Mem:131.68M (Peak 153.60M) | Time:00:00.33 | Mem:105.67M, Peak:105.67M | Scene, ViewLayer | Sample 0/16
Fra:29 Mem:137.88M (Peak 153.60M) | Time:00:00.75 | Remaining:00:06.39 | Mem:111.86M, Peak:111.86M | Scene, ViewLayer | Sample 1/16
Fra:29 Mem:140.63M (Peak 153.60M) | Time:00:07.02 | Mem:111.86M, Peak:111.86M | Scene, ViewLayer | Sample 16/16
Fra:29 Mem:140.63M (Peak 153.60M) | Time:00:07.02 | Mem:111.86M, Peak:111.86M | Scene, ViewLayer | Finished
Fra:29 Mem:28.71M (Peak 153.60M) | Time:00:07.02 | Compositing
Saved: 'work/preview-frames/messi/frame_0029.png'
Time: 00:07.12 (Saving: 00:00.04)

Fra:30 Mem:27.00M (Peak 27.00M) | Time:00:00.00 | Mem:0.00M, Peak:0.00M | Scene, ViewLayer | Synchronizing object | 柔光主灯
Fra:30 Mem:27.00M (Peak 27.00M) | Time:00:00.00 | Mem:0.00M, Peak:0.00M | Scene, ViewLayer | Synchronizing object | 内圈 · 古金细边
Fra:30 Mem:27.00M (Peak 27.00M) | Time:00:00.00 | Mem:0.00M, Peak:0.00M | Scene, ViewLayer | Synchronizing object | 正面均匀补光
Fra:30 Mem:27.01M (Peak 27.01M) | Time:00:00.00 | Mem:0.00M, Peak:0.00M | Scene, ViewLayer | Synchronizing object | 顶部金光
Fra:30 Mem:27.01M (Peak 27.01M) | Time:00:00.00 | Mem:0.00M, Peak:0.00M | Scene, ViewLayer | Synchronizing object | 主体平面 · 完整视差合成
Fra:30 Mem:27.01M (Peak 27.01M) | Time:00:00.00 | Mem:0.00M, Peak:0.00M | Scene, ViewLayer | Synchronizing object | 外圈 · 全息压边
Fra:30 Mem:27.02M (Peak 27.02M) | Time:00:00.00 | Mem:0.00M, Peak:0.00M | Scene, ViewLayer | Synchronizing object | 文字平面 · Alpha PNG
Fra:30 Mem:27.03M (Peak 27.03M) | Time:00:00.00 | Mem:0.00M, Peak:0.00M | Scene, ViewLayer | Initializing
Fra:30 Mem:27.01M (Peak 27.03M) | Time:00:00.00 | Mem:0.00M, Peak:0.00M | Scene, ViewLayer | Updating Images | Loading text.png
Fra:30 Mem:27.01M (Peak 27.03M) | Time:00:00.00 | Mem:0.00M, Peak:0.00M | Scene, ViewLayer | Updating Images | Loading subject.png
Fra:30 Mem:69.21M (Peak 90.31M) | Time:00:00.07 | Mem:21.09M, Peak:21.09M | Scene, ViewLayer | Updating Images | Loading lineart.png
Fra:30 Mem:90.31M (Peak 111.41M) | Time:00:00.14 | Mem:42.19M, Peak:42.19M | Scene, ViewLayer | Updating Images | Loading background.png
Fra:30 Mem:131.52M (Peak 153.60M) | Time:00:00.32 | Mem:105.47M, Peak:105.47M | Scene, ViewLayer | Waiting for render to start
Fra:30 Mem:131.52M (Peak 153.60M) | Time:00:00.32 | Mem:105.47M, Peak:105.47M | Scene, ViewLayer | Updating Scene
Fra:30 Mem:131.52M (Peak 153.60M) | Time:00:00.32 | Mem:105.47M, Peak:105.47M | Scene, ViewLayer | Updating Shaders
Fra:30 Mem:131.52M (Peak 153.60M) | Time:00:00.32 | Mem:105.47M, Peak:105.47M | Scene, ViewLayer | Loading render kernels (may take a few minutes the first time)
Fra:30 Mem:131.63M (Peak 153.60M) | Time:00:00.32 | Mem:105.50M, Peak:105.50M | Scene, ViewLayer | Updating Procedurals
Fra:30 Mem:131.63M (Peak 153.60M) | Time:00:00.32 | Mem:105.50M, Peak:105.50M | Scene, ViewLayer | Updating Background
Fra:30 Mem:131.63M (Peak 153.60M) | Time:00:00.32 | Mem:105.50M, Peak:105.50M | Scene, ViewLayer | Updating Camera
Fra:30 Mem:131.63M (Peak 153.60M) | Time:00:00.32 | Mem:105.50M, Peak:105.50M | Scene, ViewLayer | Updating Meshes Flags
Fra:30 Mem:131.63M (Peak 153.60M) | Time:00:00.32 | Mem:105.50M, Peak:105.50M | Scene, ViewLayer | Updating Objects
Fra:30 Mem:131.63M (Peak 153.60M) | Time:00:00.32 | Mem:105.50M, Peak:105.50M | Scene, ViewLayer | Updating Objects | Copying Transformations to device
Fra:30 Mem:131.64M (Peak 153.60M) | Time:00:00.32 | Mem:105.51M, Peak:105.51M | Scene, ViewLayer | Updating Particle Systems
Fra:30 Mem:131.64M (Peak 153.60M) | Time:00:00.32 | Mem:105.51M, Peak:105.51M | Scene, ViewLayer | Updating Particle Systems | Copying Particles to device
Fra:30 Mem:131.64M (Peak 153.60M) | Time:00:00.32 | Mem:105.51M, Peak:105.51M | Scene, ViewLayer | Updating Meshes
Fra:30 Mem:131.64M (Peak 153.60M) | Time:00:00.32 | Mem:105.51M, Peak:105.51M | Scene, ViewLayer | Updating Objects | Applying Static Transformations
Fra:30 Mem:131.64M (Peak 153.60M) | Time:00:00.32 | Mem:105.51M, Peak:105.51M | Scene, ViewLayer | Updating Mesh | Computing attributes
Fra:30 Mem:131.65M (Peak 153.60M) | Time:00:00.32 | Mem:105.51M, Peak:105.51M | Scene, ViewLayer | Updating Mesh | Copying Attributes to device
Fra:30 Mem:131.65M (Peak 153.60M) | Time:00:00.32 | Mem:105.52M, Peak:105.52M | Scene, ViewLayer | Updating Scene BVH | Building
Fra:30 Mem:131.65M (Peak 153.60M) | Time:00:00.32 | Mem:105.52M, Peak:105.52M | Scene, ViewLayer | Updating Scene BVH | Building BVH
Fra:30 Mem:131.65M (Peak 153.60M) | Time:00:00.32 | Mem:105.53M, Peak:105.53M | Scene, ViewLayer | Updating Scene BVH | Building BVH 0%
Fra:30 Mem:131.65M (Peak 153.60M) | Time:00:00.32 | Mem:105.56M, Peak:105.57M | Scene, ViewLayer | Updating Scene BVH | Copying BVH to device
Fra:30 Mem:131.65M (Peak 153.60M) | Time:00:00.32 | Mem:105.56M, Peak:105.57M | Scene, ViewLayer | Updating Mesh | Computing normals
Fra:30 Mem:131.67M (Peak 153.60M) | Time:00:00.32 | Mem:105.56M, Peak:105.57M | Scene, ViewLayer | Updating Mesh | Copying Mesh to device
Fra:30 Mem:131.67M (Peak 153.60M) | Time:00:00.32 | Mem:105.57M, Peak:105.57M | Scene, ViewLayer | Updating Objects Flags
Fra:30 Mem:131.67M (Peak 153.60M) | Time:00:00.32 | Mem:105.57M, Peak:105.57M | Scene, ViewLayer | Updating Primitive Offsets
Fra:30 Mem:131.67M (Peak 153.60M) | Time:00:00.32 | Mem:105.57M, Peak:105.57M | Scene, ViewLayer | Updating Images
Fra:30 Mem:131.67M (Peak 153.60M) | Time:00:00.32 | Mem:105.57M, Peak:105.57M | Scene, ViewLayer | Updating Camera Volume
Fra:30 Mem:131.67M (Peak 153.60M) | Time:00:00.32 | Mem:105.57M, Peak:105.57M | Scene, ViewLayer | Updating Lookup Tables
Fra:30 Mem:131.67M (Peak 153.60M) | Time:00:00.32 | Mem:105.66M, Peak:105.66M | Scene, ViewLayer | Updating Lights
Fra:30 Mem:131.67M (Peak 153.60M) | Time:00:00.32 | Mem:105.66M, Peak:105.66M | Scene, ViewLayer | Updating Lights | Computing tree
Fra:30 Mem:131.68M (Peak 153.60M) | Time:00:00.32 | Mem:105.67M, Peak:105.67M | Scene, ViewLayer | Updating Integrator
Fra:30 Mem:131.68M (Peak 153.60M) | Time:00:00.32 | Mem:105.67M, Peak:105.67M | Scene, ViewLayer | Updating Film
Fra:30 Mem:131.68M (Peak 153.60M) | Time:00:00.32 | Mem:105.59M, Peak:105.67M | Scene, ViewLayer | Updating Lookup Tables
Fra:30 Mem:131.68M (Peak 153.60M) | Time:00:00.32 | Mem:105.67M, Peak:105.67M | Scene, ViewLayer | Updating Baking
Fra:30 Mem:131.68M (Peak 153.60M) | Time:00:00.32 | Mem:105.67M, Peak:105.67M | Scene, ViewLayer | Updating Device | Writing constant memory
Fra:30 Mem:131.68M (Peak 153.60M) | Time:00:00.32 | Mem:105.67M, Peak:105.67M | Scene, ViewLayer | Sample 0/16
Fra:30 Mem:137.88M (Peak 153.60M) | Time:00:00.74 | Remaining:00:06.36 | Mem:111.86M, Peak:111.86M | Scene, ViewLayer | Sample 1/16
Fra:30 Mem:140.63M (Peak 153.60M) | Time:00:06.93 | Mem:111.86M, Peak:111.86M | Scene, ViewLayer | Sample 16/16
Fra:30 Mem:140.63M (Peak 153.60M) | Time:00:06.93 | Mem:111.86M, Peak:111.86M | Scene, ViewLayer | Finished
Fra:30 Mem:28.71M (Peak 153.60M) | Time:00:06.93 | Compositing
Saved: 'work/preview-frames/messi/frame_0030.png'
Time: 00:07.02 (Saving: 00:00.04)

Fra:31 Mem:27.00M (Peak 27.00M) | Time:00:00.00 | Mem:0.00M, Peak:0.00M | Scene, ViewLayer | Synchronizing object | 柔光主灯
Fra:31 Mem:27.00M (Peak 27.00M) | Time:00:00.00 | Mem:0.00M, Peak:0.00M | Scene, ViewLayer | Synchronizing object | 内圈 · 古金细边
Fra:31 Mem:27.00M (Peak 27.00M) | Time:00:00.00 | Mem:0.00M, Peak:0.00M | Scene, ViewLayer | Synchronizing object | 正面均匀补光
Fra:31 Mem:27.00M (Peak 27.00M) | Time:00:00.00 | Mem:0.00M, Peak:0.00M | Scene, ViewLayer | Synchronizing object | 顶部金光
Fra:31 Mem:27.01M (Peak 27.01M) | Time:00:00.00 | Mem:0.00M, Peak:0.00M | Scene, ViewLayer | Synchronizing object | 主体平面 · 完整视差合成
Fra:31 Mem:27.01M (Peak 27.01M) | Time:00:00.00 | Mem:0.00M, Peak:0.00M | Scene, ViewLayer | Synchronizing object | 外圈 · 全息压边
Fra:31 Mem:27.03M (Peak 27.03M) | Time:00:00.00 | Mem:0.00M, Peak:0.00M | Scene, ViewLayer | Synchronizing object | 文字平面 · Alpha PNG
Fra:31 Mem:27.03M (Peak 27.03M) | Time:00:00.00 | Mem:0.00M, Peak:0.00M | Scene, ViewLayer | Initializing
Fra:31 Mem:27.01M (Peak 27.03M) | Time:00:00.00 | Mem:0.00M, Peak:0.00M | Scene, ViewLayer | Updating Images | Loading text.png
Fra:31 Mem:27.01M (Peak 27.03M) | Time:00:00.00 | Mem:0.00M, Peak:0.00M | Scene, ViewLayer | Updating Images | Loading subject.png
Fra:31 Mem:69.21M (Peak 90.31M) | Time:00:00.07 | Mem:21.09M, Peak:21.09M | Scene, ViewLayer | Updating Images | Loading lineart.png
Fra:31 Mem:90.31M (Peak 111.41M) | Time:00:00.14 | Mem:42.19M, Peak:42.19M | Scene, ViewLayer | Updating Images | Loading background.png
Fra:31 Mem:131.52M (Peak 153.60M) | Time:00:00.31 | Mem:105.47M, Peak:105.47M | Scene, ViewLayer | Waiting for render to start
Fra:31 Mem:131.52M (Peak 153.60M) | Time:00:00.31 | Mem:105.47M, Peak:105.47M | Scene, ViewLayer | Updating Scene
Fra:31 Mem:131.52M (Peak 153.60M) | Time:00:00.31 | Mem:105.47M, Peak:105.47M | Scene, ViewLayer | Updating Shaders
Fra:31 Mem:131.52M (Peak 153.60M) | Time:00:00.31 | Mem:105.47M, Peak:105.47M | Scene, ViewLayer | Loading render kernels (may take a few minutes the first time)
Fra:31 Mem:131.64M (Peak 153.60M) | Time:00:00.32 | Mem:105.50M, Peak:105.50M | Scene, ViewLayer | Updating Procedurals
Fra:31 Mem:131.64M (Peak 153.60M) | Time:00:00.32 | Mem:105.50M, Peak:105.50M | Scene, ViewLayer | Updating Background
Fra:31 Mem:131.64M (Peak 153.60M) | Time:00:00.32 | Mem:105.50M, Peak:105.50M | Scene, ViewLayer | Updating Camera
Fra:31 Mem:131.64M (Peak 153.60M) | Time:00:00.32 | Mem:105.50M, Peak:105.50M | Scene, ViewLayer | Updating Meshes Flags
Fra:31 Mem:131.64M (Peak 153.60M) | Time:00:00.32 | Mem:105.50M, Peak:105.50M | Scene, ViewLayer | Updating Objects
Fra:31 Mem:131.64M (Peak 153.60M) | Time:00:00.32 | Mem:105.50M, Peak:105.50M | Scene, ViewLayer | Updating Objects | Copying Transformations to device
Fra:31 Mem:131.64M (Peak 153.60M) | Time:00:00.32 | Mem:105.51M, Peak:105.51M | Scene, ViewLayer | Updating Particle Systems
Fra:31 Mem:131.64M (Peak 153.60M) | Time:00:00.32 | Mem:105.51M, Peak:105.51M | Scene, ViewLayer | Updating Particle Systems | Copying Particles to device
Fra:31 Mem:131.64M (Peak 153.60M) | Time:00:00.32 | Mem:105.51M, Peak:105.51M | Scene, ViewLayer | Updating Meshes
Fra:31 Mem:131.64M (Peak 153.60M) | Time:00:00.32 | Mem:105.51M, Peak:105.51M | Scene, ViewLayer | Updating Objects | Applying Static Transformations
Fra:31 Mem:131.64M (Peak 153.60M) | Time:00:00.32 | Mem:105.51M, Peak:105.51M | Scene, ViewLayer | Updating Mesh | Computing attributes
Fra:31 Mem:131.65M (Peak 153.60M) | Time:00:00.32 | Mem:105.51M, Peak:105.51M | Scene, ViewLayer | Updating Mesh | Copying Attributes to device
Fra:31 Mem:131.65M (Peak 153.60M) | Time:00:00.32 | Mem:105.52M, Peak:105.52M | Scene, ViewLayer | Updating Scene BVH | Building
Fra:31 Mem:131.65M (Peak 153.60M) | Time:00:00.32 | Mem:105.52M, Peak:105.52M | Scene, ViewLayer | Updating Scene BVH | Building BVH
Fra:31 Mem:131.65M (Peak 153.60M) | Time:00:00.32 | Mem:105.53M, Peak:105.53M | Scene, ViewLayer | Updating Scene BVH | Building BVH 0%
Fra:31 Mem:131.65M (Peak 153.60M) | Time:00:00.32 | Mem:105.56M, Peak:105.57M | Scene, ViewLayer | Updating Scene BVH | Copying BVH to device
Fra:31 Mem:131.65M (Peak 153.60M) | Time:00:00.32 | Mem:105.56M, Peak:105.57M | Scene, ViewLayer | Updating Mesh | Computing normals
Fra:31 Mem:131.67M (Peak 153.60M) | Time:00:00.32 | Mem:105.56M, Peak:105.57M | Scene, ViewLayer | Updating Mesh | Copying Mesh to device
Fra:31 Mem:131.67M (Peak 153.60M) | Time:00:00.32 | Mem:105.57M, Peak:105.57M | Scene, ViewLayer | Updating Objects Flags
Fra:31 Mem:131.67M (Peak 153.60M) | Time:00:00.32 | Mem:105.57M, Peak:105.57M | Scene, ViewLayer | Updating Primitive Offsets
Fra:31 Mem:131.67M (Peak 153.60M) | Time:00:00.32 | Mem:105.57M, Peak:105.57M | Scene, ViewLayer | Updating Images
Fra:31 Mem:131.67M (Peak 153.60M) | Time:00:00.32 | Mem:105.57M, Peak:105.57M | Scene, ViewLayer | Updating Camera Volume
Fra:31 Mem:131.67M (Peak 153.60M) | Time:00:00.32 | Mem:105.57M, Peak:105.57M | Scene, ViewLayer | Updating Lookup Tables
Fra:31 Mem:131.67M (Peak 153.60M) | Time:00:00.32 | Mem:105.65M, Peak:105.65M | Scene, ViewLayer | Updating Lights
Fra:31 Mem:131.67M (Peak 153.60M) | Time:00:00.32 | Mem:105.65M, Peak:105.65M | Scene, ViewLayer | Updating Lights | Computing tree
Fra:31 Mem:131.68M (Peak 153.60M) | Time:00:00.32 | Mem:105.66M, Peak:105.66M | Scene, ViewLayer | Updating Integrator
Fra:31 Mem:131.68M (Peak 153.60M) | Time:00:00.32 | Mem:105.66M, Peak:105.66M | Scene, ViewLayer | Updating Film
Fra:31 Mem:131.68M (Peak 153.60M) | Time:00:00.32 | Mem:105.58M, Peak:105.66M | Scene, ViewLayer | Updating Lookup Tables
Fra:31 Mem:131.68M (Peak 153.60M) | Time:00:00.32 | Mem:105.67M, Peak:105.67M | Scene, ViewLayer | Updating Baking
Fra:31 Mem:131.68M (Peak 153.60M) | Time:00:00.32 | Mem:105.67M, Peak:105.67M | Scene, ViewLayer | Updating Device | Writing constant memory
Fra:31 Mem:131.68M (Peak 153.60M) | Time:00:00.32 | Mem:105.67M, Peak:105.67M | Scene, ViewLayer | Sample 0/16
Fra:31 Mem:137.88M (Peak 153.60M) | Time:00:00.74 | Remaining:00:06.29 | Mem:111.86M, Peak:111.86M | Scene, ViewLayer | Sample 1/16
Fra:31 Mem:140.63M (Peak 153.60M) | Time:00:06.90 | Mem:111.86M, Peak:111.86M | Scene, ViewLayer | Sample 16/16
Fra:31 Mem:140.63M (Peak 153.60M) | Time:00:06.90 | Mem:111.86M, Peak:111.86M | Scene, ViewLayer | Finished
Fra:31 Mem:28.71M (Peak 153.60M) | Time:00:06.90 | Compositing
Saved: 'work/preview-frames/messi/frame_0031.png'
Time: 00:06.99 (Saving: 00:00.04)

Fra:32 Mem:27.00M (Peak 27.00M) | Time:00:00.00 | Mem:0.00M, Peak:0.00M | Scene, ViewLayer | Synchronizing object | 柔光主灯
Fra:32 Mem:27.00M (Peak 27.00M) | Time:00:00.00 | Mem:0.00M, Peak:0.00M | Scene, ViewLayer | Synchronizing object | 内圈 · 古金细边
Fra:32 Mem:27.00M (Peak 27.00M) | Time:00:00.00 | Mem:0.00M, Peak:0.00M | Scene, ViewLayer | Synchronizing object | 正面均匀补光
Fra:32 Mem:27.01M (Peak 27.01M) | Time:00:00.00 | Mem:0.00M, Peak:0.00M | Scene, ViewLayer | Synchronizing object | 顶部金光
Fra:32 Mem:27.01M (Peak 27.01M) | Time:00:00.00 | Mem:0.00M, Peak:0.00M | Scene, ViewLayer | Synchronizing object | 主体平面 · 完整视差合成
Fra:32 Mem:27.01M (Peak 27.01M) | Time:00:00.00 | Mem:0.00M, Peak:0.00M | Scene, ViewLayer | Synchronizing object | 外圈 · 全息压边
Fra:32 Mem:27.02M (Peak 27.02M) | Time:00:00.00 | Mem:0.00M, Peak:0.00M | Scene, ViewLayer | Synchronizing object | 文字平面 · Alpha PNG
Fra:32 Mem:27.03M (Peak 27.03M) | Time:00:00.00 | Mem:0.00M, Peak:0.00M | Scene, ViewLayer | Initializing
Fra:32 Mem:27.01M (Peak 27.03M) | Time:00:00.00 | Mem:0.00M, Peak:0.00M | Scene, ViewLayer | Updating Images | Loading text.png
Fra:32 Mem:27.01M (Peak 27.03M) | Time:00:00.00 | Mem:0.00M, Peak:0.00M | Scene, ViewLayer | Updating Images | Loading subject.png
Fra:32 Mem:69.21M (Peak 90.31M) | Time:00:00.08 | Mem:21.09M, Peak:21.09M | Scene, ViewLayer | Updating Images | Loading lineart.png
Fra:32 Mem:111.41M (Peak 132.51M) | Time:00:00.15 | Mem:42.19M, Peak:42.19M | Scene, ViewLayer | Updating Images | Loading background.png
Fra:32 Mem:131.52M (Peak 153.60M) | Time:00:00.33 | Mem:105.47M, Peak:105.47M | Scene, ViewLayer | Waiting for render to start
Fra:32 Mem:131.52M (Peak 153.60M) | Time:00:00.33 | Mem:105.47M, Peak:105.47M | Scene, ViewLayer | Updating Scene
Fra:32 Mem:131.52M (Peak 153.60M) | Time:00:00.33 | Mem:105.47M, Peak:105.47M | Scene, ViewLayer | Updating Shaders
Fra:32 Mem:131.52M (Peak 153.60M) | Time:00:00.33 | Mem:105.47M, Peak:105.47M | Scene, ViewLayer | Loading render kernels (may take a few minutes the first time)
Fra:32 Mem:131.64M (Peak 153.60M) | Time:00:00.33 | Mem:105.50M, Peak:105.50M | Scene, ViewLayer | Updating Procedurals
Fra:32 Mem:131.64M (Peak 153.60M) | Time:00:00.33 | Mem:105.50M, Peak:105.50M | Scene, ViewLayer | Updating Background
Fra:32 Mem:131.64M (Peak 153.60M) | Time:00:00.33 | Mem:105.50M, Peak:105.50M | Scene, ViewLayer | Updating Camera
Fra:32 Mem:131.64M (Peak 153.60M) | Time:00:00.33 | Mem:105.50M, Peak:105.50M | Scene, ViewLayer | Updating Meshes Flags
Fra:32 Mem:131.64M (Peak 153.60M) | Time:00:00.33 | Mem:105.50M, Peak:105.50M | Scene, ViewLayer | Updating Objects
Fra:32 Mem:131.64M (Peak 153.60M) | Time:00:00.33 | Mem:105.50M, Peak:105.50M | Scene, ViewLayer | Updating Objects | Copying Transformations to device
Fra:32 Mem:131.64M (Peak 153.60M) | Time:00:00.33 | Mem:105.51M, Peak:105.51M | Scene, ViewLayer | Updating Particle Systems
Fra:32 Mem:131.64M (Peak 153.60M) | Time:00:00.33 | Mem:105.51M, Peak:105.51M | Scene, ViewLayer | Updating Particle Systems | Copying Particles to device
Fra:32 Mem:131.64M (Peak 153.60M) | Time:00:00.33 | Mem:105.51M, Peak:105.51M | Scene, ViewLayer | Updating Meshes
Fra:32 Mem:131.64M (Peak 153.60M) | Time:00:00.33 | Mem:105.51M, Peak:105.51M | Scene, ViewLayer | Updating Objects | Applying Static Transformations
Fra:32 Mem:131.64M (Peak 153.60M) | Time:00:00.33 | Mem:105.51M, Peak:105.51M | Scene, ViewLayer | Updating Mesh | Computing attributes
Fra:32 Mem:131.65M (Peak 153.60M) | Time:00:00.33 | Mem:105.51M, Peak:105.51M | Scene, ViewLayer | Updating Mesh | Copying Attributes to device
Fra:32 Mem:131.65M (Peak 153.60M) | Time:00:00.33 | Mem:105.52M, Peak:105.52M | Scene, ViewLayer | Updating Scene BVH | Building
Fra:32 Mem:131.65M (Peak 153.60M) | Time:00:00.33 | Mem:105.52M, Peak:105.52M | Scene, ViewLayer | Updating Scene BVH | Building BVH
Fra:32 Mem:131.65M (Peak 153.60M) | Time:00:00.33 | Mem:105.53M, Peak:105.53M | Scene, ViewLayer | Updating Scene BVH | Building BVH 0%
Fra:32 Mem:131.65M (Peak 153.60M) | Time:00:00.33 | Mem:105.56M, Peak:105.57M | Scene, ViewLayer | Updating Scene BVH | Copying BVH to device
Fra:32 Mem:131.65M (Peak 153.60M) | Time:00:00.33 | Mem:105.56M, Peak:105.57M | Scene, ViewLayer | Updating Mesh | Computing normals
Fra:32 Mem:131.67M (Peak 153.60M) | Time:00:00.33 | Mem:105.56M, Peak:105.57M | Scene, ViewLayer | Updating Mesh | Copying Mesh to device
Fra:32 Mem:131.67M (Peak 153.60M) | Time:00:00.33 | Mem:105.57M, Peak:105.57M | Scene, ViewLayer | Updating Objects Flags
Fra:32 Mem:131.67M (Peak 153.60M) | Time:00:00.33 | Mem:105.57M, Peak:105.57M | Scene, ViewLayer | Updating Primitive Offsets
Fra:32 Mem:131.67M (Peak 153.60M) | Time:00:00.33 | Mem:105.57M, Peak:105.57M | Scene, ViewLayer | Updating Images
Fra:32 Mem:131.67M (Peak 153.60M) | Time:00:00.33 | Mem:105.57M, Peak:105.57M | Scene, ViewLayer | Updating Camera Volume
Fra:32 Mem:131.67M (Peak 153.60M) | Time:00:00.33 | Mem:105.57M, Peak:105.57M | Scene, ViewLayer | Updating Lookup Tables
Fra:32 Mem:131.67M (Peak 153.60M) | Time:00:00.33 | Mem:105.65M, Peak:105.65M | Scene, ViewLayer | Updating Lights
Fra:32 Mem:131.67M (Peak 153.60M) | Time:00:00.33 | Mem:105.65M, Peak:105.65M | Scene, ViewLayer | Updating Lights | Computing tree
Fra:32 Mem:131.68M (Peak 153.60M) | Time:00:00.33 | Mem:105.66M, Peak:105.66M | Scene, ViewLayer | Updating Integrator
Fra:32 Mem:131.68M (Peak 153.60M) | Time:00:00.33 | Mem:105.66M, Peak:105.66M | Scene, ViewLayer | Updating Film
Fra:32 Mem:131.68M (Peak 153.60M) | Time:00:00.33 | Mem:105.58M, Peak:105.66M | Scene, ViewLayer | Updating Lookup Tables
Fra:32 Mem:131.68M (Peak 153.60M) | Time:00:00.33 | Mem:105.67M, Peak:105.67M | Scene, ViewLayer | Updating Baking
Fra:32 Mem:131.68M (Peak 153.60M) | Time:00:00.33 | Mem:105.67M, Peak:105.67M | Scene, ViewLayer | Updating Device | Writing constant memory
Fra:32 Mem:131.68M (Peak 153.60M) | Time:00:00.33 | Mem:105.67M, Peak:105.67M | Scene, ViewLayer | Sample 0/16
Fra:32 Mem:137.88M (Peak 153.60M) | Time:00:00.75 | Remaining:00:06.26 | Mem:111.86M, Peak:111.86M | Scene, ViewLayer | Sample 1/16
Fra:32 Mem:140.63M (Peak 153.60M) | Time:00:06.92 | Mem:111.86M, Peak:111.86M | Scene, ViewLayer | Sample 16/16
Fra:32 Mem:140.63M (Peak 153.60M) | Time:00:06.92 | Mem:111.86M, Peak:111.86M | Scene, ViewLayer | Finished
Fra:32 Mem:28.71M (Peak 153.60M) | Time:00:06.92 | Compositing
Saved: 'work/preview-frames/messi/frame_0032.png'
Time: 00:07.01 (Saving: 00:00.04)

Fra:33 Mem:27.00M (Peak 27.00M) | Time:00:00.00 | Mem:0.00M, Peak:0.00M | Scene, ViewLayer | Synchronizing object | 柔光主灯
Fra:33 Mem:27.00M (Peak 27.00M) | Time:00:00.00 | Mem:0.00M, Peak:0.00M | Scene, ViewLayer | Synchronizing object | 正面均匀补光
Fra:33 Mem:27.00M (Peak 27.00M) | Time:00:00.00 | Mem:0.00M, Peak:0.00M | Scene, ViewLayer | Synchronizing object | 顶部金光
Fra:33 Mem:27.00M (Peak 27.00M) | Time:00:00.00 | Mem:0.00M, Peak:0.00M | Scene, ViewLayer | Synchronizing object | 主体平面 · 完整视差合成
Fra:33 Mem:27.02M (Peak 27.02M) | Time:00:00.00 | Mem:0.00M, Peak:0.00M | Scene, ViewLayer | Synchronizing object | 外圈 · 全息压边
Fra:33 Mem:27.02M (Peak 27.02M) | Time:00:00.00 | Mem:0.00M, Peak:0.00M | Scene, ViewLayer | Synchronizing object | 文字平面 · Alpha PNG
Fra:33 Mem:27.03M (Peak 27.03M) | Time:00:00.00 | Mem:0.00M, Peak:0.00M | Scene, ViewLayer | Initializing
Fra:33 Mem:27.01M (Peak 27.03M) | Time:00:00.00 | Mem:0.00M, Peak:0.00M | Scene, ViewLayer | Updating Images | Loading text.png
Fra:33 Mem:27.01M (Peak 27.03M) | Time:00:00.00 | Mem:0.00M, Peak:0.00M | Scene, ViewLayer | Updating Images | Loading subject.png
Fra:33 Mem:69.21M (Peak 90.31M) | Time:00:00.07 | Mem:21.09M, Peak:21.09M | Scene, ViewLayer | Updating Images | Loading lineart.png
Fra:33 Mem:90.31M (Peak 111.41M) | Time:00:00.14 | Mem:42.19M, Peak:42.19M | Scene, ViewLayer | Updating Images | Loading background.png
Fra:33 Mem:131.52M (Peak 153.60M) | Time:00:00.32 | Mem:105.47M, Peak:105.47M | Scene, ViewLayer | Waiting for render to start
Fra:33 Mem:131.52M (Peak 153.60M) | Time:00:00.32 | Mem:105.47M, Peak:105.47M | Scene, ViewLayer | Updating Scene
Fra:33 Mem:131.52M (Peak 153.60M) | Time:00:00.32 | Mem:105.47M, Peak:105.47M | Scene, ViewLayer | Updating Shaders
Fra:33 Mem:131.52M (Peak 153.60M) | Time:00:00.32 | Mem:105.47M, Peak:105.47M | Scene, ViewLayer | Loading render kernels (may take a few minutes the first time)
Fra:33 Mem:131.64M (Peak 153.60M) | Time:00:00.32 | Mem:105.50M, Peak:105.50M | Scene, ViewLayer | Updating Procedurals
Fra:33 Mem:131.64M (Peak 153.60M) | Time:00:00.32 | Mem:105.50M, Peak:105.50M | Scene, ViewLayer | Updating Background
Fra:33 Mem:131.64M (Peak 153.60M) | Time:00:00.32 | Mem:105.50M, Peak:105.50M | Scene, ViewLayer | Updating Camera
Fra:33 Mem:131.64M (Peak 153.60M) | Time:00:00.32 | Mem:105.50M, Peak:105.50M | Scene, ViewLayer | Updating Meshes Flags
Fra:33 Mem:131.64M (Peak 153.60M) | Time:00:00.32 | Mem:105.50M, Peak:105.50M | Scene, ViewLayer | Updating Objects
Fra:33 Mem:131.64M (Peak 153.60M) | Time:00:00.32 | Mem:105.50M, Peak:105.50M | Scene, ViewLayer | Updating Objects | Copying Transformations to device
Fra:33 Mem:131.64M (Peak 153.60M) | Time:00:00.32 | Mem:105.51M, Peak:105.51M | Scene, ViewLayer | Updating Particle Systems
Fra:33 Mem:131.64M (Peak 153.60M) | Time:00:00.32 | Mem:105.51M, Peak:105.51M | Scene, ViewLayer | Updating Particle Systems | Copying Particles to device
Fra:33 Mem:131.64M (Peak 153.60M) | Time:00:00.32 | Mem:105.51M, Peak:105.51M | Scene, ViewLayer | Updating Meshes
Fra:33 Mem:131.64M (Peak 153.60M) | Time:00:00.32 | Mem:105.51M, Peak:105.51M | Scene, ViewLayer | Updating Objects | Applying Static Transformations
Fra:33 Mem:131.64M (Peak 153.60M) | Time:00:00.32 | Mem:105.51M, Peak:105.51M | Scene, ViewLayer | Updating Mesh | Computing attributes
Fra:33 Mem:131.65M (Peak 153.60M) | Time:00:00.32 | Mem:105.51M, Peak:105.51M | Scene, ViewLayer | Updating Mesh | Copying Attributes to device
Fra:33 Mem:131.65M (Peak 153.60M) | Time:00:00.32 | Mem:105.52M, Peak:105.52M | Scene, ViewLayer | Updating Scene BVH | Building
Fra:33 Mem:131.65M (Peak 153.60M) | Time:00:00.32 | Mem:105.52M, Peak:105.52M | Scene, ViewLayer | Updating Scene BVH | Building BVH
Fra:33 Mem:131.65M (Peak 153.60M) | Time:00:00.32 | Mem:105.53M, Peak:105.53M | Scene, ViewLayer | Updating Scene BVH | Building BVH 0%
Fra:33 Mem:131.65M (Peak 153.60M) | Time:00:00.32 | Mem:105.56M, Peak:105.57M | Scene, ViewLayer | Updating Scene BVH | Copying BVH to device
Fra:33 Mem:131.65M (Peak 153.60M) | Time:00:00.32 | Mem:105.56M, Peak:105.57M | Scene, ViewLayer | Updating Mesh | Computing normals
Fra:33 Mem:131.67M (Peak 153.60M) | Time:00:00.32 | Mem:105.56M, Peak:105.57M | Scene, ViewLayer | Updating Mesh | Copying Mesh to device
Fra:33 Mem:131.67M (Peak 153.60M) | Time:00:00.32 | Mem:105.57M, Peak:105.57M | Scene, ViewLayer | Updating Objects Flags
Fra:33 Mem:131.67M (Peak 153.60M) | Time:00:00.32 | Mem:105.57M, Peak:105.57M | Scene, ViewLayer | Updating Primitive Offsets
Fra:33 Mem:131.67M (Peak 153.60M) | Time:00:00.32 | Mem:105.57M, Peak:105.57M | Scene, ViewLayer | Updating Images
Fra:33 Mem:131.67M (Peak 153.60M) | Time:00:00.32 | Mem:105.57M, Peak:105.57M | Scene, ViewLayer | Updating Camera Volume
Fra:33 Mem:131.67M (Peak 153.60M) | Time:00:00.32 | Mem:105.57M, Peak:105.57M | Scene, ViewLayer | Updating Lookup Tables
Fra:33 Mem:131.67M (Peak 153.60M) | Time:00:00.32 | Mem:105.65M, Peak:105.65M | Scene, ViewLayer | Updating Lights
Fra:33 Mem:131.67M (Peak 153.60M) | Time:00:00.32 | Mem:105.65M, Peak:105.65M | Scene, ViewLayer | Updating Lights | Computing tree
Fra:33 Mem:131.68M (Peak 153.60M) | Time:00:00.32 | Mem:105.66M, Peak:105.66M | Scene, ViewLayer | Updating Integrator
Fra:33 Mem:131.68M (Peak 153.60M) | Time:00:00.32 | Mem:105.66M, Peak:105.66M | Scene, ViewLayer | Updating Film
Fra:33 Mem:131.68M (Peak 153.60M) | Time:00:00.32 | Mem:105.58M, Peak:105.66M | Scene, ViewLayer | Updating Lookup Tables
Fra:33 Mem:131.68M (Peak 153.60M) | Time:00:00.32 | Mem:105.67M, Peak:105.67M | Scene, ViewLayer | Updating Baking
Fra:33 Mem:131.68M (Peak 153.60M) | Time:00:00.32 | Mem:105.67M, Peak:105.67M | Scene, ViewLayer | Updating Device | Writing constant memory
Fra:33 Mem:131.68M (Peak 153.60M) | Time:00:00.32 | Mem:105.67M, Peak:105.67M | Scene, ViewLayer | Sample 0/16
Fra:33 Mem:137.88M (Peak 153.60M) | Time:00:00.75 | Remaining:00:06.42 | Mem:111.86M, Peak:111.86M | Scene, ViewLayer | Sample 1/16
Fra:33 Mem:140.63M (Peak 153.60M) | Time:00:06.98 | Mem:111.86M, Peak:111.86M | Scene, ViewLayer | Sample 16/16
Fra:33 Mem:140.63M (Peak 153.60M) | Time:00:06.98 | Mem:111.86M, Peak:111.86M | Scene, ViewLayer | Finished
Fra:33 Mem:28.71M (Peak 153.60M) | Time:00:06.99 | Compositing
Saved: 'work/preview-frames/messi/frame_0033.png'
Time: 00:07.07 (Saving: 00:00.04)

Fra:34 Mem:27.00M (Peak 27.00M) | Time:00:00.00 | Mem:0.00M, Peak:0.00M | Scene, ViewLayer | Synchronizing object | 柔光主灯
Fra:34 Mem:27.00M (Peak 27.00M) | Time:00:00.00 | Mem:0.00M, Peak:0.00M | Scene, ViewLayer | Synchronizing object | 内圈 · 古金细边
Fra:34 Mem:27.00M (Peak 27.00M) | Time:00:00.00 | Mem:0.00M, Peak:0.00M | Scene, ViewLayer | Synchronizing object | 正面均匀补光
Fra:34 Mem:27.00M (Peak 27.00M) | Time:00:00.00 | Mem:0.00M, Peak:0.00M | Scene, ViewLayer | Synchronizing object | 顶部金光
Fra:34 Mem:27.01M (Peak 27.01M) | Time:00:00.00 | Mem:0.00M, Peak:0.00M | Scene, ViewLayer | Synchronizing object | 主体平面 · 完整视差合成
Fra:34 Mem:27.01M (Peak 27.01M) | Time:00:00.00 | Mem:0.00M, Peak:0.00M | Scene, ViewLayer | Synchronizing object | 外圈 · 全息压边
Fra:34 Mem:27.03M (Peak 27.03M) | Time:00:00.00 | Mem:0.00M, Peak:0.00M | Scene, ViewLayer | Synchronizing object | 文字平面 · Alpha PNG
Fra:34 Mem:27.03M (Peak 27.03M) | Time:00:00.00 | Mem:0.00M, Peak:0.00M | Scene, ViewLayer | Initializing
Fra:34 Mem:27.01M (Peak 27.03M) | Time:00:00.00 | Mem:0.00M, Peak:0.00M | Scene, ViewLayer | Updating Images | Loading text.png
Fra:34 Mem:27.01M (Peak 27.03M) | Time:00:00.00 | Mem:0.00M, Peak:0.00M | Scene, ViewLayer | Updating Images | Loading subject.png
Fra:34 Mem:69.21M (Peak 90.31M) | Time:00:00.07 | Mem:21.09M, Peak:21.09M | Scene, ViewLayer | Updating Images | Loading lineart.png
Fra:34 Mem:90.31M (Peak 111.41M) | Time:00:00.14 | Mem:42.19M, Peak:42.19M | Scene, ViewLayer | Updating Images | Loading background.png
Fra:34 Mem:131.52M (Peak 153.60M) | Time:00:00.32 | Mem:105.47M, Peak:105.47M | Scene, ViewLayer | Waiting for render to start
Fra:34 Mem:131.52M (Peak 153.60M) | Time:00:00.32 | Mem:105.47M, Peak:105.47M | Scene, ViewLayer | Updating Scene
Fra:34 Mem:131.52M (Peak 153.60M) | Time:00:00.32 | Mem:105.47M, Peak:105.47M | Scene, ViewLayer | Updating Shaders
Fra:34 Mem:131.52M (Peak 153.60M) | Time:00:00.32 | Mem:105.47M, Peak:105.47M | Scene, ViewLayer | Loading render kernels (may take a few minutes the first time)
Fra:34 Mem:131.64M (Peak 153.60M) | Time:00:00.32 | Mem:105.50M, Peak:105.50M | Scene, ViewLayer | Updating Procedurals
Fra:34 Mem:131.64M (Peak 153.60M) | Time:00:00.32 | Mem:105.50M, Peak:105.50M | Scene, ViewLayer | Updating Background
Fra:34 Mem:131.64M (Peak 153.60M) | Time:00:00.32 | Mem:105.50M, Peak:105.50M | Scene, ViewLayer | Updating Camera
Fra:34 Mem:131.64M (Peak 153.60M) | Time:00:00.32 | Mem:105.50M, Peak:105.50M | Scene, ViewLayer | Updating Meshes Flags
Fra:34 Mem:131.64M (Peak 153.60M) | Time:00:00.32 | Mem:105.50M, Peak:105.50M | Scene, ViewLayer | Updating Objects
Fra:34 Mem:131.64M (Peak 153.60M) | Time:00:00.32 | Mem:105.50M, Peak:105.50M | Scene, ViewLayer | Updating Objects | Copying Transformations to device
Fra:34 Mem:131.64M (Peak 153.60M) | Time:00:00.32 | Mem:105.51M, Peak:105.51M | Scene, ViewLayer | Updating Particle Systems
Fra:34 Mem:131.64M (Peak 153.60M) | Time:00:00.32 | Mem:105.51M, Peak:105.51M | Scene, ViewLayer | Updating Particle Systems | Copying Particles to device
Fra:34 Mem:131.64M (Peak 153.60M) | Time:00:00.32 | Mem:105.51M, Peak:105.51M | Scene, ViewLayer | Updating Meshes
Fra:34 Mem:131.64M (Peak 153.60M) | Time:00:00.32 | Mem:105.51M, Peak:105.51M | Scene, ViewLayer | Updating Objects | Applying Static Transformations
Fra:34 Mem:131.64M (Peak 153.60M) | Time:00:00.32 | Mem:105.51M, Peak:105.51M | Scene, ViewLayer | Updating Mesh | Computing attributes
Fra:34 Mem:131.65M (Peak 153.60M) | Time:00:00.32 | Mem:105.51M, Peak:105.51M | Scene, ViewLayer | Updating Mesh | Copying Attributes to device
Fra:34 Mem:131.65M (Peak 153.60M) | Time:00:00.32 | Mem:105.52M, Peak:105.52M | Scene, ViewLayer | Updating Scene BVH | Building
Fra:34 Mem:131.65M (Peak 153.60M) | Time:00:00.32 | Mem:105.52M, Peak:105.52M | Scene, ViewLayer | Updating Scene BVH | Building BVH
Fra:34 Mem:131.65M (Peak 153.60M) | Time:00:00.32 | Mem:105.53M, Peak:105.53M | Scene, ViewLayer | Updating Scene BVH | Building BVH 0%
Fra:34 Mem:131.65M (Peak 153.60M) | Time:00:00.32 | Mem:105.56M, Peak:105.57M | Scene, ViewLayer | Updating Scene BVH | Copying BVH to device
Fra:34 Mem:131.65M (Peak 153.60M) | Time:00:00.32 | Mem:105.56M, Peak:105.57M | Scene, ViewLayer | Updating Mesh | Computing normals
Fra:34 Mem:131.67M (Peak 153.60M) | Time:00:00.32 | Mem:105.56M, Peak:105.57M | Scene, ViewLayer | Updating Mesh | Copying Mesh to device
Fra:34 Mem:131.67M (Peak 153.60M) | Time:00:00.32 | Mem:105.57M, Peak:105.57M | Scene, ViewLayer | Updating Objects Flags
Fra:34 Mem:131.67M (Peak 153.60M) | Time:00:00.32 | Mem:105.57M, Peak:105.57M | Scene, ViewLayer | Updating Primitive Offsets
Fra:34 Mem:131.67M (Peak 153.60M) | Time:00:00.32 | Mem:105.57M, Peak:105.57M | Scene, ViewLayer | Updating Images
Fra:34 Mem:131.67M (Peak 153.60M) | Time:00:00.32 | Mem:105.57M, Peak:105.57M | Scene, ViewLayer | Updating Camera Volume
Fra:34 Mem:131.67M (Peak 153.60M) | Time:00:00.32 | Mem:105.57M, Peak:105.57M | Scene, ViewLayer | Updating Lookup Tables
Fra:34 Mem:131.67M (Peak 153.60M) | Time:00:00.32 | Mem:105.65M, Peak:105.65M | Scene, ViewLayer | Updating Lights
Fra:34 Mem:131.67M (Peak 153.60M) | Time:00:00.32 | Mem:105.65M, Peak:105.65M | Scene, ViewLayer | Updating Lights | Computing tree
Fra:34 Mem:131.68M (Peak 153.60M) | Time:00:00.32 | Mem:105.66M, Peak:105.66M | Scene, ViewLayer | Updating Integrator
Fra:34 Mem:131.68M (Peak 153.60M) | Time:00:00.32 | Mem:105.66M, Peak:105.66M | Scene, ViewLayer | Updating Film
Fra:34 Mem:131.68M (Peak 153.60M) | Time:00:00.32 | Mem:105.58M, Peak:105.66M | Scene, ViewLayer | Updating Lookup Tables
Fra:34 Mem:131.68M (Peak 153.60M) | Time:00:00.32 | Mem:105.67M, Peak:105.67M | Scene, ViewLayer | Updating Baking
Fra:34 Mem:131.68M (Peak 153.60M) | Time:00:00.32 | Mem:105.67M, Peak:105.67M | Scene, ViewLayer | Updating Device | Writing constant memory
Fra:34 Mem:131.68M (Peak 153.60M) | Time:00:00.32 | Mem:105.67M, Peak:105.67M | Scene, ViewLayer | Sample 0/16
Fra:34 Mem:137.88M (Peak 153.60M) | Time:00:00.73 | Remaining:00:06.22 | Mem:111.86M, Peak:111.86M | Scene, ViewLayer | Sample 1/16
Fra:34 Mem:140.63M (Peak 153.60M) | Time:00:06.96 | Mem:111.86M, Peak:111.86M | Scene, ViewLayer | Sample 16/16
Fra:34 Mem:140.63M (Peak 153.60M) | Time:00:06.96 | Mem:111.86M, Peak:111.86M | Scene, ViewLayer | Finished
Fra:34 Mem:28.71M (Peak 153.60M) | Time:00:06.96 | Compositing
Saved: 'work/preview-frames/messi/frame_0034.png'
Time: 00:07.05 (Saving: 00:00.04)

Fra:35 Mem:27.00M (Peak 27.00M) | Time:00:00.00 | Mem:0.00M, Peak:0.00M | Scene, ViewLayer | Synchronizing object | 柔光主灯
Fra:35 Mem:27.00M (Peak 27.00M) | Time:00:00.00 | Mem:0.00M, Peak:0.00M | Scene, ViewLayer | Synchronizing object | 正面均匀补光
Fra:35 Mem:27.00M (Peak 27.00M) | Time:00:00.00 | Mem:0.00M, Peak:0.00M | Scene, ViewLayer | Synchronizing object | 内圈 · 古金细边
Fra:35 Mem:27.00M (Peak 27.00M) | Time:00:00.00 | Mem:0.00M, Peak:0.00M | Scene, ViewLayer | Synchronizing object | 顶部金光
Fra:35 Mem:27.01M (Peak 27.01M) | Time:00:00.00 | Mem:0.00M, Peak:0.00M | Scene, ViewLayer | Synchronizing object | 主体平面 · 完整视差合成
Fra:35 Mem:27.01M (Peak 27.01M) | Time:00:00.00 | Mem:0.00M, Peak:0.00M | Scene, ViewLayer | Synchronizing object | 外圈 · 全息压边
Fra:35 Mem:27.03M (Peak 27.03M) | Time:00:00.00 | Mem:0.00M, Peak:0.00M | Scene, ViewLayer | Synchronizing object | 文字平面 · Alpha PNG
Fra:35 Mem:27.03M (Peak 27.03M) | Time:00:00.00 | Mem:0.00M, Peak:0.00M | Scene, ViewLayer | Initializing
Fra:35 Mem:27.01M (Peak 27.03M) | Time:00:00.00 | Mem:0.00M, Peak:0.00M | Scene, ViewLayer | Updating Images | Loading text.png
Fra:35 Mem:27.01M (Peak 27.03M) | Time:00:00.00 | Mem:0.00M, Peak:0.00M | Scene, ViewLayer | Updating Images | Loading subject.png
Fra:35 Mem:69.22M (Peak 90.31M) | Time:00:00.08 | Mem:21.09M, Peak:21.09M | Scene, ViewLayer | Updating Images | Loading lineart.png
Fra:35 Mem:90.31M (Peak 111.41M) | Time:00:00.14 | Mem:42.19M, Peak:42.19M | Scene, ViewLayer | Updating Images | Loading background.png
Fra:35 Mem:131.52M (Peak 153.60M) | Time:00:00.33 | Mem:105.47M, Peak:105.47M | Scene, ViewLayer | Waiting for render to start
Fra:35 Mem:131.52M (Peak 153.60M) | Time:00:00.33 | Mem:105.47M, Peak:105.47M | Scene, ViewLayer | Updating Scene
Fra:35 Mem:131.52M (Peak 153.60M) | Time:00:00.33 | Mem:105.47M, Peak:105.47M | Scene, ViewLayer | Updating Shaders
Fra:35 Mem:131.52M (Peak 153.60M) | Time:00:00.33 | Mem:105.47M, Peak:105.47M | Scene, ViewLayer | Loading render kernels (may take a few minutes the first time)
Fra:35 Mem:131.64M (Peak 153.60M) | Time:00:00.33 | Mem:105.50M, Peak:105.50M | Scene, ViewLayer | Updating Procedurals
Fra:35 Mem:131.64M (Peak 153.60M) | Time:00:00.33 | Mem:105.50M, Peak:105.50M | Scene, ViewLayer | Updating Background
Fra:35 Mem:131.64M (Peak 153.60M) | Time:00:00.33 | Mem:105.50M, Peak:105.50M | Scene, ViewLayer | Updating Camera
Fra:35 Mem:131.64M (Peak 153.60M) | Time:00:00.33 | Mem:105.50M, Peak:105.50M | Scene, ViewLayer | Updating Meshes Flags
Fra:35 Mem:131.64M (Peak 153.60M) | Time:00:00.33 | Mem:105.50M, Peak:105.50M | Scene, ViewLayer | Updating Objects
Fra:35 Mem:131.64M (Peak 153.60M) | Time:00:00.33 | Mem:105.50M, Peak:105.50M | Scene, ViewLayer | Updating Objects | Copying Transformations to device
Fra:35 Mem:131.64M (Peak 153.60M) | Time:00:00.33 | Mem:105.51M, Peak:105.51M | Scene, ViewLayer | Updating Particle Systems
Fra:35 Mem:131.64M (Peak 153.60M) | Time:00:00.33 | Mem:105.51M, Peak:105.51M | Scene, ViewLayer | Updating Particle Systems | Copying Particles to device
Fra:35 Mem:131.64M (Peak 153.60M) | Time:00:00.33 | Mem:105.51M, Peak:105.51M | Scene, ViewLayer | Updating Meshes
Fra:35 Mem:131.64M (Peak 153.60M) | Time:00:00.33 | Mem:105.51M, Peak:105.51M | Scene, ViewLayer | Updating Objects | Applying Static Transformations
Fra:35 Mem:131.64M (Peak 153.60M) | Time:00:00.33 | Mem:105.51M, Peak:105.51M | Scene, ViewLayer | Updating Mesh | Computing attributes
Fra:35 Mem:131.65M (Peak 153.60M) | Time:00:00.33 | Mem:105.51M, Peak:105.51M | Scene, ViewLayer | Updating Mesh | Copying Attributes to device
Fra:35 Mem:131.65M (Peak 153.60M) | Time:00:00.33 | Mem:105.52M, Peak:105.52M | Scene, ViewLayer | Updating Scene BVH | Building
Fra:35 Mem:131.65M (Peak 153.60M) | Time:00:00.33 | Mem:105.52M, Peak:105.52M | Scene, ViewLayer | Updating Scene BVH | Building BVH
Fra:35 Mem:131.65M (Peak 153.60M) | Time:00:00.33 | Mem:105.53M, Peak:105.53M | Scene, ViewLayer | Updating Scene BVH | Building BVH 0%
Fra:35 Mem:131.65M (Peak 153.60M) | Time:00:00.33 | Mem:105.56M, Peak:105.57M | Scene, ViewLayer | Updating Scene BVH | Copying BVH to device
Fra:35 Mem:131.65M (Peak 153.60M) | Time:00:00.33 | Mem:105.56M, Peak:105.57M | Scene, ViewLayer | Updating Mesh | Computing normals
Fra:35 Mem:131.67M (Peak 153.60M) | Time:00:00.33 | Mem:105.56M, Peak:105.57M | Scene, ViewLayer | Updating Mesh | Copying Mesh to device
Fra:35 Mem:131.67M (Peak 153.60M) | Time:00:00.33 | Mem:105.57M, Peak:105.57M | Scene, ViewLayer | Updating Objects Flags
Fra:35 Mem:131.67M (Peak 153.60M) | Time:00:00.33 | Mem:105.57M, Peak:105.57M | Scene, ViewLayer | Updating Primitive Offsets
Fra:35 Mem:131.67M (Peak 153.60M) | Time:00:00.33 | Mem:105.57M, Peak:105.57M | Scene, ViewLayer | Updating Images
Fra:35 Mem:131.67M (Peak 153.60M) | Time:00:00.33 | Mem:105.57M, Peak:105.57M | Scene, ViewLayer | Updating Camera Volume
Fra:35 Mem:131.67M (Peak 153.60M) | Time:00:00.33 | Mem:105.57M, Peak:105.57M | Scene, ViewLayer | Updating Lookup Tables
Fra:35 Mem:131.67M (Peak 153.60M) | Time:00:00.33 | Mem:105.65M, Peak:105.65M | Scene, ViewLayer | Updating Lights
Fra:35 Mem:131.67M (Peak 153.60M) | Time:00:00.33 | Mem:105.65M, Peak:105.65M | Scene, ViewLayer | Updating Lights | Computing tree
Fra:35 Mem:131.68M (Peak 153.60M) | Time:00:00.33 | Mem:105.66M, Peak:105.66M | Scene, ViewLayer | Updating Integrator
Fra:35 Mem:131.68M (Peak 153.60M) | Time:00:00.33 | Mem:105.66M, Peak:105.66M | Scene, ViewLayer | Updating Film
Fra:35 Mem:131.68M (Peak 153.60M) | Time:00:00.33 | Mem:105.58M, Peak:105.66M | Scene, ViewLayer | Updating Lookup Tables
Fra:35 Mem:131.68M (Peak 153.60M) | Time:00:00.33 | Mem:105.67M, Peak:105.67M | Scene, ViewLayer | Updating Baking
Fra:35 Mem:131.68M (Peak 153.60M) | Time:00:00.33 | Mem:105.67M, Peak:105.67M | Scene, ViewLayer | Updating Device | Writing constant memory
Fra:35 Mem:131.68M (Peak 153.60M) | Time:00:00.33 | Mem:105.67M, Peak:105.67M | Scene, ViewLayer | Sample 0/16
Fra:35 Mem:137.88M (Peak 153.60M) | Time:00:00.76 | Remaining:00:06.41 | Mem:111.86M, Peak:111.86M | Scene, ViewLayer | Sample 1/16
Fra:35 Mem:140.63M (Peak 153.60M) | Time:00:07.05 | Mem:111.86M, Peak:111.86M | Scene, ViewLayer | Sample 16/16
Fra:35 Mem:140.63M (Peak 153.60M) | Time:00:07.05 | Mem:111.86M, Peak:111.86M | Scene, ViewLayer | Finished
Fra:35 Mem:28.71M (Peak 153.60M) | Time:00:07.06 | Compositing
Saved: 'work/preview-frames/messi/frame_0035.png'
Time: 00:07.15 (Saving: 00:00.04)

Fra:36 Mem:27.00M (Peak 27.00M) | Time:00:00.00 | Mem:0.00M, Peak:0.00M | Scene, ViewLayer | Synchronizing object | 柔光主灯
Fra:36 Mem:27.00M (Peak 27.00M) | Time:00:00.00 | Mem:0.00M, Peak:0.00M | Scene, ViewLayer | Synchronizing object | 正面均匀补光
Fra:36 Mem:27.00M (Peak 27.00M) | Time:00:00.00 | Mem:0.00M, Peak:0.00M | Scene, ViewLayer | Synchronizing object | 顶部金光
Fra:36 Mem:27.00M (Peak 27.00M) | Time:00:00.00 | Mem:0.00M, Peak:0.00M | Scene, ViewLayer | Synchronizing object | 主体平面 · 完整视差合成
Fra:36 Mem:27.02M (Peak 27.02M) | Time:00:00.00 | Mem:0.00M, Peak:0.00M | Scene, ViewLayer | Synchronizing object | 外圈 · 全息压边
Fra:36 Mem:27.03M (Peak 27.03M) | Time:00:00.00 | Mem:0.00M, Peak:0.00M | Scene, ViewLayer | Synchronizing object | 文字平面 · Alpha PNG
Fra:36 Mem:27.03M (Peak 27.03M) | Time:00:00.00 | Mem:0.00M, Peak:0.00M | Scene, ViewLayer | Initializing
Fra:36 Mem:27.01M (Peak 27.03M) | Time:00:00.00 | Mem:0.00M, Peak:0.00M | Scene, ViewLayer | Updating Images | Loading text.png
Fra:36 Mem:27.01M (Peak 27.03M) | Time:00:00.00 | Mem:0.00M, Peak:0.00M | Scene, ViewLayer | Updating Images | Loading subject.png
Fra:36 Mem:69.22M (Peak 90.31M) | Time:00:00.07 | Mem:21.09M, Peak:21.09M | Scene, ViewLayer | Updating Images | Loading lineart.png
Fra:36 Mem:90.31M (Peak 111.41M) | Time:00:00.14 | Mem:42.19M, Peak:42.19M | Scene, ViewLayer | Updating Images | Loading background.png
Fra:36 Mem:131.52M (Peak 153.60M) | Time:00:00.33 | Mem:105.47M, Peak:105.47M | Scene, ViewLayer | Waiting for render to start
Fra:36 Mem:131.52M (Peak 153.60M) | Time:00:00.33 | Mem:105.47M, Peak:105.47M | Scene, ViewLayer | Updating Scene
Fra:36 Mem:131.52M (Peak 153.60M) | Time:00:00.33 | Mem:105.47M, Peak:105.47M | Scene, ViewLayer | Updating Shaders
Fra:36 Mem:131.52M (Peak 153.60M) | Time:00:00.33 | Mem:105.47M, Peak:105.47M | Scene, ViewLayer | Loading render kernels (may take a few minutes the first time)
Fra:36 Mem:131.64M (Peak 153.60M) | Time:00:00.33 | Mem:105.50M, Peak:105.50M | Scene, ViewLayer | Updating Procedurals
Fra:36 Mem:131.64M (Peak 153.60M) | Time:00:00.33 | Mem:105.50M, Peak:105.50M | Scene, ViewLayer | Updating Background
Fra:36 Mem:131.64M (Peak 153.60M) | Time:00:00.33 | Mem:105.50M, Peak:105.50M | Scene, ViewLayer | Updating Camera
Fra:36 Mem:131.64M (Peak 153.60M) | Time:00:00.33 | Mem:105.50M, Peak:105.50M | Scene, ViewLayer | Updating Meshes Flags
Fra:36 Mem:131.64M (Peak 153.60M) | Time:00:00.33 | Mem:105.50M, Peak:105.50M | Scene, ViewLayer | Updating Objects
Fra:36 Mem:131.64M (Peak 153.60M) | Time:00:00.33 | Mem:105.50M, Peak:105.50M | Scene, ViewLayer | Updating Objects | Copying Transformations to device
Fra:36 Mem:131.64M (Peak 153.60M) | Time:00:00.33 | Mem:105.51M, Peak:105.51M | Scene, ViewLayer | Updating Particle Systems
Fra:36 Mem:131.64M (Peak 153.60M) | Time:00:00.33 | Mem:105.51M, Peak:105.51M | Scene, ViewLayer | Updating Particle Systems | Copying Particles to device
Fra:36 Mem:131.64M (Peak 153.60M) | Time:00:00.33 | Mem:105.51M, Peak:105.51M | Scene, ViewLayer | Updating Meshes
Fra:36 Mem:131.64M (Peak 153.60M) | Time:00:00.33 | Mem:105.51M, Peak:105.51M | Scene, ViewLayer | Updating Objects | Applying Static Transformations
Fra:36 Mem:131.64M (Peak 153.60M) | Time:00:00.33 | Mem:105.51M, Peak:105.51M | Scene, ViewLayer | Updating Mesh | Computing attributes
Fra:36 Mem:131.65M (Peak 153.60M) | Time:00:00.33 | Mem:105.51M, Peak:105.51M | Scene, ViewLayer | Updating Mesh | Copying Attributes to device
Fra:36 Mem:131.65M (Peak 153.60M) | Time:00:00.33 | Mem:105.52M, Peak:105.52M | Scene, ViewLayer | Updating Scene BVH | Building
Fra:36 Mem:131.65M (Peak 153.60M) | Time:00:00.33 | Mem:105.52M, Peak:105.52M | Scene, ViewLayer | Updating Scene BVH | Building BVH
Fra:36 Mem:131.65M (Peak 153.60M) | Time:00:00.33 | Mem:105.53M, Peak:105.53M | Scene, ViewLayer | Updating Scene BVH | Building BVH 0%
Fra:36 Mem:131.65M (Peak 153.60M) | Time:00:00.33 | Mem:105.56M, Peak:105.57M | Scene, ViewLayer | Updating Scene BVH | Copying BVH to device
Fra:36 Mem:131.65M (Peak 153.60M) | Time:00:00.33 | Mem:105.56M, Peak:105.57M | Scene, ViewLayer | Updating Mesh | Computing normals
Fra:36 Mem:131.67M (Peak 153.60M) | Time:00:00.33 | Mem:105.56M, Peak:105.57M | Scene, ViewLayer | Updating Mesh | Copying Mesh to device
Fra:36 Mem:131.67M (Peak 153.60M) | Time:00:00.33 | Mem:105.57M, Peak:105.57M | Scene, ViewLayer | Updating Objects Flags
Fra:36 Mem:131.67M (Peak 153.60M) | Time:00:00.33 | Mem:105.57M, Peak:105.57M | Scene, ViewLayer | Updating Primitive Offsets
Fra:36 Mem:131.67M (Peak 153.60M) | Time:00:00.33 | Mem:105.57M, Peak:105.57M | Scene, ViewLayer | Updating Images
Fra:36 Mem:131.67M (Peak 153.60M) | Time:00:00.33 | Mem:105.57M, Peak:105.57M | Scene, ViewLayer | Updating Camera Volume
Fra:36 Mem:131.67M (Peak 153.60M) | Time:00:00.33 | Mem:105.57M, Peak:105.57M | Scene, ViewLayer | Updating Lookup Tables
Fra:36 Mem:131.67M (Peak 153.60M) | Time:00:00.33 | Mem:105.65M, Peak:105.65M | Scene, ViewLayer | Updating Lights
Fra:36 Mem:131.67M (Peak 153.60M) | Time:00:00.33 | Mem:105.65M, Peak:105.65M | Scene, ViewLayer | Updating Lights | Computing tree
Fra:36 Mem:131.68M (Peak 153.60M) | Time:00:00.33 | Mem:105.66M, Peak:105.66M | Scene, ViewLayer | Updating Integrator
Fra:36 Mem:131.68M (Peak 153.60M) | Time:00:00.33 | Mem:105.66M, Peak:105.66M | Scene, ViewLayer | Updating Film
Fra:36 Mem:131.68M (Peak 153.60M) | Time:00:00.33 | Mem:105.58M, Peak:105.66M | Scene, ViewLayer | Updating Lookup Tables
Fra:36 Mem:131.68M (Peak 153.60M) | Time:00:00.33 | Mem:105.67M, Peak:105.67M | Scene, ViewLayer | Updating Baking
Fra:36 Mem:131.68M (Peak 153.60M) | Time:00:00.33 | Mem:105.67M, Peak:105.67M | Scene, ViewLayer | Updating Device | Writing constant memory
Fra:36 Mem:131.68M (Peak 153.60M) | Time:00:00.33 | Mem:105.67M, Peak:105.67M | Scene, ViewLayer | Sample 0/16
Fra:36 Mem:137.88M (Peak 153.60M) | Time:00:00.77 | Remaining:00:06.67 | Mem:111.86M, Peak:111.86M | Scene, ViewLayer | Sample 1/16
Fra:36 Mem:140.63M (Peak 153.60M) | Time:00:07.05 | Mem:111.86M, Peak:111.86M | Scene, ViewLayer | Sample 16/16
Fra:36 Mem:140.63M (Peak 153.60M) | Time:00:07.05 | Mem:111.86M, Peak:111.86M | Scene, ViewLayer | Finished
Fra:36 Mem:28.71M (Peak 153.60M) | Time:00:07.06 | Compositing
Saved: 'work/preview-frames/messi/frame_0036.png'
Time: 00:07.15 (Saving: 00:00.04)

Fra:37 Mem:27.00M (Peak 27.00M) | Time:00:00.00 | Mem:0.00M, Peak:0.00M | Scene, ViewLayer | Synchronizing object | 柔光主灯
Fra:37 Mem:27.00M (Peak 27.00M) | Time:00:00.00 | Mem:0.00M, Peak:0.00M | Scene, ViewLayer | Synchronizing object | 内圈 · 古金细边
Fra:37 Mem:27.00M (Peak 27.00M) | Time:00:00.00 | Mem:0.00M, Peak:0.00M | Scene, ViewLayer | Synchronizing object | 正面均匀补光
Fra:37 Mem:27.00M (Peak 27.00M) | Time:00:00.00 | Mem:0.00M, Peak:0.00M | Scene, ViewLayer | Synchronizing object | 顶部金光
Fra:37 Mem:27.01M (Peak 27.01M) | Time:00:00.00 | Mem:0.00M, Peak:0.00M | Scene, ViewLayer | Synchronizing object | 主体平面 · 完整视差合成
Fra:37 Mem:27.02M (Peak 27.02M) | Time:00:00.00 | Mem:0.00M, Peak:0.00M | Scene, ViewLayer | Synchronizing object | 外圈 · 全息压边
Fra:37 Mem:27.03M (Peak 27.03M) | Time:00:00.00 | Mem:0.00M, Peak:0.00M | Scene, ViewLayer | Synchronizing object | 文字平面 · Alpha PNG
Fra:37 Mem:27.03M (Peak 27.03M) | Time:00:00.00 | Mem:0.00M, Peak:0.00M | Scene, ViewLayer | Initializing
Fra:37 Mem:27.01M (Peak 27.03M) | Time:00:00.00 | Mem:0.00M, Peak:0.00M | Scene, ViewLayer | Updating Images | Loading subject.png
Fra:37 Mem:69.22M (Peak 90.31M) | Time:00:00.08 | Mem:21.09M, Peak:21.09M | Scene, ViewLayer | Updating Images | Loading lineart.png
Fra:37 Mem:90.31M (Peak 111.41M) | Time:00:00.14 | Mem:42.19M, Peak:42.19M | Scene, ViewLayer | Updating Images | Loading background.png
Fra:37 Mem:131.52M (Peak 153.60M) | Time:00:00.33 | Mem:105.47M, Peak:105.47M | Scene, ViewLayer | Waiting for render to start
Fra:37 Mem:131.52M (Peak 153.60M) | Time:00:00.33 | Mem:105.47M, Peak:105.47M | Scene, ViewLayer | Updating Scene
Fra:37 Mem:131.52M (Peak 153.60M) | Time:00:00.33 | Mem:105.47M, Peak:105.47M | Scene, ViewLayer | Updating Shaders
Fra:37 Mem:131.52M (Peak 153.60M) | Time:00:00.33 | Mem:105.47M, Peak:105.47M | Scene, ViewLayer | Loading render kernels (may take a few minutes the first time)
Fra:37 Mem:131.64M (Peak 153.60M) | Time:00:00.33 | Mem:105.50M, Peak:105.50M | Scene, ViewLayer | Updating Procedurals
Fra:37 Mem:131.64M (Peak 153.60M) | Time:00:00.33 | Mem:105.50M, Peak:105.50M | Scene, ViewLayer | Updating Background
Fra:37 Mem:131.64M (Peak 153.60M) | Time:00:00.33 | Mem:105.50M, Peak:105.50M | Scene, ViewLayer | Updating Camera
Fra:37 Mem:131.64M (Peak 153.60M) | Time:00:00.33 | Mem:105.50M, Peak:105.50M | Scene, ViewLayer | Updating Meshes Flags
Fra:37 Mem:131.64M (Peak 153.60M) | Time:00:00.33 | Mem:105.50M, Peak:105.50M | Scene, ViewLayer | Updating Objects
Fra:37 Mem:131.64M (Peak 153.60M) | Time:00:00.33 | Mem:105.50M, Peak:105.50M | Scene, ViewLayer | Updating Objects | Copying Transformations to device
Fra:37 Mem:131.64M (Peak 153.60M) | Time:00:00.33 | Mem:105.51M, Peak:105.51M | Scene, ViewLayer | Updating Particle Systems
Fra:37 Mem:131.64M (Peak 153.60M) | Time:00:00.33 | Mem:105.51M, Peak:105.51M | Scene, ViewLayer | Updating Particle Systems | Copying Particles to device
Fra:37 Mem:131.64M (Peak 153.60M) | Time:00:00.33 | Mem:105.51M, Peak:105.51M | Scene, ViewLayer | Updating Meshes
Fra:37 Mem:131.64M (Peak 153.60M) | Time:00:00.33 | Mem:105.51M, Peak:105.51M | Scene, ViewLayer | Updating Objects | Applying Static Transformations
Fra:37 Mem:131.64M (Peak 153.60M) | Time:00:00.33 | Mem:105.51M, Peak:105.51M | Scene, ViewLayer | Updating Mesh | Computing attributes
Fra:37 Mem:131.65M (Peak 153.60M) | Time:00:00.33 | Mem:105.51M, Peak:105.51M | Scene, ViewLayer | Updating Mesh | Copying Attributes to device
Fra:37 Mem:131.65M (Peak 153.60M) | Time:00:00.33 | Mem:105.52M, Peak:105.52M | Scene, ViewLayer | Updating Scene BVH | Building
Fra:37 Mem:131.65M (Peak 153.60M) | Time:00:00.33 | Mem:105.52M, Peak:105.52M | Scene, ViewLayer | Updating Scene BVH | Building BVH
Fra:37 Mem:131.65M (Peak 153.60M) | Time:00:00.33 | Mem:105.53M, Peak:105.53M | Scene, ViewLayer | Updating Scene BVH | Building BVH 0%
Fra:37 Mem:131.65M (Peak 153.60M) | Time:00:00.33 | Mem:105.55M, Peak:105.57M | Scene, ViewLayer | Updating Scene BVH | Copying BVH to device
Fra:37 Mem:131.65M (Peak 153.60M) | Time:00:00.33 | Mem:105.55M, Peak:105.57M | Scene, ViewLayer | Updating Mesh | Computing normals
Fra:37 Mem:131.67M (Peak 153.60M) | Time:00:00.33 | Mem:105.55M, Peak:105.57M | Scene, ViewLayer | Updating Mesh | Copying Mesh to device
Fra:37 Mem:131.67M (Peak 153.60M) | Time:00:00.33 | Mem:105.57M, Peak:105.57M | Scene, ViewLayer | Updating Objects Flags
Fra:37 Mem:131.67M (Peak 153.60M) | Time:00:00.33 | Mem:105.57M, Peak:105.57M | Scene, ViewLayer | Updating Primitive Offsets
Fra:37 Mem:131.67M (Peak 153.60M) | Time:00:00.33 | Mem:105.57M, Peak:105.57M | Scene, ViewLayer | Updating Images
Fra:37 Mem:131.67M (Peak 153.60M) | Time:00:00.33 | Mem:105.57M, Peak:105.57M | Scene, ViewLayer | Updating Camera Volume
Fra:37 Mem:131.67M (Peak 153.60M) | Time:00:00.33 | Mem:105.57M, Peak:105.57M | Scene, ViewLayer | Updating Lookup Tables
Fra:37 Mem:131.67M (Peak 153.60M) | Time:00:00.33 | Mem:105.65M, Peak:105.65M | Scene, ViewLayer | Updating Lights
Fra:37 Mem:131.67M (Peak 153.60M) | Time:00:00.33 | Mem:105.65M, Peak:105.65M | Scene, ViewLayer | Updating Lights | Computing tree
Fra:37 Mem:131.68M (Peak 153.60M) | Time:00:00.33 | Mem:105.66M, Peak:105.66M | Scene, ViewLayer | Updating Integrator
Fra:37 Mem:131.68M (Peak 153.60M) | Time:00:00.33 | Mem:105.66M, Peak:105.66M | Scene, ViewLayer | Updating Film
Fra:37 Mem:131.68M (Peak 153.60M) | Time:00:00.33 | Mem:105.58M, Peak:105.66M | Scene, ViewLayer | Updating Lookup Tables
Fra:37 Mem:131.68M (Peak 153.60M) | Time:00:00.33 | Mem:105.67M, Peak:105.67M | Scene, ViewLayer | Updating Baking
Fra:37 Mem:131.68M (Peak 153.60M) | Time:00:00.33 | Mem:105.67M, Peak:105.67M | Scene, ViewLayer | Updating Device | Writing constant memory
Fra:37 Mem:131.68M (Peak 153.60M) | Time:00:00.33 | Mem:105.67M, Peak:105.67M | Scene, ViewLayer | Sample 0/16
Fra:37 Mem:137.88M (Peak 153.60M) | Time:00:00.73 | Remaining:00:06.00 | Mem:111.86M, Peak:111.86M | Scene, ViewLayer | Sample 1/16
Fra:37 Mem:140.63M (Peak 153.60M) | Time:00:06.68 | Mem:111.86M, Peak:111.86M | Scene, ViewLayer | Sample 16/16
Fra:37 Mem:140.63M (Peak 153.60M) | Time:00:06.68 | Mem:111.86M, Peak:111.86M | Scene, ViewLayer | Finished
Fra:37 Mem:28.71M (Peak 153.60M) | Time:00:06.69 | Compositing
Saved: 'work/preview-frames/messi/frame_0037.png'
Time: 00:06.78 (Saving: 00:00.03)

Fra:38 Mem:27.00M (Peak 27.00M) | Time:00:00.00 | Mem:0.00M, Peak:0.00M | Scene, ViewLayer | Synchronizing object | 柔光主灯
Fra:38 Mem:27.00M (Peak 27.00M) | Time:00:00.00 | Mem:0.00M, Peak:0.00M | Scene, ViewLayer | Synchronizing object | 正面均匀补光
Fra:38 Mem:27.00M (Peak 27.00M) | Time:00:00.00 | Mem:0.00M, Peak:0.00M | Scene, ViewLayer | Synchronizing object | 顶部金光
Fra:38 Mem:27.00M (Peak 27.00M) | Time:00:00.00 | Mem:0.00M, Peak:0.00M | Scene, ViewLayer | Synchronizing object | 主体平面 · 完整视差合成
Fra:38 Mem:27.02M (Peak 27.02M) | Time:00:00.00 | Mem:0.00M, Peak:0.00M | Scene, ViewLayer | Synchronizing object | 外圈 · 全息压边
Fra:38 Mem:27.03M (Peak 27.03M) | Time:00:00.00 | Mem:0.00M, Peak:0.00M | Scene, ViewLayer | Synchronizing object | 文字平面 · Alpha PNG
Fra:38 Mem:27.03M (Peak 27.03M) | Time:00:00.00 | Mem:0.00M, Peak:0.00M | Scene, ViewLayer | Initializing
Fra:38 Mem:27.01M (Peak 27.03M) | Time:00:00.00 | Mem:0.00M, Peak:0.00M | Scene, ViewLayer | Updating Images | Loading text.png
Fra:38 Mem:27.01M (Peak 27.03M) | Time:00:00.00 | Mem:0.00M, Peak:0.00M | Scene, ViewLayer | Updating Images | Loading subject.png
Fra:38 Mem:69.22M (Peak 90.31M) | Time:00:00.07 | Mem:21.09M, Peak:21.09M | Scene, ViewLayer | Updating Images | Loading lineart.png
Fra:38 Mem:90.31M (Peak 111.41M) | Time:00:00.14 | Mem:42.19M, Peak:42.19M | Scene, ViewLayer | Updating Images | Loading background.png
Fra:38 Mem:131.52M (Peak 153.60M) | Time:00:00.32 | Mem:105.47M, Peak:105.47M | Scene, ViewLayer | Waiting for render to start
Fra:38 Mem:131.52M (Peak 153.60M) | Time:00:00.32 | Mem:105.47M, Peak:105.47M | Scene, ViewLayer | Updating Scene
Fra:38 Mem:131.52M (Peak 153.60M) | Time:00:00.32 | Mem:105.47M, Peak:105.47M | Scene, ViewLayer | Updating Shaders
Fra:38 Mem:131.52M (Peak 153.60M) | Time:00:00.32 | Mem:105.47M, Peak:105.47M | Scene, ViewLayer | Loading render kernels (may take a few minutes the first time)
Fra:38 Mem:131.64M (Peak 153.60M) | Time:00:00.32 | Mem:105.50M, Peak:105.50M | Scene, ViewLayer | Updating Procedurals
Fra:38 Mem:131.64M (Peak 153.60M) | Time:00:00.32 | Mem:105.50M, Peak:105.50M | Scene, ViewLayer | Updating Background
Fra:38 Mem:131.64M (Peak 153.60M) | Time:00:00.32 | Mem:105.50M, Peak:105.50M | Scene, ViewLayer | Updating Camera
Fra:38 Mem:131.64M (Peak 153.60M) | Time:00:00.32 | Mem:105.50M, Peak:105.50M | Scene, ViewLayer | Updating Meshes Flags
Fra:38 Mem:131.64M (Peak 153.60M) | Time:00:00.32 | Mem:105.50M, Peak:105.50M | Scene, ViewLayer | Updating Objects
Fra:38 Mem:131.64M (Peak 153.60M) | Time:00:00.32 | Mem:105.50M, Peak:105.50M | Scene, ViewLayer | Updating Objects | Copying Transformations to device
Fra:38 Mem:131.64M (Peak 153.60M) | Time:00:00.32 | Mem:105.51M, Peak:105.51M | Scene, ViewLayer | Updating Particle Systems
Fra:38 Mem:131.64M (Peak 153.60M) | Time:00:00.32 | Mem:105.51M, Peak:105.51M | Scene, ViewLayer | Updating Particle Systems | Copying Particles to device
Fra:38 Mem:131.64M (Peak 153.60M) | Time:00:00.32 | Mem:105.51M, Peak:105.51M | Scene, ViewLayer | Updating Meshes
Fra:38 Mem:131.64M (Peak 153.60M) | Time:00:00.32 | Mem:105.51M, Peak:105.51M | Scene, ViewLayer | Updating Objects | Applying Static Transformations
Fra:38 Mem:131.64M (Peak 153.60M) | Time:00:00.32 | Mem:105.51M, Peak:105.51M | Scene, ViewLayer | Updating Mesh | Computing attributes
Fra:38 Mem:131.65M (Peak 153.60M) | Time:00:00.32 | Mem:105.51M, Peak:105.51M | Scene, ViewLayer | Updating Mesh | Copying Attributes to device
Fra:38 Mem:131.65M (Peak 153.60M) | Time:00:00.32 | Mem:105.52M, Peak:105.52M | Scene, ViewLayer | Updating Scene BVH | Building
Fra:38 Mem:131.65M (Peak 153.60M) | Time:00:00.32 | Mem:105.52M, Peak:105.52M | Scene, ViewLayer | Updating Scene BVH | Building BVH
Fra:38 Mem:131.65M (Peak 153.60M) | Time:00:00.32 | Mem:105.53M, Peak:105.53M | Scene, ViewLayer | Updating Scene BVH | Building BVH 0%
Fra:38 Mem:131.65M (Peak 153.60M) | Time:00:00.32 | Mem:105.55M, Peak:105.57M | Scene, ViewLayer | Updating Scene BVH | Copying BVH to device
Fra:38 Mem:131.65M (Peak 153.60M) | Time:00:00.32 | Mem:105.55M, Peak:105.57M | Scene, ViewLayer | Updating Mesh | Computing normals
Fra:38 Mem:131.67M (Peak 153.60M) | Time:00:00.32 | Mem:105.55M, Peak:105.57M | Scene, ViewLayer | Updating Mesh | Copying Mesh to device
Fra:38 Mem:131.67M (Peak 153.60M) | Time:00:00.32 | Mem:105.57M, Peak:105.57M | Scene, ViewLayer | Updating Objects Flags
Fra:38 Mem:131.67M (Peak 153.60M) | Time:00:00.32 | Mem:105.57M, Peak:105.57M | Scene, ViewLayer | Updating Primitive Offsets
Fra:38 Mem:131.67M (Peak 153.60M) | Time:00:00.32 | Mem:105.57M, Peak:105.57M | Scene, ViewLayer | Updating Images
Fra:38 Mem:131.67M (Peak 153.60M) | Time:00:00.32 | Mem:105.57M, Peak:105.57M | Scene, ViewLayer | Updating Camera Volume
Fra:38 Mem:131.67M (Peak 153.60M) | Time:00:00.32 | Mem:105.57M, Peak:105.57M | Scene, ViewLayer | Updating Lookup Tables
Fra:38 Mem:131.67M (Peak 153.60M) | Time:00:00.32 | Mem:105.65M, Peak:105.65M | Scene, ViewLayer | Updating Lights
Fra:38 Mem:131.67M (Peak 153.60M) | Time:00:00.32 | Mem:105.65M, Peak:105.65M | Scene, ViewLayer | Updating Lights | Computing tree
Fra:38 Mem:131.68M (Peak 153.60M) | Time:00:00.33 | Mem:105.66M, Peak:105.66M | Scene, ViewLayer | Updating Integrator
Fra:38 Mem:131.68M (Peak 153.60M) | Time:00:00.33 | Mem:105.66M, Peak:105.66M | Scene, ViewLayer | Updating Film
Fra:38 Mem:131.68M (Peak 153.60M) | Time:00:00.33 | Mem:105.58M, Peak:105.66M | Scene, ViewLayer | Updating Lookup Tables
Fra:38 Mem:131.68M (Peak 153.60M) | Time:00:00.33 | Mem:105.67M, Peak:105.67M | Scene, ViewLayer | Updating Baking
Fra:38 Mem:131.68M (Peak 153.60M) | Time:00:00.33 | Mem:105.67M, Peak:105.67M | Scene, ViewLayer | Updating Device | Writing constant memory
Fra:38 Mem:131.68M (Peak 153.60M) | Time:00:00.33 | Mem:105.67M, Peak:105.67M | Scene, ViewLayer | Sample 0/16
Fra:38 Mem:137.88M (Peak 153.60M) | Time:00:00.73 | Remaining:00:06.00 | Mem:111.86M, Peak:111.86M | Scene, ViewLayer | Sample 1/16
Fra:38 Mem:140.63M (Peak 153.60M) | Time:00:06.65 | Mem:111.86M, Peak:111.86M | Scene, ViewLayer | Sample 16/16
Fra:38 Mem:140.63M (Peak 153.60M) | Time:00:06.65 | Mem:111.86M, Peak:111.86M | Scene, ViewLayer | Finished
Fra:38 Mem:28.71M (Peak 153.60M) | Time:00:06.65 | Compositing
Saved: 'work/preview-frames/messi/frame_0038.png'
Time: 00:06.74 (Saving: 00:00.04)

Fra:39 Mem:27.00M (Peak 27.00M) | Time:00:00.00 | Mem:0.00M, Peak:0.00M | Scene, ViewLayer | Synchronizing object | 柔光主灯
Fra:39 Mem:27.00M (Peak 27.00M) | Time:00:00.00 | Mem:0.00M, Peak:0.00M | Scene, ViewLayer | Synchronizing object | 正面均匀补光
Fra:39 Mem:27.00M (Peak 27.00M) | Time:00:00.00 | Mem:0.00M, Peak:0.00M | Scene, ViewLayer | Synchronizing object | 顶部金光
Fra:39 Mem:27.00M (Peak 27.00M) | Time:00:00.00 | Mem:0.00M, Peak:0.00M | Scene, ViewLayer | Synchronizing object | 主体平面 · 完整视差合成
Fra:39 Mem:27.02M (Peak 27.02M) | Time:00:00.00 | Mem:0.00M, Peak:0.00M | Scene, ViewLayer | Synchronizing object | 外圈 · 全息压边
Fra:39 Mem:27.03M (Peak 27.03M) | Time:00:00.00 | Mem:0.00M, Peak:0.00M | Scene, ViewLayer | Synchronizing object | 文字平面 · Alpha PNG
Fra:39 Mem:27.03M (Peak 27.03M) | Time:00:00.00 | Mem:0.00M, Peak:0.00M | Scene, ViewLayer | Initializing
Fra:39 Mem:27.01M (Peak 27.03M) | Time:00:00.00 | Mem:0.00M, Peak:0.00M | Scene, ViewLayer | Updating Images | Loading text.png
Fra:39 Mem:27.01M (Peak 27.03M) | Time:00:00.00 | Mem:0.00M, Peak:0.00M | Scene, ViewLayer | Updating Images | Loading subject.png
Fra:39 Mem:69.22M (Peak 90.31M) | Time:00:00.07 | Mem:21.09M, Peak:21.09M | Scene, ViewLayer | Updating Images | Loading lineart.png
Fra:39 Mem:90.31M (Peak 111.41M) | Time:00:00.14 | Mem:42.19M, Peak:42.19M | Scene, ViewLayer | Updating Images | Loading background.png
Fra:39 Mem:131.52M (Peak 153.60M) | Time:00:00.32 | Mem:105.47M, Peak:105.47M | Scene, ViewLayer | Waiting for render to start
Fra:39 Mem:131.52M (Peak 153.60M) | Time:00:00.32 | Mem:105.47M, Peak:105.47M | Scene, ViewLayer | Updating Scene
Fra:39 Mem:131.52M (Peak 153.60M) | Time:00:00.32 | Mem:105.47M, Peak:105.47M | Scene, ViewLayer | Updating Shaders
Fra:39 Mem:131.52M (Peak 153.60M) | Time:00:00.32 | Mem:105.47M, Peak:105.47M | Scene, ViewLayer | Loading render kernels (may take a few minutes the first time)
Fra:39 Mem:131.64M (Peak 153.60M) | Time:00:00.32 | Mem:105.50M, Peak:105.50M | Scene, ViewLayer | Updating Procedurals
Fra:39 Mem:131.64M (Peak 153.60M) | Time:00:00.32 | Mem:105.50M, Peak:105.50M | Scene, ViewLayer | Updating Background
Fra:39 Mem:131.64M (Peak 153.60M) | Time:00:00.32 | Mem:105.50M, Peak:105.50M | Scene, ViewLayer | Updating Camera
Fra:39 Mem:131.64M (Peak 153.60M) | Time:00:00.32 | Mem:105.50M, Peak:105.50M | Scene, ViewLayer | Updating Meshes Flags
Fra:39 Mem:131.64M (Peak 153.60M) | Time:00:00.32 | Mem:105.50M, Peak:105.50M | Scene, ViewLayer | Updating Objects
Fra:39 Mem:131.64M (Peak 153.60M) | Time:00:00.32 | Mem:105.50M, Peak:105.50M | Scene, ViewLayer | Updating Objects | Copying Transformations to device
Fra:39 Mem:131.64M (Peak 153.60M) | Time:00:00.32 | Mem:105.51M, Peak:105.51M | Scene, ViewLayer | Updating Particle Systems
Fra:39 Mem:131.64M (Peak 153.60M) | Time:00:00.32 | Mem:105.51M, Peak:105.51M | Scene, ViewLayer | Updating Particle Systems | Copying Particles to device
Fra:39 Mem:131.64M (Peak 153.60M) | Time:00:00.32 | Mem:105.51M, Peak:105.51M | Scene, ViewLayer | Updating Meshes
Fra:39 Mem:131.64M (Peak 153.60M) | Time:00:00.32 | Mem:105.51M, Peak:105.51M | Scene, ViewLayer | Updating Objects | Applying Static Transformations
Fra:39 Mem:131.64M (Peak 153.60M) | Time:00:00.32 | Mem:105.51M, Peak:105.51M | Scene, ViewLayer | Updating Mesh | Computing attributes
Fra:39 Mem:131.65M (Peak 153.60M) | Time:00:00.32 | Mem:105.51M, Peak:105.51M | Scene, ViewLayer | Updating Mesh | Copying Attributes to device
Fra:39 Mem:131.65M (Peak 153.60M) | Time:00:00.32 | Mem:105.52M, Peak:105.52M | Scene, ViewLayer | Updating Scene BVH | Building
Fra:39 Mem:131.65M (Peak 153.60M) | Time:00:00.32 | Mem:105.52M, Peak:105.52M | Scene, ViewLayer | Updating Scene BVH | Building BVH
Fra:39 Mem:131.65M (Peak 153.60M) | Time:00:00.32 | Mem:105.53M, Peak:105.53M | Scene, ViewLayer | Updating Scene BVH | Building BVH 0%
Fra:39 Mem:131.65M (Peak 153.60M) | Time:00:00.32 | Mem:105.55M, Peak:105.57M | Scene, ViewLayer | Updating Scene BVH | Copying BVH to device
Fra:39 Mem:131.65M (Peak 153.60M) | Time:00:00.32 | Mem:105.55M, Peak:105.57M | Scene, ViewLayer | Updating Mesh | Computing normals
Fra:39 Mem:131.67M (Peak 153.60M) | Time:00:00.32 | Mem:105.55M, Peak:105.57M | Scene, ViewLayer | Updating Mesh | Copying Mesh to device
Fra:39 Mem:131.67M (Peak 153.60M) | Time:00:00.32 | Mem:105.57M, Peak:105.57M | Scene, ViewLayer | Updating Objects Flags
Fra:39 Mem:131.67M (Peak 153.60M) | Time:00:00.32 | Mem:105.57M, Peak:105.57M | Scene, ViewLayer | Updating Primitive Offsets
Fra:39 Mem:131.67M (Peak 153.60M) | Time:00:00.32 | Mem:105.57M, Peak:105.57M | Scene, ViewLayer | Updating Images
Fra:39 Mem:131.67M (Peak 153.60M) | Time:00:00.32 | Mem:105.57M, Peak:105.57M | Scene, ViewLayer | Updating Camera Volume
Fra:39 Mem:131.67M (Peak 153.60M) | Time:00:00.32 | Mem:105.57M, Peak:105.57M | Scene, ViewLayer | Updating Lookup Tables
Fra:39 Mem:131.67M (Peak 153.60M) | Time:00:00.32 | Mem:105.65M, Peak:105.65M | Scene, ViewLayer | Updating Lights
Fra:39 Mem:131.67M (Peak 153.60M) | Time:00:00.32 | Mem:105.65M, Peak:105.65M | Scene, ViewLayer | Updating Lights | Computing tree
Fra:39 Mem:131.68M (Peak 153.60M) | Time:00:00.32 | Mem:105.66M, Peak:105.66M | Scene, ViewLayer | Updating Integrator
Fra:39 Mem:131.68M (Peak 153.60M) | Time:00:00.32 | Mem:105.66M, Peak:105.66M | Scene, ViewLayer | Updating Film
Fra:39 Mem:131.68M (Peak 153.60M) | Time:00:00.32 | Mem:105.58M, Peak:105.66M | Scene, ViewLayer | Updating Lookup Tables
Fra:39 Mem:131.68M (Peak 153.60M) | Time:00:00.32 | Mem:105.67M, Peak:105.67M | Scene, ViewLayer | Updating Baking
Fra:39 Mem:131.68M (Peak 153.60M) | Time:00:00.32 | Mem:105.67M, Peak:105.67M | Scene, ViewLayer | Updating Device | Writing constant memory
Fra:39 Mem:131.68M (Peak 153.60M) | Time:00:00.32 | Mem:105.67M, Peak:105.67M | Scene, ViewLayer | Sample 0/16
Fra:39 Mem:137.88M (Peak 153.60M) | Time:00:00.74 | Remaining:00:06.25 | Mem:111.86M, Peak:111.86M | Scene, ViewLayer | Sample 1/16
Fra:39 Mem:140.63M (Peak 153.60M) | Time:00:06.63 | Mem:111.86M, Peak:111.86M | Scene, ViewLayer | Sample 16/16
Fra:39 Mem:140.63M (Peak 153.60M) | Time:00:06.63 | Mem:111.86M, Peak:111.86M | Scene, ViewLayer | Finished
Fra:39 Mem:28.71M (Peak 153.60M) | Time:00:06.64 | Compositing
Saved: 'work/preview-frames/messi/frame_0039.png'
Time: 00:06.73 (Saving: 00:00.04)

Fra:40 Mem:27.00M (Peak 27.00M) | Time:00:00.00 | Mem:0.00M, Peak:0.00M | Scene, ViewLayer | Synchronizing object | 柔光主灯
Fra:40 Mem:27.00M (Peak 27.00M) | Time:00:00.00 | Mem:0.00M, Peak:0.00M | Scene, ViewLayer | Synchronizing object | 正面均匀补光
Fra:40 Mem:27.00M (Peak 27.00M) | Time:00:00.00 | Mem:0.00M, Peak:0.00M | Scene, ViewLayer | Synchronizing object | 顶部金光
Fra:40 Mem:27.00M (Peak 27.00M) | Time:00:00.00 | Mem:0.00M, Peak:0.00M | Scene, ViewLayer | Synchronizing object | 主体平面 · 完整视差合成
Fra:40 Mem:27.02M (Peak 27.02M) | Time:00:00.00 | Mem:0.00M, Peak:0.00M | Scene, ViewLayer | Synchronizing object | 外圈 · 全息压边
Fra:40 Mem:27.04M (Peak 27.04M) | Time:00:00.00 | Mem:0.00M, Peak:0.00M | Scene, ViewLayer | Synchronizing object | 文字平面 · Alpha PNG
Fra:40 Mem:27.03M (Peak 27.04M) | Time:00:00.00 | Mem:0.00M, Peak:0.00M | Scene, ViewLayer | Initializing
Fra:40 Mem:27.01M (Peak 27.04M) | Time:00:00.00 | Mem:0.00M, Peak:0.00M | Scene, ViewLayer | Updating Images | Loading text.png
Fra:40 Mem:27.01M (Peak 27.04M) | Time:00:00.00 | Mem:0.00M, Peak:0.00M | Scene, ViewLayer | Updating Images | Loading subject.png
Fra:40 Mem:69.22M (Peak 90.31M) | Time:00:00.07 | Mem:21.09M, Peak:21.09M | Scene, ViewLayer | Updating Images | Loading lineart.png
Fra:40 Mem:90.31M (Peak 111.41M) | Time:00:00.13 | Mem:42.19M, Peak:42.19M | Scene, ViewLayer | Updating Images | Loading background.png
Fra:40 Mem:131.52M (Peak 153.60M) | Time:00:00.31 | Mem:105.47M, Peak:105.47M | Scene, ViewLayer | Waiting for render to start
Fra:40 Mem:131.52M (Peak 153.60M) | Time:00:00.31 | Mem:105.47M, Peak:105.47M | Scene, ViewLayer | Updating Scene
Fra:40 Mem:131.52M (Peak 153.60M) | Time:00:00.31 | Mem:105.47M, Peak:105.47M | Scene, ViewLayer | Updating Shaders
Fra:40 Mem:131.52M (Peak 153.60M) | Time:00:00.31 | Mem:105.47M, Peak:105.47M | Scene, ViewLayer | Loading render kernels (may take a few minutes the first time)
Fra:40 Mem:131.64M (Peak 153.60M) | Time:00:00.31 | Mem:105.50M, Peak:105.50M | Scene, ViewLayer | Updating Procedurals
Fra:40 Mem:131.64M (Peak 153.60M) | Time:00:00.31 | Mem:105.50M, Peak:105.50M | Scene, ViewLayer | Updating Background
Fra:40 Mem:131.64M (Peak 153.60M) | Time:00:00.31 | Mem:105.50M, Peak:105.50M | Scene, ViewLayer | Updating Camera
Fra:40 Mem:131.64M (Peak 153.60M) | Time:00:00.31 | Mem:105.50M, Peak:105.50M | Scene, ViewLayer | Updating Meshes Flags
Fra:40 Mem:131.64M (Peak 153.60M) | Time:00:00.31 | Mem:105.50M, Peak:105.50M | Scene, ViewLayer | Updating Objects
Fra:40 Mem:131.64M (Peak 153.60M) | Time:00:00.31 | Mem:105.50M, Peak:105.50M | Scene, ViewLayer | Updating Objects | Copying Transformations to device
Fra:40 Mem:131.64M (Peak 153.60M) | Time:00:00.31 | Mem:105.51M, Peak:105.51M | Scene, ViewLayer | Updating Particle Systems
Fra:40 Mem:131.64M (Peak 153.60M) | Time:00:00.31 | Mem:105.51M, Peak:105.51M | Scene, ViewLayer | Updating Particle Systems | Copying Particles to device
Fra:40 Mem:131.64M (Peak 153.60M) | Time:00:00.31 | Mem:105.51M, Peak:105.51M | Scene, ViewLayer | Updating Meshes
Fra:40 Mem:131.64M (Peak 153.60M) | Time:00:00.31 | Mem:105.51M, Peak:105.51M | Scene, ViewLayer | Updating Objects | Applying Static Transformations
Fra:40 Mem:131.64M (Peak 153.60M) | Time:00:00.31 | Mem:105.51M, Peak:105.51M | Scene, ViewLayer | Updating Mesh | Computing attributes
Fra:40 Mem:131.65M (Peak 153.60M) | Time:00:00.31 | Mem:105.51M, Peak:105.51M | Scene, ViewLayer | Updating Mesh | Copying Attributes to device
Fra:40 Mem:131.65M (Peak 153.60M) | Time:00:00.31 | Mem:105.52M, Peak:105.52M | Scene, ViewLayer | Updating Scene BVH | Building
Fra:40 Mem:131.65M (Peak 153.60M) | Time:00:00.31 | Mem:105.52M, Peak:105.52M | Scene, ViewLayer | Updating Scene BVH | Building BVH
Fra:40 Mem:131.65M (Peak 153.60M) | Time:00:00.31 | Mem:105.53M, Peak:105.53M | Scene, ViewLayer | Updating Scene BVH | Building BVH 0%
Fra:40 Mem:131.65M (Peak 153.60M) | Time:00:00.31 | Mem:105.55M, Peak:105.57M | Scene, ViewLayer | Updating Scene BVH | Copying BVH to device
Fra:40 Mem:131.65M (Peak 153.60M) | Time:00:00.31 | Mem:105.55M, Peak:105.57M | Scene, ViewLayer | Updating Mesh | Computing normals
Fra:40 Mem:131.67M (Peak 153.60M) | Time:00:00.31 | Mem:105.55M, Peak:105.57M | Scene, ViewLayer | Updating Mesh | Copying Mesh to device
Fra:40 Mem:131.67M (Peak 153.60M) | Time:00:00.31 | Mem:105.57M, Peak:105.57M | Scene, ViewLayer | Updating Objects Flags
Fra:40 Mem:131.67M (Peak 153.60M) | Time:00:00.31 | Mem:105.57M, Peak:105.57M | Scene, ViewLayer | Updating Primitive Offsets
Fra:40 Mem:131.67M (Peak 153.60M) | Time:00:00.31 | Mem:105.57M, Peak:105.57M | Scene, ViewLayer | Updating Images
Fra:40 Mem:131.67M (Peak 153.60M) | Time:00:00.31 | Mem:105.57M, Peak:105.57M | Scene, ViewLayer | Updating Camera Volume
Fra:40 Mem:131.67M (Peak 153.60M) | Time:00:00.31 | Mem:105.57M, Peak:105.57M | Scene, ViewLayer | Updating Lookup Tables
Fra:40 Mem:131.67M (Peak 153.60M) | Time:00:00.31 | Mem:105.65M, Peak:105.65M | Scene, ViewLayer | Updating Lights
Fra:40 Mem:131.67M (Peak 153.60M) | Time:00:00.31 | Mem:105.65M, Peak:105.65M | Scene, ViewLayer | Updating Lights | Computing tree
Fra:40 Mem:131.68M (Peak 153.60M) | Time:00:00.31 | Mem:105.66M, Peak:105.66M | Scene, ViewLayer | Updating Integrator
Fra:40 Mem:131.68M (Peak 153.60M) | Time:00:00.31 | Mem:105.66M, Peak:105.66M | Scene, ViewLayer | Updating Film
Fra:40 Mem:131.68M (Peak 153.60M) | Time:00:00.31 | Mem:105.58M, Peak:105.66M | Scene, ViewLayer | Updating Lookup Tables
Fra:40 Mem:131.68M (Peak 153.60M) | Time:00:00.31 | Mem:105.67M, Peak:105.67M | Scene, ViewLayer | Updating Baking
Fra:40 Mem:131.68M (Peak 153.60M) | Time:00:00.31 | Mem:105.67M, Peak:105.67M | Scene, ViewLayer | Updating Device | Writing constant memory
Fra:40 Mem:131.68M (Peak 153.60M) | Time:00:00.31 | Mem:105.67M, Peak:105.67M | Scene, ViewLayer | Sample 0/16
Fra:40 Mem:137.88M (Peak 153.60M) | Time:00:00.70 | Remaining:00:05.93 | Mem:111.86M, Peak:111.86M | Scene, ViewLayer | Sample 1/16
Fra:40 Mem:140.63M (Peak 153.60M) | Time:00:06.52 | Mem:111.86M, Peak:111.86M | Scene, ViewLayer | Sample 16/16
Fra:40 Mem:140.63M (Peak 153.60M) | Time:00:06.52 | Mem:111.86M, Peak:111.86M | Scene, ViewLayer | Finished
Fra:40 Mem:28.71M (Peak 153.60M) | Time:00:06.53 | Compositing
Saved: 'work/preview-frames/messi/frame_0040.png'
Time: 00:06.62 (Saving: 00:00.04)

Fra:41 Mem:27.00M (Peak 27.00M) | Time:00:00.00 | Mem:0.00M, Peak:0.00M | Scene, ViewLayer | Synchronizing object | 柔光主灯
Fra:41 Mem:27.00M (Peak 27.00M) | Time:00:00.00 | Mem:0.00M, Peak:0.00M | Scene, ViewLayer | Synchronizing object | 正面均匀补光
Fra:41 Mem:27.00M (Peak 27.00M) | Time:00:00.00 | Mem:0.00M, Peak:0.00M | Scene, ViewLayer | Synchronizing object | 顶部金光
Fra:41 Mem:27.00M (Peak 27.00M) | Time:00:00.00 | Mem:0.00M, Peak:0.00M | Scene, ViewLayer | Synchronizing object | 主体平面 · 完整视差合成
Fra:41 Mem:27.00M (Peak 27.00M) | Time:00:00.00 | Mem:0.00M, Peak:0.00M | Scene, ViewLayer | Synchronizing object | 内圈 · 古金细边
Fra:41 Mem:27.02M (Peak 27.02M) | Time:00:00.00 | Mem:0.00M, Peak:0.00M | Scene, ViewLayer | Synchronizing object | 文字平面 · Alpha PNG
Fra:41 Mem:27.02M (Peak 27.02M) | Time:00:00.00 | Mem:0.00M, Peak:0.00M | Scene, ViewLayer | Synchronizing object | 外圈 · 全息压边
Fra:41 Mem:27.03M (Peak 27.03M) | Time:00:00.00 | Mem:0.00M, Peak:0.00M | Scene, ViewLayer | Initializing
Fra:41 Mem:27.01M (Peak 27.03M) | Time:00:00.00 | Mem:0.00M, Peak:0.00M | Scene, ViewLayer | Updating Images | Loading text.png
Fra:41 Mem:27.01M (Peak 27.03M) | Time:00:00.00 | Mem:0.00M, Peak:0.00M | Scene, ViewLayer | Updating Images | Loading subject.png
Fra:41 Mem:69.22M (Peak 90.31M) | Time:00:00.07 | Mem:21.09M, Peak:21.09M | Scene, ViewLayer | Updating Images | Loading lineart.png
Fra:41 Mem:90.31M (Peak 111.41M) | Time:00:00.13 | Mem:42.19M, Peak:42.19M | Scene, ViewLayer | Updating Images | Loading background.png
Fra:41 Mem:131.52M (Peak 153.60M) | Time:00:00.32 | Mem:105.47M, Peak:105.47M | Scene, ViewLayer | Waiting for render to start
Fra:41 Mem:131.52M (Peak 153.60M) | Time:00:00.32 | Mem:105.47M, Peak:105.47M | Scene, ViewLayer | Updating Scene
Fra:41 Mem:131.52M (Peak 153.60M) | Time:00:00.32 | Mem:105.47M, Peak:105.47M | Scene, ViewLayer | Updating Shaders
Fra:41 Mem:131.52M (Peak 153.60M) | Time:00:00.32 | Mem:105.47M, Peak:105.47M | Scene, ViewLayer | Loading render kernels (may take a few minutes the first time)
Fra:41 Mem:131.64M (Peak 153.60M) | Time:00:00.32 | Mem:105.50M, Peak:105.50M | Scene, ViewLayer | Updating Procedurals
Fra:41 Mem:131.64M (Peak 153.60M) | Time:00:00.32 | Mem:105.50M, Peak:105.50M | Scene, ViewLayer | Updating Background
Fra:41 Mem:131.64M (Peak 153.60M) | Time:00:00.32 | Mem:105.50M, Peak:105.50M | Scene, ViewLayer | Updating Camera
Fra:41 Mem:131.64M (Peak 153.60M) | Time:00:00.32 | Mem:105.50M, Peak:105.50M | Scene, ViewLayer | Updating Meshes Flags
Fra:41 Mem:131.64M (Peak 153.60M) | Time:00:00.32 | Mem:105.50M, Peak:105.50M | Scene, ViewLayer | Updating Objects
Fra:41 Mem:131.64M (Peak 153.60M) | Time:00:00.32 | Mem:105.50M, Peak:105.50M | Scene, ViewLayer | Updating Objects | Copying Transformations to device
Fra:41 Mem:131.64M (Peak 153.60M) | Time:00:00.32 | Mem:105.51M, Peak:105.51M | Scene, ViewLayer | Updating Particle Systems
Fra:41 Mem:131.64M (Peak 153.60M) | Time:00:00.32 | Mem:105.51M, Peak:105.51M | Scene, ViewLayer | Updating Particle Systems | Copying Particles to device
Fra:41 Mem:131.64M (Peak 153.60M) | Time:00:00.32 | Mem:105.51M, Peak:105.51M | Scene, ViewLayer | Updating Meshes
Fra:41 Mem:131.64M (Peak 153.60M) | Time:00:00.32 | Mem:105.51M, Peak:105.51M | Scene, ViewLayer | Updating Objects | Applying Static Transformations
Fra:41 Mem:131.64M (Peak 153.60M) | Time:00:00.32 | Mem:105.51M, Peak:105.51M | Scene, ViewLayer | Updating Mesh | Computing attributes
Fra:41 Mem:131.65M (Peak 153.60M) | Time:00:00.32 | Mem:105.51M, Peak:105.51M | Scene, ViewLayer | Updating Mesh | Copying Attributes to device
Fra:41 Mem:131.65M (Peak 153.60M) | Time:00:00.32 | Mem:105.52M, Peak:105.52M | Scene, ViewLayer | Updating Scene BVH | Building
Fra:41 Mem:131.65M (Peak 153.60M) | Time:00:00.32 | Mem:105.52M, Peak:105.52M | Scene, ViewLayer | Updating Scene BVH | Building BVH
Fra:41 Mem:131.65M (Peak 153.60M) | Time:00:00.32 | Mem:105.53M, Peak:105.53M | Scene, ViewLayer | Updating Scene BVH | Building BVH 0%
Fra:41 Mem:131.65M (Peak 153.60M) | Time:00:00.32 | Mem:105.55M, Peak:105.57M | Scene, ViewLayer | Updating Scene BVH | Copying BVH to device
Fra:41 Mem:131.65M (Peak 153.60M) | Time:00:00.32 | Mem:105.55M, Peak:105.57M | Scene, ViewLayer | Updating Mesh | Computing normals
Fra:41 Mem:131.67M (Peak 153.60M) | Time:00:00.32 | Mem:105.55M, Peak:105.57M | Scene, ViewLayer | Updating Mesh | Copying Mesh to device
Fra:41 Mem:131.67M (Peak 153.60M) | Time:00:00.32 | Mem:105.57M, Peak:105.57M | Scene, ViewLayer | Updating Objects Flags
Fra:41 Mem:131.67M (Peak 153.60M) | Time:00:00.32 | Mem:105.57M, Peak:105.57M | Scene, ViewLayer | Updating Primitive Offsets
Fra:41 Mem:131.67M (Peak 153.60M) | Time:00:00.32 | Mem:105.57M, Peak:105.57M | Scene, ViewLayer | Updating Images
Fra:41 Mem:131.67M (Peak 153.60M) | Time:00:00.32 | Mem:105.57M, Peak:105.57M | Scene, ViewLayer | Updating Camera Volume
Fra:41 Mem:131.67M (Peak 153.60M) | Time:00:00.32 | Mem:105.57M, Peak:105.57M | Scene, ViewLayer | Updating Lookup Tables
Fra:41 Mem:131.67M (Peak 153.60M) | Time:00:00.32 | Mem:105.65M, Peak:105.65M | Scene, ViewLayer | Updating Lights
Fra:41 Mem:131.67M (Peak 153.60M) | Time:00:00.32 | Mem:105.65M, Peak:105.65M | Scene, ViewLayer | Updating Lights | Computing tree
Fra:41 Mem:131.68M (Peak 153.60M) | Time:00:00.32 | Mem:105.66M, Peak:105.66M | Scene, ViewLayer | Updating Integrator
Fra:41 Mem:131.68M (Peak 153.60M) | Time:00:00.32 | Mem:105.66M, Peak:105.66M | Scene, ViewLayer | Updating Film
Fra:41 Mem:131.68M (Peak 153.60M) | Time:00:00.32 | Mem:105.58M, Peak:105.66M | Scene, ViewLayer | Updating Lookup Tables
Fra:41 Mem:131.68M (Peak 153.60M) | Time:00:00.32 | Mem:105.67M, Peak:105.67M | Scene, ViewLayer | Updating Baking
Fra:41 Mem:131.68M (Peak 153.60M) | Time:00:00.32 | Mem:105.67M, Peak:105.67M | Scene, ViewLayer | Updating Device | Writing constant memory
Fra:41 Mem:131.68M (Peak 153.60M) | Time:00:00.32 | Mem:105.67M, Peak:105.67M | Scene, ViewLayer | Sample 0/16
Fra:41 Mem:137.88M (Peak 153.60M) | Time:00:00.71 | Remaining:00:05.90 | Mem:111.86M, Peak:111.86M | Scene, ViewLayer | Sample 1/16
