Blender 4.5.9 LTS (hash 8bf95cbd38d1 built 2026-04-21 01:31:15)
Read blend: "/home/user/Doubao/chats/38444574205007618/holo-lab/generator/projects/mj-demo/card.blend"
Fra:77 Mem:20.03M (Peak 20.03M) | Time:00:00.00 | Mem:0.00M, Peak:0.00M | Scene, ViewLayer | Synchronizing object | 柔光主灯
Fra:77 Mem:20.04M (Peak 20.04M) | Time:00:00.00 | Mem:0.00M, Peak:0.00M | Scene, ViewLayer | Synchronizing object | 正面均匀补光
Fra:77 Mem:20.04M (Peak 20.04M) | Time:00:00.00 | Mem:0.00M, Peak:0.00M | Scene, ViewLayer | Synchronizing object | 顶部金光
Fra:77 Mem:20.04M (Peak 20.04M) | Time:00:00.00 | Mem:0.00M, Peak:0.00M | Scene, ViewLayer | Synchronizing object | 主体平面 · 完整视差合成
Fra:77 Mem:20.07M (Peak 20.07M) | Time:00:00.00 | Mem:0.00M, Peak:0.00M | Scene, ViewLayer | Synchronizing object | 外圈 · 全息压边
Fra:77 Mem:20.07M (Peak 20.07M) | Time:00:00.00 | Mem:0.00M, Peak:0.00M | Scene, ViewLayer | Synchronizing object | 文字平面 · Alpha PNG
Fra:77 Mem:20.09M (Peak 20.09M) | Time:00:00.00 | Mem:0.00M, Peak:0.00M | Scene, ViewLayer | Initializing
Fra:77 Mem:20.07M (Peak 20.09M) | Time:00:00.00 | Mem:0.00M, Peak:0.00M | Scene, ViewLayer | Updating Images | Loading text.png
Fra:77 Mem:20.07M (Peak 20.09M) | Time:00:00.00 | Mem:0.00M, Peak:0.00M | Scene, ViewLayer | Updating Images | Loading subject.png
Fra:77 Mem:41.17M (Peak 62.26M) | Time:00:00.10 | Mem:21.09M, Peak:21.09M | Scene, ViewLayer | Updating Images | Loading lineart.png
Fra:77 Mem:83.36M (Peak 104.46M) | Time:00:00.17 | Mem:42.19M, Peak:42.19M | Scene, ViewLayer | Updating Images | Loading background.png
Fra:77 Mem:124.57M (Peak 146.65M) | Time:00:00.29 | Mem:105.47M, Peak:105.47M | Scene, ViewLayer | Waiting for render to start
Fra:77 Mem:124.57M (Peak 146.65M) | Time:00:00.29 | Mem:105.47M, Peak:105.47M | Scene, ViewLayer | Updating Scene
Fra:77 Mem:124.57M (Peak 146.65M) | Time:00:00.29 | Mem:105.47M, Peak:105.47M | Scene, ViewLayer | Updating Shaders
Fra:77 Mem:124.57M (Peak 146.65M) | Time:00:00.29 | Mem:105.47M, Peak:105.47M | Scene, ViewLayer | Loading render kernels (may take a few minutes the first time)
Fra:77 Mem:124.69M (Peak 146.65M) | Time:00:00.29 | Mem:105.50M, Peak:105.50M | Scene, ViewLayer | Updating Procedurals
Fra:77 Mem:124.69M (Peak 146.65M) | Time:00:00.29 | Mem:105.50M, Peak:105.50M | Scene, ViewLayer | Updating Background
Fra:77 Mem:124.69M (Peak 146.65M) | Time:00:00.29 | Mem:105.50M, Peak:105.50M | Scene, ViewLayer | Updating Camera
Fra:77 Mem:124.69M (Peak 146.65M) | Time:00:00.29 | Mem:105.50M, Peak:105.50M | Scene, ViewLayer | Updating Meshes Flags
Fra:77 Mem:124.69M (Peak 146.65M) | Time:00:00.29 | Mem:105.50M, Peak:105.50M | Scene, ViewLayer | Updating Objects
Fra:77 Mem:124.69M (Peak 146.65M) | Time:00:00.29 | Mem:105.50M, Peak:105.50M | Scene, ViewLayer | Updating Objects | Copying Transformations to device
Fra:77 Mem:124.69M (Peak 146.65M) | Time:00:00.29 | Mem:105.51M, Peak:105.51M | Scene, ViewLayer | Updating Particle Systems
Fra:77 Mem:124.69M (Peak 146.65M) | Time:00:00.29 | Mem:105.51M, Peak:105.51M | Scene, ViewLayer | Updating Particle Systems | Copying Particles to device
Fra:77 Mem:124.69M (Peak 146.65M) | Time:00:00.29 | Mem:105.51M, Peak:105.51M | Scene, ViewLayer | Updating Meshes
Fra:77 Mem:124.69M (Peak 146.65M) | Time:00:00.29 | Mem:105.51M, Peak:105.51M | Scene, ViewLayer | Updating Objects | Applying Static Transformations
Fra:77 Mem:124.69M (Peak 146.65M) | Time:00:00.29 | Mem:105.51M, Peak:105.51M | Scene, ViewLayer | Updating Mesh | Computing attributes
Fra:77 Mem:124.70M (Peak 146.65M) | Time:00:00.29 | Mem:105.51M, Peak:105.51M | Scene, ViewLayer | Updating Mesh | Copying Attributes to device
Fra:77 Mem:124.70M (Peak 146.65M) | Time:00:00.29 | Mem:105.52M, Peak:105.52M | Scene, ViewLayer | Updating Scene BVH | Building
Fra:77 Mem:124.70M (Peak 146.65M) | Time:00:00.29 | Mem:105.52M, Peak:105.52M | Scene, ViewLayer | Updating Scene BVH | Building BVH
Fra:77 Mem:124.70M (Peak 146.65M) | Time:00:00.29 | Mem:105.53M, Peak:105.53M | Scene, ViewLayer | Updating Scene BVH | Building BVH 0%
Fra:77 Mem:124.70M (Peak 146.65M) | Time:00:00.30 | Mem:105.56M, Peak:105.57M | Scene, ViewLayer | Updating Scene BVH | Copying BVH to device
Fra:77 Mem:124.70M (Peak 146.65M) | Time:00:00.30 | Mem:105.56M, Peak:105.57M | Scene, ViewLayer | Updating Mesh | Computing normals
Fra:77 Mem:124.72M (Peak 146.65M) | Time:00:00.30 | Mem:105.56M, Peak:105.57M | Scene, ViewLayer | Updating Mesh | Copying Mesh to device
Fra:77 Mem:124.72M (Peak 146.65M) | Time:00:00.30 | Mem:105.57M, Peak:105.57M | Scene, ViewLayer | Updating Objects Flags
Fra:77 Mem:124.72M (Peak 146.65M) | Time:00:00.30 | Mem:105.57M, Peak:105.57M | Scene, ViewLayer | Updating Primitive Offsets
Fra:77 Mem:124.72M (Peak 146.65M) | Time:00:00.30 | Mem:105.57M, Peak:105.57M | Scene, ViewLayer | Updating Images
Fra:77 Mem:124.72M (Peak 146.65M) | Time:00:00.30 | Mem:105.57M, Peak:105.57M | Scene, ViewLayer | Updating Camera Volume
Fra:77 Mem:124.72M (Peak 146.65M) | Time:00:00.30 | Mem:105.57M, Peak:105.57M | Scene, ViewLayer | Updating Lookup Tables
Fra:77 Mem:124.72M (Peak 146.65M) | Time:00:00.30 | Mem:105.65M, Peak:105.65M | Scene, ViewLayer | Updating Lights
Fra:77 Mem:124.72M (Peak 146.65M) | Time:00:00.30 | Mem:105.65M, Peak:105.65M | Scene, ViewLayer | Updating Lights | Computing tree
Fra:77 Mem:124.73M (Peak 146.65M) | Time:00:00.30 | Mem:105.66M, Peak:105.66M | Scene, ViewLayer | Updating Integrator
Fra:77 Mem:124.73M (Peak 146.65M) | Time:00:00.30 | Mem:105.66M, Peak:105.66M | Scene, ViewLayer | Updating Film
Fra:77 Mem:124.73M (Peak 146.65M) | Time:00:00.30 | Mem:105.58M, Peak:105.66M | Scene, ViewLayer | Updating Lookup Tables
Fra:77 Mem:124.73M (Peak 146.65M) | Time:00:00.30 | Mem:105.67M, Peak:105.67M | Scene, ViewLayer | Updating Baking
Fra:77 Mem:124.73M (Peak 146.65M) | Time:00:00.30 | Mem:105.67M, Peak:105.67M | Scene, ViewLayer | Updating Device | Writing constant memory
Fra:77 Mem:124.73M (Peak 146.65M) | Time:00:00.30 | Mem:105.67M, Peak:105.67M | Scene, ViewLayer | Sample 0/16
Fra:77 Mem:130.93M (Peak 146.65M) | Time:00:00.68 | Remaining:00:05.73 | Mem:111.86M, Peak:111.86M | Scene, ViewLayer | Sample 1/16
Fra:77 Mem:133.68M (Peak 146.65M) | Time:00:05.99 | Mem:111.86M, Peak:111.86M | Scene, ViewLayer | Sample 16/16
Fra:77 Mem:133.68M (Peak 146.65M) | Time:00:05.99 | Mem:111.86M, Peak:111.86M | Scene, ViewLayer | Finished
Fra:77 Mem:21.76M (Peak 146.65M) | Time:00:05.99 | Compositing
Saved: 'work/preview-frames/mj/frame_0077.png'
Time: 00:06.27 (Saving: 00:00.22)

Fra:78 Mem:22.05M (Peak 22.05M) | Time:00:00.00 | Mem:0.00M, Peak:0.00M | Scene, ViewLayer | Synchronizing object | 柔光主灯
Fra:78 Mem:22.05M (Peak 22.05M) | Time:00:00.00 | Mem:0.00M, Peak:0.00M | Scene, ViewLayer | Synchronizing object | 内圈 · 古金细边
Fra:78 Mem:22.05M (Peak 22.05M) | Time:00:00.00 | Mem:0.00M, Peak:0.00M | Scene, ViewLayer | Synchronizing object | 正面均匀补光
Fra:78 Mem:22.06M (Peak 22.06M) | Time:00:00.00 | Mem:0.00M, Peak:0.00M | Scene, ViewLayer | Synchronizing object | 顶部金光
Fra:78 Mem:22.06M (Peak 22.06M) | Time:00:00.00 | Mem:0.00M, Peak:0.00M | Scene, ViewLayer | Synchronizing object | 主体平面 · 完整视差合成
Fra:78 Mem:22.06M (Peak 22.06M) | Time:00:00.00 | Mem:0.00M, Peak:0.00M | Scene, ViewLayer | Synchronizing object | 外圈 · 全息压边
Fra:78 Mem:22.08M (Peak 22.08M) | Time:00:00.00 | Mem:0.00M, Peak:0.00M | Scene, ViewLayer | Synchronizing object | 文字平面 · Alpha PNG
Fra:78 Mem:22.09M (Peak 22.09M) | Time:00:00.00 | Mem:0.00M, Peak:0.00M | Scene, ViewLayer | Initializing
Fra:78 Mem:22.07M (Peak 22.09M) | Time:00:00.00 | Mem:0.00M, Peak:0.00M | Scene, ViewLayer | Updating Images | Loading text.png
Fra:78 Mem:22.07M (Peak 22.09M) | Time:00:00.00 | Mem:0.00M, Peak:0.00M | Scene, ViewLayer | Updating Images | Loading subject.png
Fra:78 Mem:64.27M (Peak 85.36M) | Time:00:00.10 | Mem:21.09M, Peak:21.09M | Scene, ViewLayer | Updating Images | Loading lineart.png
Fra:78 Mem:85.36M (Peak 106.46M) | Time:00:00.13 | Mem:42.19M, Peak:42.19M | Scene, ViewLayer | Updating Images | Loading background.png
Fra:78 Mem:126.57M (Peak 148.65M) | Time:00:00.26 | Mem:105.47M, Peak:105.47M | Scene, ViewLayer | Waiting for render to start
Fra:78 Mem:126.57M (Peak 148.65M) | Time:00:00.26 | Mem:105.47M, Peak:105.47M | Scene, ViewLayer | Updating Scene
Fra:78 Mem:126.57M (Peak 148.65M) | Time:00:00.26 | Mem:105.47M, Peak:105.47M | Scene, ViewLayer | Updating Shaders
Fra:78 Mem:126.57M (Peak 148.65M) | Time:00:00.26 | Mem:105.47M, Peak:105.47M | Scene, ViewLayer | Loading render kernels (may take a few minutes the first time)
Fra:78 Mem:126.69M (Peak 148.65M) | Time:00:00.26 | Mem:105.50M, Peak:105.50M | Scene, ViewLayer | Updating Procedurals
Fra:78 Mem:126.69M (Peak 148.65M) | Time:00:00.26 | Mem:105.50M, Peak:105.50M | Scene, ViewLayer | Updating Background
Fra:78 Mem:126.69M (Peak 148.65M) | Time:00:00.26 | Mem:105.50M, Peak:105.50M | Scene, ViewLayer | Updating Camera
Fra:78 Mem:126.69M (Peak 148.65M) | Time:00:00.26 | Mem:105.50M, Peak:105.50M | Scene, ViewLayer | Updating Meshes Flags
Fra:78 Mem:126.69M (Peak 148.65M) | Time:00:00.26 | Mem:105.50M, Peak:105.50M | Scene, ViewLayer | Updating Objects
Fra:78 Mem:126.69M (Peak 148.65M) | Time:00:00.26 | Mem:105.50M, Peak:105.50M | Scene, ViewLayer | Updating Objects | Copying Transformations to device
Fra:78 Mem:126.69M (Peak 148.65M) | Time:00:00.26 | Mem:105.51M, Peak:105.51M | Scene, ViewLayer | Updating Particle Systems
Fra:78 Mem:126.69M (Peak 148.65M) | Time:00:00.26 | Mem:105.51M, Peak:105.51M | Scene, ViewLayer | Updating Particle Systems | Copying Particles to device
Fra:78 Mem:126.69M (Peak 148.65M) | Time:00:00.26 | Mem:105.51M, Peak:105.51M | Scene, ViewLayer | Updating Meshes
Fra:78 Mem:126.69M (Peak 148.65M) | Time:00:00.26 | Mem:105.51M, Peak:105.51M | Scene, ViewLayer | Updating Objects | Applying Static Transformations
Fra:78 Mem:126.69M (Peak 148.65M) | Time:00:00.26 | Mem:105.51M, Peak:105.51M | Scene, ViewLayer | Updating Mesh | Computing attributes
Fra:78 Mem:126.70M (Peak 148.65M) | Time:00:00.26 | Mem:105.51M, Peak:105.51M | Scene, ViewLayer | Updating Mesh | Copying Attributes to device
Fra:78 Mem:126.70M (Peak 148.65M) | Time:00:00.26 | Mem:105.52M, Peak:105.52M | Scene, ViewLayer | Updating Scene BVH | Building
Fra:78 Mem:126.70M (Peak 148.65M) | Time:00:00.26 | Mem:105.52M, Peak:105.52M | Scene, ViewLayer | Updating Scene BVH | Building BVH
Fra:78 Mem:126.70M (Peak 148.65M) | Time:00:00.26 | Mem:105.53M, Peak:105.53M | Scene, ViewLayer | Updating Scene BVH | Building BVH 0%
Fra:78 Mem:126.70M (Peak 148.65M) | Time:00:00.26 | Mem:105.56M, Peak:105.57M | Scene, ViewLayer | Updating Scene BVH | Copying BVH to device
Fra:78 Mem:126.70M (Peak 148.65M) | Time:00:00.26 | Mem:105.56M, Peak:105.57M | Scene, ViewLayer | Updating Mesh | Computing normals
Fra:78 Mem:126.72M (Peak 148.65M) | Time:00:00.26 | Mem:105.56M, Peak:105.57M | Scene, ViewLayer | Updating Mesh | Copying Mesh to device
Fra:78 Mem:126.72M (Peak 148.65M) | Time:00:00.26 | Mem:105.57M, Peak:105.57M | Scene, ViewLayer | Updating Objects Flags
Fra:78 Mem:126.72M (Peak 148.65M) | Time:00:00.26 | Mem:105.57M, Peak:105.57M | Scene, ViewLayer | Updating Primitive Offsets
Fra:78 Mem:126.72M (Peak 148.65M) | Time:00:00.26 | Mem:105.57M, Peak:105.57M | Scene, ViewLayer | Updating Images
Fra:78 Mem:126.72M (Peak 148.65M) | Time:00:00.26 | Mem:105.57M, Peak:105.57M | Scene, ViewLayer | Updating Camera Volume
Fra:78 Mem:126.72M (Peak 148.65M) | Time:00:00.26 | Mem:105.57M, Peak:105.57M | Scene, ViewLayer | Updating Lookup Tables
Fra:78 Mem:126.72M (Peak 148.65M) | Time:00:00.26 | Mem:105.65M, Peak:105.65M | Scene, ViewLayer | Updating Lights
Fra:78 Mem:126.72M (Peak 148.65M) | Time:00:00.26 | Mem:105.65M, Peak:105.65M | Scene, ViewLayer | Updating Lights | Computing tree
Fra:78 Mem:126.73M (Peak 148.65M) | Time:00:00.26 | Mem:105.66M, Peak:105.66M | Scene, ViewLayer | Updating Integrator
Fra:78 Mem:126.73M (Peak 148.65M) | Time:00:00.26 | Mem:105.66M, Peak:105.66M | Scene, ViewLayer | Updating Film
Fra:78 Mem:126.73M (Peak 148.65M) | Time:00:00.26 | Mem:105.58M, Peak:105.66M | Scene, ViewLayer | Updating Lookup Tables
Fra:78 Mem:126.73M (Peak 148.65M) | Time:00:00.26 | Mem:105.67M, Peak:105.67M | Scene, ViewLayer | Updating Baking
Fra:78 Mem:126.73M (Peak 148.65M) | Time:00:00.26 | Mem:105.67M, Peak:105.67M | Scene, ViewLayer | Updating Device | Writing constant memory
Fra:78 Mem:126.73M (Peak 148.65M) | Time:00:00.26 | Mem:105.67M, Peak:105.67M | Scene, ViewLayer | Sample 0/16
Fra:78 Mem:132.94M (Peak 148.65M) | Time:00:00.63 | Remaining:00:05.55 | Mem:111.86M, Peak:111.86M | Scene, ViewLayer | Sample 1/16
Fra:78 Mem:135.68M (Peak 148.65M) | Time:00:05.96 | Mem:111.86M, Peak:111.86M | Scene, ViewLayer | Sample 16/16
Fra:78 Mem:135.68M (Peak 148.65M) | Time:00:05.96 | Mem:111.86M, Peak:111.86M | Scene, ViewLayer | Finished
Fra:78 Mem:23.76M (Peak 148.65M) | Time:00:05.97 | Compositing
Saved: 'work/preview-frames/mj/frame_0078.png'
Time: 00:06.05 (Saving: 00:00.03)

Fra:79 Mem:22.05M (Peak 22.05M) | Time:00:00.00 | Mem:0.00M, Peak:0.00M | Scene, ViewLayer | Synchronizing object | 柔光主灯
Fra:79 Mem:22.05M (Peak 22.05M) | Time:00:00.00 | Mem:0.00M, Peak:0.00M | Scene, ViewLayer | Synchronizing object | 内圈 · 古金细边
Fra:79 Mem:22.05M (Peak 22.05M) | Time:00:00.00 | Mem:0.00M, Peak:0.00M | Scene, ViewLayer | Synchronizing object | 正面均匀补光
Fra:79 Mem:22.05M (Peak 22.05M) | Time:00:00.00 | Mem:0.00M, Peak:0.00M | Scene, ViewLayer | Synchronizing object | 顶部金光
Fra:79 Mem:22.06M (Peak 22.06M) | Time:00:00.00 | Mem:0.00M, Peak:0.00M | Scene, ViewLayer | Synchronizing object | 主体平面 · 完整视差合成
Fra:79 Mem:22.06M (Peak 22.06M) | Time:00:00.00 | Mem:0.00M, Peak:0.00M | Scene, ViewLayer | Synchronizing object | 外圈 · 全息压边
Fra:79 Mem:22.08M (Peak 22.08M) | Time:00:00.00 | Mem:0.00M, Peak:0.00M | Scene, ViewLayer | Synchronizing object | 文字平面 · Alpha PNG
Fra:79 Mem:22.09M (Peak 22.09M) | Time:00:00.00 | Mem:0.00M, Peak:0.00M | Scene, ViewLayer | Initializing
Fra:79 Mem:22.07M (Peak 22.09M) | Time:00:00.00 | Mem:0.00M, Peak:0.00M | Scene, ViewLayer | Updating Images | Loading text.png
Fra:79 Mem:22.07M (Peak 22.09M) | Time:00:00.00 | Mem:0.00M, Peak:0.00M | Scene, ViewLayer | Updating Images | Loading subject.png
Fra:79 Mem:64.27M (Peak 85.36M) | Time:00:00.09 | Mem:21.09M, Peak:21.09M | Scene, ViewLayer | Updating Images | Loading lineart.png
Fra:79 Mem:85.36M (Peak 106.46M) | Time:00:00.12 | Mem:42.19M, Peak:42.19M | Scene, ViewLayer | Updating Images | Loading background.png
Fra:79 Mem:126.57M (Peak 148.65M) | Time:00:00.25 | Mem:105.47M, Peak:105.47M | Scene, ViewLayer | Waiting for render to start
Fra:79 Mem:126.57M (Peak 148.65M) | Time:00:00.25 | Mem:105.47M, Peak:105.47M | Scene, ViewLayer | Updating Scene
Fra:79 Mem:126.57M (Peak 148.65M) | Time:00:00.25 | Mem:105.47M, Peak:105.47M | Scene, ViewLayer | Updating Shaders
Fra:79 Mem:126.57M (Peak 148.65M) | Time:00:00.25 | Mem:105.47M, Peak:105.47M | Scene, ViewLayer | Loading render kernels (may take a few minutes the first time)
Fra:79 Mem:126.69M (Peak 148.65M) | Time:00:00.25 | Mem:105.50M, Peak:105.50M | Scene, ViewLayer | Updating Procedurals
Fra:79 Mem:126.69M (Peak 148.65M) | Time:00:00.25 | Mem:105.50M, Peak:105.50M | Scene, ViewLayer | Updating Background
Fra:79 Mem:126.69M (Peak 148.65M) | Time:00:00.25 | Mem:105.50M, Peak:105.50M | Scene, ViewLayer | Updating Camera
Fra:79 Mem:126.69M (Peak 148.65M) | Time:00:00.25 | Mem:105.50M, Peak:105.50M | Scene, ViewLayer | Updating Meshes Flags
Fra:79 Mem:126.69M (Peak 148.65M) | Time:00:00.25 | Mem:105.50M, Peak:105.50M | Scene, ViewLayer | Updating Objects
Fra:79 Mem:126.69M (Peak 148.65M) | Time:00:00.25 | Mem:105.50M, Peak:105.50M | Scene, ViewLayer | Updating Objects | Copying Transformations to device
Fra:79 Mem:126.69M (Peak 148.65M) | Time:00:00.25 | Mem:105.51M, Peak:105.51M | Scene, ViewLayer | Updating Particle Systems
Fra:79 Mem:126.69M (Peak 148.65M) | Time:00:00.25 | Mem:105.51M, Peak:105.51M | Scene, ViewLayer | Updating Particle Systems | Copying Particles to device
Fra:79 Mem:126.69M (Peak 148.65M) | Time:00:00.25 | Mem:105.51M, Peak:105.51M | Scene, ViewLayer | Updating Meshes
Fra:79 Mem:126.69M (Peak 148.65M) | Time:00:00.25 | Mem:105.51M, Peak:105.51M | Scene, ViewLayer | Updating Objects | Applying Static Transformations
Fra:79 Mem:126.69M (Peak 148.65M) | Time:00:00.25 | Mem:105.51M, Peak:105.51M | Scene, ViewLayer | Updating Mesh | Computing attributes
Fra:79 Mem:126.70M (Peak 148.65M) | Time:00:00.25 | Mem:105.51M, Peak:105.51M | Scene, ViewLayer | Updating Mesh | Copying Attributes to device
Fra:79 Mem:126.70M (Peak 148.65M) | Time:00:00.25 | Mem:105.52M, Peak:105.52M | Scene, ViewLayer | Updating Scene BVH | Building
Fra:79 Mem:126.70M (Peak 148.65M) | Time:00:00.25 | Mem:105.52M, Peak:105.52M | Scene, ViewLayer | Updating Scene BVH | Building BVH
Fra:79 Mem:126.70M (Peak 148.65M) | Time:00:00.25 | Mem:105.53M, Peak:105.53M | Scene, ViewLayer | Updating Scene BVH | Building BVH 0%
Fra:79 Mem:126.70M (Peak 148.65M) | Time:00:00.25 | Mem:105.56M, Peak:105.57M | Scene, ViewLayer | Updating Scene BVH | Copying BVH to device
Fra:79 Mem:126.70M (Peak 148.65M) | Time:00:00.25 | Mem:105.56M, Peak:105.57M | Scene, ViewLayer | Updating Mesh | Computing normals
Fra:79 Mem:126.72M (Peak 148.65M) | Time:00:00.25 | Mem:105.56M, Peak:105.57M | Scene, ViewLayer | Updating Mesh | Copying Mesh to device
Fra:79 Mem:126.72M (Peak 148.65M) | Time:00:00.25 | Mem:105.57M, Peak:105.57M | Scene, ViewLayer | Updating Objects Flags
Fra:79 Mem:126.72M (Peak 148.65M) | Time:00:00.25 | Mem:105.57M, Peak:105.57M | Scene, ViewLayer | Updating Primitive Offsets
Fra:79 Mem:126.72M (Peak 148.65M) | Time:00:00.25 | Mem:105.57M, Peak:105.57M | Scene, ViewLayer | Updating Images
Fra:79 Mem:126.72M (Peak 148.65M) | Time:00:00.25 | Mem:105.57M, Peak:105.57M | Scene, ViewLayer | Updating Camera Volume
Fra:79 Mem:126.72M (Peak 148.65M) | Time:00:00.25 | Mem:105.57M, Peak:105.57M | Scene, ViewLayer | Updating Lookup Tables
Fra:79 Mem:126.72M (Peak 148.65M) | Time:00:00.25 | Mem:105.65M, Peak:105.65M | Scene, ViewLayer | Updating Lights
Fra:79 Mem:126.72M (Peak 148.65M) | Time:00:00.25 | Mem:105.65M, Peak:105.65M | Scene, ViewLayer | Updating Lights | Computing tree
Fra:79 Mem:126.73M (Peak 148.65M) | Time:00:00.25 | Mem:105.66M, Peak:105.66M | Scene, ViewLayer | Updating Integrator
Fra:79 Mem:126.73M (Peak 148.65M) | Time:00:00.25 | Mem:105.66M, Peak:105.66M | Scene, ViewLayer | Updating Film
Fra:79 Mem:126.73M (Peak 148.65M) | Time:00:00.25 | Mem:105.58M, Peak:105.66M | Scene, ViewLayer | Updating Lookup Tables
Fra:79 Mem:126.73M (Peak 148.65M) | Time:00:00.25 | Mem:105.67M, Peak:105.67M | Scene, ViewLayer | Updating Baking
Fra:79 Mem:126.73M (Peak 148.65M) | Time:00:00.25 | Mem:105.67M, Peak:105.67M | Scene, ViewLayer | Updating Device | Writing constant memory
Fra:79 Mem:126.73M (Peak 148.65M) | Time:00:00.25 | Mem:105.67M, Peak:105.67M | Scene, ViewLayer | Sample 0/16
Fra:79 Mem:132.94M (Peak 148.65M) | Time:00:00.62 | Remaining:00:05.47 | Mem:111.86M, Peak:111.86M | Scene, ViewLayer | Sample 1/16
Fra:79 Mem:135.68M (Peak 148.65M) | Time:00:05.92 | Mem:111.86M, Peak:111.86M | Scene, ViewLayer | Sample 16/16
Fra:79 Mem:135.68M (Peak 148.65M) | Time:00:05.92 | Mem:111.86M, Peak:111.86M | Scene, ViewLayer | Finished
Fra:79 Mem:23.76M (Peak 148.65M) | Time:00:05.92 | Compositing
Saved: 'work/preview-frames/mj/frame_0079.png'
Time: 00:06.01 (Saving: 00:00.03)

Fra:80 Mem:22.05M (Peak 22.05M) | Time:00:00.00 | Mem:0.00M, Peak:0.00M | Scene, ViewLayer | Synchronizing object | 柔光主灯
Fra:80 Mem:22.05M (Peak 22.05M) | Time:00:00.00 | Mem:0.00M, Peak:0.00M | Scene, ViewLayer | Synchronizing object | 内圈 · 古金细边
Fra:80 Mem:22.05M (Peak 22.05M) | Time:00:00.00 | Mem:0.00M, Peak:0.00M | Scene, ViewLayer | Synchronizing object | 正面均匀补光
Fra:80 Mem:22.06M (Peak 22.06M) | Time:00:00.00 | Mem:0.00M, Peak:0.00M | Scene, ViewLayer | Synchronizing object | 顶部金光
Fra:80 Mem:22.06M (Peak 22.06M) | Time:00:00.00 | Mem:0.00M, Peak:0.00M | Scene, ViewLayer | Synchronizing object | 主体平面 · 完整视差合成
Fra:80 Mem:22.06M (Peak 22.06M) | Time:00:00.00 | Mem:0.00M, Peak:0.00M | Scene, ViewLayer | Synchronizing object | 外圈 · 全息压边
Fra:80 Mem:22.08M (Peak 22.08M) | Time:00:00.00 | Mem:0.00M, Peak:0.00M | Scene, ViewLayer | Synchronizing object | 文字平面 · Alpha PNG
Fra:80 Mem:22.09M (Peak 22.09M) | Time:00:00.00 | Mem:0.00M, Peak:0.00M | Scene, ViewLayer | Initializing
Fra:80 Mem:22.07M (Peak 22.09M) | Time:00:00.00 | Mem:0.00M, Peak:0.00M | Scene, ViewLayer | Updating Images | Loading text.png
Fra:80 Mem:22.07M (Peak 22.09M) | Time:00:00.00 | Mem:0.00M, Peak:0.00M | Scene, ViewLayer | Updating Images | Loading subject.png
Fra:80 Mem:64.27M (Peak 85.36M) | Time:00:00.09 | Mem:21.09M, Peak:21.09M | Scene, ViewLayer | Updating Images | Loading lineart.png
Fra:80 Mem:85.36M (Peak 106.47M) | Time:00:00.12 | Mem:42.19M, Peak:42.19M | Scene, ViewLayer | Updating Images | Loading background.png
Fra:80 Mem:126.57M (Peak 148.65M) | Time:00:00.25 | Mem:105.47M, Peak:105.47M | Scene, ViewLayer | Waiting for render to start
Fra:80 Mem:126.57M (Peak 148.65M) | Time:00:00.25 | Mem:105.47M, Peak:105.47M | Scene, ViewLayer | Updating Scene
Fra:80 Mem:126.57M (Peak 148.65M) | Time:00:00.25 | Mem:105.47M, Peak:105.47M | Scene, ViewLayer | Updating Shaders
Fra:80 Mem:126.57M (Peak 148.65M) | Time:00:00.25 | Mem:105.47M, Peak:105.47M | Scene, ViewLayer | Loading render kernels (may take a few minutes the first time)
Fra:80 Mem:126.69M (Peak 148.65M) | Time:00:00.25 | Mem:105.50M, Peak:105.50M | Scene, ViewLayer | Updating Procedurals
Fra:80 Mem:126.69M (Peak 148.65M) | Time:00:00.25 | Mem:105.50M, Peak:105.50M | Scene, ViewLayer | Updating Background
Fra:80 Mem:126.69M (Peak 148.65M) | Time:00:00.25 | Mem:105.50M, Peak:105.50M | Scene, ViewLayer | Updating Camera
Fra:80 Mem:126.69M (Peak 148.65M) | Time:00:00.25 | Mem:105.50M, Peak:105.50M | Scene, ViewLayer | Updating Meshes Flags
Fra:80 Mem:126.69M (Peak 148.65M) | Time:00:00.25 | Mem:105.50M, Peak:105.50M | Scene, ViewLayer | Updating Objects
Fra:80 Mem:126.69M (Peak 148.65M) | Time:00:00.25 | Mem:105.50M, Peak:105.50M | Scene, ViewLayer | Updating Objects | Copying Transformations to device
Fra:80 Mem:126.69M (Peak 148.65M) | Time:00:00.25 | Mem:105.51M, Peak:105.51M | Scene, ViewLayer | Updating Particle Systems
Fra:80 Mem:126.69M (Peak 148.65M) | Time:00:00.25 | Mem:105.51M, Peak:105.51M | Scene, ViewLayer | Updating Particle Systems | Copying Particles to device
Fra:80 Mem:126.69M (Peak 148.65M) | Time:00:00.25 | Mem:105.51M, Peak:105.51M | Scene, ViewLayer | Updating Meshes
Fra:80 Mem:126.69M (Peak 148.65M) | Time:00:00.25 | Mem:105.51M, Peak:105.51M | Scene, ViewLayer | Updating Objects | Applying Static Transformations
Fra:80 Mem:126.69M (Peak 148.65M) | Time:00:00.25 | Mem:105.51M, Peak:105.51M | Scene, ViewLayer | Updating Mesh | Computing attributes
Fra:80 Mem:126.70M (Peak 148.65M) | Time:00:00.25 | Mem:105.51M, Peak:105.51M | Scene, ViewLayer | Updating Mesh | Copying Attributes to device
Fra:80 Mem:126.70M (Peak 148.65M) | Time:00:00.25 | Mem:105.52M, Peak:105.52M | Scene, ViewLayer | Updating Scene BVH | Building
Fra:80 Mem:126.70M (Peak 148.65M) | Time:00:00.25 | Mem:105.52M, Peak:105.52M | Scene, ViewLayer | Updating Scene BVH | Building BVH
Fra:80 Mem:126.70M (Peak 148.65M) | Time:00:00.25 | Mem:105.53M, Peak:105.53M | Scene, ViewLayer | Updating Scene BVH | Building BVH 0%
Fra:80 Mem:126.70M (Peak 148.65M) | Time:00:00.25 | Mem:105.56M, Peak:105.57M | Scene, ViewLayer | Updating Scene BVH | Copying BVH to device
Fra:80 Mem:126.70M (Peak 148.65M) | Time:00:00.25 | Mem:105.56M, Peak:105.57M | Scene, ViewLayer | Updating Mesh | Computing normals
Fra:80 Mem:126.72M (Peak 148.65M) | Time:00:00.25 | Mem:105.56M, Peak:105.57M | Scene, ViewLayer | Updating Mesh | Copying Mesh to device
Fra:80 Mem:126.72M (Peak 148.65M) | Time:00:00.25 | Mem:105.57M, Peak:105.57M | Scene, ViewLayer | Updating Objects Flags
Fra:80 Mem:126.72M (Peak 148.65M) | Time:00:00.25 | Mem:105.57M, Peak:105.57M | Scene, ViewLayer | Updating Primitive Offsets
Fra:80 Mem:126.72M (Peak 148.65M) | Time:00:00.25 | Mem:105.57M, Peak:105.57M | Scene, ViewLayer | Updating Images
Fra:80 Mem:126.72M (Peak 148.65M) | Time:00:00.25 | Mem:105.57M, Peak:105.57M | Scene, ViewLayer | Updating Camera Volume
Fra:80 Mem:126.72M (Peak 148.65M) | Time:00:00.25 | Mem:105.57M, Peak:105.57M | Scene, ViewLayer | Updating Lookup Tables
Fra:80 Mem:126.72M (Peak 148.65M) | Time:00:00.25 | Mem:105.65M, Peak:105.65M | Scene, ViewLayer | Updating Lights
Fra:80 Mem:126.72M (Peak 148.65M) | Time:00:00.25 | Mem:105.65M, Peak:105.65M | Scene, ViewLayer | Updating Lights | Computing tree
Fra:80 Mem:126.73M (Peak 148.65M) | Time:00:00.25 | Mem:105.66M, Peak:105.66M | Scene, ViewLayer | Updating Integrator
Fra:80 Mem:126.73M (Peak 148.65M) | Time:00:00.25 | Mem:105.66M, Peak:105.66M | Scene, ViewLayer | Updating Film
Fra:80 Mem:126.73M (Peak 148.65M) | Time:00:00.25 | Mem:105.58M, Peak:105.66M | Scene, ViewLayer | Updating Lookup Tables
Fra:80 Mem:126.73M (Peak 148.65M) | Time:00:00.25 | Mem:105.67M, Peak:105.67M | Scene, ViewLayer | Updating Baking
Fra:80 Mem:126.73M (Peak 148.65M) | Time:00:00.25 | Mem:105.67M, Peak:105.67M | Scene, ViewLayer | Updating Device | Writing constant memory
Fra:80 Mem:126.73M (Peak 148.65M) | Time:00:00.25 | Mem:105.67M, Peak:105.67M | Scene, ViewLayer | Sample 0/16
Fra:80 Mem:132.94M (Peak 148.65M) | Time:00:00.61 | Remaining:00:05.38 | Mem:111.86M, Peak:111.86M | Scene, ViewLayer | Sample 1/16
Fra:80 Mem:135.68M (Peak 148.65M) | Time:00:05.85 | Mem:111.86M, Peak:111.86M | Scene, ViewLayer | Sample 16/16
Fra:80 Mem:135.68M (Peak 148.65M) | Time:00:05.85 | Mem:111.86M, Peak:111.86M | Scene, ViewLayer | Finished
Fra:80 Mem:23.76M (Peak 148.65M) | Time:00:05.85 | Compositing
Saved: 'work/preview-frames/mj/frame_0080.png'
Time: 00:05.93 (Saving: 00:00.03)

Fra:81 Mem:22.05M (Peak 22.05M) | Time:00:00.00 | Mem:0.00M, Peak:0.00M | Scene, ViewLayer | Synchronizing object | 柔光主灯
Fra:81 Mem:22.05M (Peak 22.05M) | Time:00:00.00 | Mem:0.00M, Peak:0.00M | Scene, ViewLayer | Synchronizing object | 内圈 · 古金细边
Fra:81 Mem:22.05M (Peak 22.05M) | Time:00:00.00 | Mem:0.00M, Peak:0.00M | Scene, ViewLayer | Synchronizing object | 正面均匀补光
Fra:81 Mem:22.05M (Peak 22.05M) | Time:00:00.00 | Mem:0.00M, Peak:0.00M | Scene, ViewLayer | Synchronizing object | 顶部金光
Fra:81 Mem:22.06M (Peak 22.06M) | Time:00:00.00 | Mem:0.00M, Peak:0.00M | Scene, ViewLayer | Synchronizing object | 主体平面 · 完整视差合成
Fra:81 Mem:22.06M (Peak 22.06M) | Time:00:00.00 | Mem:0.00M, Peak:0.00M | Scene, ViewLayer | Synchronizing object | 外圈 · 全息压边
Fra:81 Mem:22.08M (Peak 22.08M) | Time:00:00.00 | Mem:0.00M, Peak:0.00M | Scene, ViewLayer | Synchronizing object | 文字平面 · Alpha PNG
Fra:81 Mem:22.09M (Peak 22.09M) | Time:00:00.00 | Mem:0.00M, Peak:0.00M | Scene, ViewLayer | Initializing
Fra:81 Mem:22.07M (Peak 22.09M) | Time:00:00.00 | Mem:0.00M, Peak:0.00M | Scene, ViewLayer | Updating Images | Loading text.png
Fra:81 Mem:22.07M (Peak 22.09M) | Time:00:00.00 | Mem:0.00M, Peak:0.00M | Scene, ViewLayer | Updating Images | Loading subject.png
Fra:81 Mem:64.27M (Peak 85.36M) | Time:00:00.10 | Mem:21.09M, Peak:21.09M | Scene, ViewLayer | Updating Images | Loading lineart.png
Fra:81 Mem:85.36M (Peak 106.47M) | Time:00:00.12 | Mem:42.19M, Peak:42.19M | Scene, ViewLayer | Updating Images | Loading background.png
Fra:81 Mem:126.57M (Peak 148.65M) | Time:00:00.25 | Mem:105.47M, Peak:105.47M | Scene, ViewLayer | Waiting for render to start
Fra:81 Mem:126.57M (Peak 148.65M) | Time:00:00.25 | Mem:105.47M, Peak:105.47M | Scene, ViewLayer | Updating Scene
Fra:81 Mem:126.57M (Peak 148.65M) | Time:00:00.25 | Mem:105.47M, Peak:105.47M | Scene, ViewLayer | Updating Shaders
Fra:81 Mem:126.57M (Peak 148.65M) | Time:00:00.25 | Mem:105.47M, Peak:105.47M | Scene, ViewLayer | Loading render kernels (may take a few minutes the first time)
Fra:81 Mem:126.69M (Peak 148.65M) | Time:00:00.25 | Mem:105.50M, Peak:105.50M | Scene, ViewLayer | Updating Procedurals
Fra:81 Mem:126.69M (Peak 148.65M) | Time:00:00.25 | Mem:105.50M, Peak:105.50M | Scene, ViewLayer | Updating Background
Fra:81 Mem:126.69M (Peak 148.65M) | Time:00:00.25 | Mem:105.50M, Peak:105.50M | Scene, ViewLayer | Updating Camera
Fra:81 Mem:126.69M (Peak 148.65M) | Time:00:00.25 | Mem:105.50M, Peak:105.50M | Scene, ViewLayer | Updating Meshes Flags
Fra:81 Mem:126.69M (Peak 148.65M) | Time:00:00.25 | Mem:105.50M, Peak:105.50M | Scene, ViewLayer | Updating Objects
Fra:81 Mem:126.69M (Peak 148.65M) | Time:00:00.25 | Mem:105.50M, Peak:105.50M | Scene, ViewLayer | Updating Objects | Copying Transformations to device
Fra:81 Mem:126.69M (Peak 148.65M) | Time:00:00.25 | Mem:105.51M, Peak:105.51M | Scene, ViewLayer | Updating Particle Systems
Fra:81 Mem:126.69M (Peak 148.65M) | Time:00:00.25 | Mem:105.51M, Peak:105.51M | Scene, ViewLayer | Updating Particle Systems | Copying Particles to device
Fra:81 Mem:126.69M (Peak 148.65M) | Time:00:00.25 | Mem:105.51M, Peak:105.51M | Scene, ViewLayer | Updating Meshes
Fra:81 Mem:126.69M (Peak 148.65M) | Time:00:00.25 | Mem:105.51M, Peak:105.51M | Scene, ViewLayer | Updating Objects | Applying Static Transformations
Fra:81 Mem:126.69M (Peak 148.65M) | Time:00:00.25 | Mem:105.51M, Peak:105.51M | Scene, ViewLayer | Updating Mesh | Computing attributes
Fra:81 Mem:126.70M (Peak 148.65M) | Time:00:00.25 | Mem:105.51M, Peak:105.51M | Scene, ViewLayer | Updating Mesh | Copying Attributes to device
Fra:81 Mem:126.70M (Peak 148.65M) | Time:00:00.25 | Mem:105.52M, Peak:105.52M | Scene, ViewLayer | Updating Scene BVH | Building
Fra:81 Mem:126.70M (Peak 148.65M) | Time:00:00.25 | Mem:105.52M, Peak:105.52M | Scene, ViewLayer | Updating Scene BVH | Building BVH
Fra:81 Mem:126.70M (Peak 148.65M) | Time:00:00.25 | Mem:105.53M, Peak:105.53M | Scene, ViewLayer | Updating Scene BVH | Building BVH 0%
Fra:81 Mem:126.70M (Peak 148.65M) | Time:00:00.25 | Mem:105.55M, Peak:105.57M | Scene, ViewLayer | Updating Scene BVH | Copying BVH to device
Fra:81 Mem:126.70M (Peak 148.65M) | Time:00:00.25 | Mem:105.55M, Peak:105.57M | Scene, ViewLayer | Updating Mesh | Computing normals
Fra:81 Mem:126.72M (Peak 148.65M) | Time:00:00.25 | Mem:105.55M, Peak:105.57M | Scene, ViewLayer | Updating Mesh | Copying Mesh to device
Fra:81 Mem:126.72M (Peak 148.65M) | Time:00:00.25 | Mem:105.57M, Peak:105.57M | Scene, ViewLayer | Updating Objects Flags
Fra:81 Mem:126.72M (Peak 148.65M) | Time:00:00.25 | Mem:105.57M, Peak:105.57M | Scene, ViewLayer | Updating Primitive Offsets
Fra:81 Mem:126.72M (Peak 148.65M) | Time:00:00.25 | Mem:105.57M, Peak:105.57M | Scene, ViewLayer | Updating Images
Fra:81 Mem:126.72M (Peak 148.65M) | Time:00:00.25 | Mem:105.57M, Peak:105.57M | Scene, ViewLayer | Updating Camera Volume
Fra:81 Mem:126.72M (Peak 148.65M) | Time:00:00.25 | Mem:105.57M, Peak:105.57M | Scene, ViewLayer | Updating Lookup Tables
Fra:81 Mem:126.72M (Peak 148.65M) | Time:00:00.25 | Mem:105.65M, Peak:105.65M | Scene, ViewLayer | Updating Lights
Fra:81 Mem:126.72M (Peak 148.65M) | Time:00:00.25 | Mem:105.65M, Peak:105.65M | Scene, ViewLayer | Updating Lights | Computing tree
Fra:81 Mem:126.73M (Peak 148.65M) | Time:00:00.25 | Mem:105.66M, Peak:105.66M | Scene, ViewLayer | Updating Integrator
Fra:81 Mem:126.73M (Peak 148.65M) | Time:00:00.25 | Mem:105.66M, Peak:105.66M | Scene, ViewLayer | Updating Film
Fra:81 Mem:126.73M (Peak 148.65M) | Time:00:00.25 | Mem:105.58M, Peak:105.66M | Scene, ViewLayer | Updating Lookup Tables
Fra:81 Mem:126.73M (Peak 148.65M) | Time:00:00.25 | Mem:105.67M, Peak:105.67M | Scene, ViewLayer | Updating Baking
Fra:81 Mem:126.73M (Peak 148.65M) | Time:00:00.25 | Mem:105.67M, Peak:105.67M | Scene, ViewLayer | Updating Device | Writing constant memory
Fra:81 Mem:126.73M (Peak 148.65M) | Time:00:00.25 | Mem:105.67M, Peak:105.67M | Scene, ViewLayer | Sample 0/16
Fra:81 Mem:132.94M (Peak 148.65M) | Time:00:00.61 | Remaining:00:05.48 | Mem:111.86M, Peak:111.86M | Scene, ViewLayer | Sample 1/16
Fra:81 Mem:135.68M (Peak 148.65M) | Time:00:05.92 | Mem:111.86M, Peak:111.86M | Scene, ViewLayer | Sample 16/16
Fra:81 Mem:135.68M (Peak 148.65M) | Time:00:05.93 | Mem:111.86M, Peak:111.86M | Scene, ViewLayer | Finished
Fra:81 Mem:23.76M (Peak 148.65M) | Time:00:05.93 | Compositing
Saved: 'work/preview-frames/mj/frame_0081.png'
Time: 00:06.02 (Saving: 00:00.03)

Fra:82 Mem:22.05M (Peak 22.05M) | Time:00:00.00 | Mem:0.00M, Peak:0.00M | Scene, ViewLayer | Synchronizing object | 柔光主灯
Fra:82 Mem:22.05M (Peak 22.05M) | Time:00:00.00 | Mem:0.00M, Peak:0.00M | Scene, ViewLayer | Synchronizing object | 内圈 · 古金细边
Fra:82 Mem:22.05M (Peak 22.05M) | Time:00:00.00 | Mem:0.00M, Peak:0.00M | Scene, ViewLayer | Synchronizing object | 正面均匀补光
Fra:82 Mem:22.06M (Peak 22.06M) | Time:00:00.00 | Mem:0.00M, Peak:0.00M | Scene, ViewLayer | Synchronizing object | 顶部金光
Fra:82 Mem:22.06M (Peak 22.06M) | Time:00:00.00 | Mem:0.00M, Peak:0.00M | Scene, ViewLayer | Synchronizing object | 主体平面 · 完整视差合成
Fra:82 Mem:22.06M (Peak 22.06M) | Time:00:00.00 | Mem:0.00M, Peak:0.00M | Scene, ViewLayer | Synchronizing object | 外圈 · 全息压边
Fra:82 Mem:22.08M (Peak 22.08M) | Time:00:00.00 | Mem:0.00M, Peak:0.00M | Scene, ViewLayer | Synchronizing object | 文字平面 · Alpha PNG
Fra:82 Mem:22.09M (Peak 22.09M) | Time:00:00.00 | Mem:0.00M, Peak:0.00M | Scene, ViewLayer | Initializing
Fra:82 Mem:22.07M (Peak 22.09M) | Time:00:00.00 | Mem:0.00M, Peak:0.00M | Scene, ViewLayer | Updating Images | Loading text.png
Fra:82 Mem:22.07M (Peak 22.09M) | Time:00:00.00 | Mem:0.00M, Peak:0.00M | Scene, ViewLayer | Updating Images | Loading subject.png
Fra:82 Mem:64.27M (Peak 85.36M) | Time:00:00.09 | Mem:21.09M, Peak:21.09M | Scene, ViewLayer | Updating Images | Loading lineart.png
Fra:82 Mem:85.36M (Peak 106.47M) | Time:00:00.12 | Mem:42.19M, Peak:42.19M | Scene, ViewLayer | Updating Images | Loading background.png
Fra:82 Mem:126.57M (Peak 148.65M) | Time:00:00.25 | Mem:105.47M, Peak:105.47M | Scene, ViewLayer | Waiting for render to start
Fra:82 Mem:126.57M (Peak 148.65M) | Time:00:00.25 | Mem:105.47M, Peak:105.47M | Scene, ViewLayer | Updating Scene
Fra:82 Mem:126.57M (Peak 148.65M) | Time:00:00.25 | Mem:105.47M, Peak:105.47M | Scene, ViewLayer | Updating Shaders
Fra:82 Mem:126.57M (Peak 148.65M) | Time:00:00.25 | Mem:105.47M, Peak:105.47M | Scene, ViewLayer | Loading render kernels (may take a few minutes the first time)
Fra:82 Mem:126.69M (Peak 148.65M) | Time:00:00.25 | Mem:105.50M, Peak:105.50M | Scene, ViewLayer | Updating Procedurals
Fra:82 Mem:126.69M (Peak 148.65M) | Time:00:00.25 | Mem:105.50M, Peak:105.50M | Scene, ViewLayer | Updating Background
Fra:82 Mem:126.69M (Peak 148.65M) | Time:00:00.25 | Mem:105.50M, Peak:105.50M | Scene, ViewLayer | Updating Camera
Fra:82 Mem:126.69M (Peak 148.65M) | Time:00:00.25 | Mem:105.50M, Peak:105.50M | Scene, ViewLayer | Updating Meshes Flags
Fra:82 Mem:126.69M (Peak 148.65M) | Time:00:00.25 | Mem:105.50M, Peak:105.50M | Scene, ViewLayer | Updating Objects
Fra:82 Mem:126.69M (Peak 148.65M) | Time:00:00.25 | Mem:105.50M, Peak:105.50M | Scene, ViewLayer | Updating Objects | Copying Transformations to device
Fra:82 Mem:126.69M (Peak 148.65M) | Time:00:00.25 | Mem:105.51M, Peak:105.51M | Scene, ViewLayer | Updating Particle Systems
Fra:82 Mem:126.69M (Peak 148.65M) | Time:00:00.25 | Mem:105.51M, Peak:105.51M | Scene, ViewLayer | Updating Particle Systems | Copying Particles to device
Fra:82 Mem:126.69M (Peak 148.65M) | Time:00:00.25 | Mem:105.51M, Peak:105.51M | Scene, ViewLayer | Updating Meshes
Fra:82 Mem:126.69M (Peak 148.65M) | Time:00:00.25 | Mem:105.51M, Peak:105.51M | Scene, ViewLayer | Updating Objects | Applying Static Transformations
Fra:82 Mem:126.69M (Peak 148.65M) | Time:00:00.25 | Mem:105.51M, Peak:105.51M | Scene, ViewLayer | Updating Mesh | Computing attributes
Fra:82 Mem:126.70M (Peak 148.65M) | Time:00:00.25 | Mem:105.51M, Peak:105.51M | Scene, ViewLayer | Updating Mesh | Copying Attributes to device
Fra:82 Mem:126.70M (Peak 148.65M) | Time:00:00.25 | Mem:105.52M, Peak:105.52M | Scene, ViewLayer | Updating Scene BVH | Building
Fra:82 Mem:126.70M (Peak 148.65M) | Time:00:00.25 | Mem:105.52M, Peak:105.52M | Scene, ViewLayer | Updating Scene BVH | Building BVH
Fra:82 Mem:126.70M (Peak 148.65M) | Time:00:00.25 | Mem:105.53M, Peak:105.53M | Scene, ViewLayer | Updating Scene BVH | Building BVH 0%
Fra:82 Mem:126.70M (Peak 148.65M) | Time:00:00.25 | Mem:105.55M, Peak:105.57M | Scene, ViewLayer | Updating Scene BVH | Copying BVH to device
Fra:82 Mem:126.70M (Peak 148.65M) | Time:00:00.25 | Mem:105.55M, Peak:105.57M | Scene, ViewLayer | Updating Mesh | Computing normals
Fra:82 Mem:126.72M (Peak 148.65M) | Time:00:00.25 | Mem:105.55M, Peak:105.57M | Scene, ViewLayer | Updating Mesh | Copying Mesh to device
Fra:82 Mem:126.72M (Peak 148.65M) | Time:00:00.25 | Mem:105.57M, Peak:105.57M | Scene, ViewLayer | Updating Objects Flags
Fra:82 Mem:126.72M (Peak 148.65M) | Time:00:00.25 | Mem:105.57M, Peak:105.57M | Scene, ViewLayer | Updating Primitive Offsets
Fra:82 Mem:126.72M (Peak 148.65M) | Time:00:00.25 | Mem:105.57M, Peak:105.57M | Scene, ViewLayer | Updating Images
Fra:82 Mem:126.72M (Peak 148.65M) | Time:00:00.25 | Mem:105.57M, Peak:105.57M | Scene, ViewLayer | Updating Camera Volume
Fra:82 Mem:126.72M (Peak 148.65M) | Time:00:00.25 | Mem:105.57M, Peak:105.57M | Scene, ViewLayer | Updating Lookup Tables
Fra:82 Mem:126.72M (Peak 148.65M) | Time:00:00.25 | Mem:105.65M, Peak:105.65M | Scene, ViewLayer | Updating Lights
Fra:82 Mem:126.72M (Peak 148.65M) | Time:00:00.25 | Mem:105.65M, Peak:105.65M | Scene, ViewLayer | Updating Lights | Computing tree
Fra:82 Mem:126.73M (Peak 148.65M) | Time:00:00.25 | Mem:105.66M, Peak:105.66M | Scene, ViewLayer | Updating Integrator
Fra:82 Mem:126.73M (Peak 148.65M) | Time:00:00.25 | Mem:105.66M, Peak:105.66M | Scene, ViewLayer | Updating Film
Fra:82 Mem:126.73M (Peak 148.65M) | Time:00:00.25 | Mem:105.58M, Peak:105.66M | Scene, ViewLayer | Updating Lookup Tables
Fra:82 Mem:126.73M (Peak 148.65M) | Time:00:00.25 | Mem:105.67M, Peak:105.67M | Scene, ViewLayer | Updating Baking
Fra:82 Mem:126.73M (Peak 148.65M) | Time:00:00.25 | Mem:105.67M, Peak:105.67M | Scene, ViewLayer | Updating Device | Writing constant memory
Fra:82 Mem:126.74M (Peak 148.65M) | Time:00:00.25 | Mem:105.67M, Peak:105.67M | Scene, ViewLayer | Sample 0/16
Fra:82 Mem:132.94M (Peak 148.65M) | Time:00:00.62 | Remaining:00:05.56 | Mem:111.86M, Peak:111.86M | Scene, ViewLayer | Sample 1/16
Fra:82 Mem:135.68M (Peak 148.65M) | Time:00:05.93 | Mem:111.86M, Peak:111.86M | Scene, ViewLayer | Sample 16/16
Fra:82 Mem:135.68M (Peak 148.65M) | Time:00:05.93 | Mem:111.86M, Peak:111.86M | Scene, ViewLayer | Finished
Fra:82 Mem:23.76M (Peak 148.65M) | Time:00:05.93 | Compositing
Saved: 'work/preview-frames/mj/frame_0082.png'
Time: 00:06.01 (Saving: 00:00.03)

Fra:83 Mem:22.05M (Peak 22.05M) | Time:00:00.00 | Mem:0.00M, Peak:0.00M | Scene, ViewLayer | Synchronizing object | 柔光主灯
Fra:83 Mem:22.05M (Peak 22.05M) | Time:00:00.00 | Mem:0.00M, Peak:0.00M | Scene, ViewLayer | Synchronizing object | 内圈 · 古金细边
Fra:83 Mem:22.05M (Peak 22.05M) | Time:00:00.00 | Mem:0.00M, Peak:0.00M | Scene, ViewLayer | Synchronizing object | 正面均匀补光
Fra:83 Mem:22.05M (Peak 22.05M) | Time:00:00.00 | Mem:0.00M, Peak:0.00M | Scene, ViewLayer | Synchronizing object | 顶部金光
Fra:83 Mem:22.06M (Peak 22.06M) | Time:00:00.00 | Mem:0.00M, Peak:0.00M | Scene, ViewLayer | Synchronizing object | 主体平面 · 完整视差合成
Fra:83 Mem:22.06M (Peak 22.06M) | Time:00:00.00 | Mem:0.00M, Peak:0.00M | Scene, ViewLayer | Synchronizing object | 外圈 · 全息压边
Fra:83 Mem:22.08M (Peak 22.08M) | Time:00:00.00 | Mem:0.00M, Peak:0.00M | Scene, ViewLayer | Synchronizing object | 文字平面 · Alpha PNG
Fra:83 Mem:22.09M (Peak 22.09M) | Time:00:00.00 | Mem:0.00M, Peak:0.00M | Scene, ViewLayer | Initializing
Fra:83 Mem:22.07M (Peak 22.09M) | Time:00:00.00 | Mem:0.00M, Peak:0.00M | Scene, ViewLayer | Updating Images | Loading text.png
Fra:83 Mem:22.07M (Peak 22.09M) | Time:00:00.00 | Mem:0.00M, Peak:0.00M | Scene, ViewLayer | Updating Images | Loading subject.png
Fra:83 Mem:64.27M (Peak 85.36M) | Time:00:00.09 | Mem:21.09M, Peak:21.09M | Scene, ViewLayer | Updating Images | Loading lineart.png
Fra:83 Mem:85.36M (Peak 106.47M) | Time:00:00.12 | Mem:42.19M, Peak:42.19M | Scene, ViewLayer | Updating Images | Loading background.png
Fra:83 Mem:126.57M (Peak 148.65M) | Time:00:00.25 | Mem:105.47M, Peak:105.47M | Scene, ViewLayer | Waiting for render to start
Fra:83 Mem:126.57M (Peak 148.65M) | Time:00:00.25 | Mem:105.47M, Peak:105.47M | Scene, ViewLayer | Updating Scene
Fra:83 Mem:126.57M (Peak 148.65M) | Time:00:00.25 | Mem:105.47M, Peak:105.47M | Scene, ViewLayer | Updating Shaders
Fra:83 Mem:126.57M (Peak 148.65M) | Time:00:00.25 | Mem:105.47M, Peak:105.47M | Scene, ViewLayer | Loading render kernels (may take a few minutes the first time)
Fra:83 Mem:126.69M (Peak 148.65M) | Time:00:00.25 | Mem:105.50M, Peak:105.50M | Scene, ViewLayer | Updating Procedurals
Fra:83 Mem:126.69M (Peak 148.65M) | Time:00:00.25 | Mem:105.50M, Peak:105.50M | Scene, ViewLayer | Updating Background
Fra:83 Mem:126.69M (Peak 148.65M) | Time:00:00.25 | Mem:105.50M, Peak:105.50M | Scene, ViewLayer | Updating Camera
Fra:83 Mem:126.69M (Peak 148.65M) | Time:00:00.25 | Mem:105.50M, Peak:105.50M | Scene, ViewLayer | Updating Meshes Flags
Fra:83 Mem:126.69M (Peak 148.65M) | Time:00:00.25 | Mem:105.50M, Peak:105.50M | Scene, ViewLayer | Updating Objects
Fra:83 Mem:126.69M (Peak 148.65M) | Time:00:00.25 | Mem:105.50M, Peak:105.50M | Scene, ViewLayer | Updating Objects | Copying Transformations to device
Fra:83 Mem:126.69M (Peak 148.65M) | Time:00:00.25 | Mem:105.51M, Peak:105.51M | Scene, ViewLayer | Updating Particle Systems
Fra:83 Mem:126.69M (Peak 148.65M) | Time:00:00.25 | Mem:105.51M, Peak:105.51M | Scene, ViewLayer | Updating Particle Systems | Copying Particles to device
Fra:83 Mem:126.69M (Peak 148.65M) | Time:00:00.25 | Mem:105.51M, Peak:105.51M | Scene, ViewLayer | Updating Meshes
Fra:83 Mem:126.69M (Peak 148.65M) | Time:00:00.25 | Mem:105.51M, Peak:105.51M | Scene, ViewLayer | Updating Objects | Applying Static Transformations
Fra:83 Mem:126.69M (Peak 148.65M) | Time:00:00.25 | Mem:105.51M, Peak:105.51M | Scene, ViewLayer | Updating Mesh | Computing attributes
Fra:83 Mem:126.70M (Peak 148.65M) | Time:00:00.25 | Mem:105.51M, Peak:105.51M | Scene, ViewLayer | Updating Mesh | Copying Attributes to device
Fra:83 Mem:126.70M (Peak 148.65M) | Time:00:00.25 | Mem:105.52M, Peak:105.52M | Scene, ViewLayer | Updating Scene BVH | Building
Fra:83 Mem:126.70M (Peak 148.65M) | Time:00:00.25 | Mem:105.52M, Peak:105.52M | Scene, ViewLayer | Updating Scene BVH | Building BVH
Fra:83 Mem:126.70M (Peak 148.65M) | Time:00:00.25 | Mem:105.53M, Peak:105.53M | Scene, ViewLayer | Updating Scene BVH | Building BVH 0%
Fra:83 Mem:126.70M (Peak 148.65M) | Time:00:00.25 | Mem:105.56M, Peak:105.57M | Scene, ViewLayer | Updating Scene BVH | Copying BVH to device
Fra:83 Mem:126.70M (Peak 148.65M) | Time:00:00.25 | Mem:105.56M, Peak:105.57M | Scene, ViewLayer | Updating Mesh | Computing normals
Fra:83 Mem:126.72M (Peak 148.65M) | Time:00:00.25 | Mem:105.56M, Peak:105.57M | Scene, ViewLayer | Updating Mesh | Copying Mesh to device
Fra:83 Mem:126.72M (Peak 148.65M) | Time:00:00.25 | Mem:105.57M, Peak:105.57M | Scene, ViewLayer | Updating Objects Flags
Fra:83 Mem:126.72M (Peak 148.65M) | Time:00:00.25 | Mem:105.57M, Peak:105.57M | Scene, ViewLayer | Updating Primitive Offsets
Fra:83 Mem:126.72M (Peak 148.65M) | Time:00:00.25 | Mem:105.57M, Peak:105.57M | Scene, ViewLayer | Updating Images
Fra:83 Mem:126.72M (Peak 148.65M) | Time:00:00.25 | Mem:105.57M, Peak:105.57M | Scene, ViewLayer | Updating Camera Volume
Fra:83 Mem:126.72M (Peak 148.65M) | Time:00:00.25 | Mem:105.57M, Peak:105.57M | Scene, ViewLayer | Updating Lookup Tables
Fra:83 Mem:126.72M (Peak 148.65M) | Time:00:00.25 | Mem:105.65M, Peak:105.65M | Scene, ViewLayer | Updating Lights
Fra:83 Mem:126.72M (Peak 148.65M) | Time:00:00.25 | Mem:105.65M, Peak:105.65M | Scene, ViewLayer | Updating Lights | Computing tree
Fra:83 Mem:126.73M (Peak 148.65M) | Time:00:00.25 | Mem:105.66M, Peak:105.66M | Scene, ViewLayer | Updating Integrator
Fra:83 Mem:126.73M (Peak 148.65M) | Time:00:00.25 | Mem:105.66M, Peak:105.66M | Scene, ViewLayer | Updating Film
Fra:83 Mem:126.73M (Peak 148.65M) | Time:00:00.25 | Mem:105.58M, Peak:105.66M | Scene, ViewLayer | Updating Lookup Tables
Fra:83 Mem:126.73M (Peak 148.65M) | Time:00:00.25 | Mem:105.67M, Peak:105.67M | Scene, ViewLayer | Updating Baking
Fra:83 Mem:126.73M (Peak 148.65M) | Time:00:00.25 | Mem:105.67M, Peak:105.67M | Scene, ViewLayer | Updating Device | Writing constant memory
Fra:83 Mem:126.74M (Peak 148.65M) | Time:00:00.25 | Mem:105.67M, Peak:105.67M | Scene, ViewLayer | Sample 0/16
Fra:83 Mem:132.94M (Peak 148.65M) | Time:00:00.62 | Remaining:00:05.46 | Mem:111.86M, Peak:111.86M | Scene, ViewLayer | Sample 1/16
Fra:83 Mem:135.68M (Peak 148.65M) | Time:00:05.93 | Mem:111.86M, Peak:111.86M | Scene, ViewLayer | Sample 16/16
Fra:83 Mem:135.68M (Peak 148.65M) | Time:00:05.93 | Mem:111.86M, Peak:111.86M | Scene, ViewLayer | Finished
Fra:83 Mem:23.76M (Peak 148.65M) | Time:00:05.94 | Compositing
Saved: 'work/preview-frames/mj/frame_0083.png'
Time: 00:06.09 (Saving: 00:00.10)

Fra:84 Mem:22.05M (Peak 22.05M) | Time:00:00.00 | Mem:0.00M, Peak:0.00M | Scene, ViewLayer | Synchronizing object | 柔光主灯
Fra:84 Mem:22.05M (Peak 22.05M) | Time:00:00.00 | Mem:0.00M, Peak:0.00M | Scene, ViewLayer | Synchronizing object | 内圈 · 古金细边
Fra:84 Mem:22.05M (Peak 22.05M) | Time:00:00.00 | Mem:0.00M, Peak:0.00M | Scene, ViewLayer | Synchronizing object | 正面均匀补光
Fra:84 Mem:22.06M (Peak 22.06M) | Time:00:00.00 | Mem:0.00M, Peak:0.00M | Scene, ViewLayer | Synchronizing object | 顶部金光
Fra:84 Mem:22.06M (Peak 22.06M) | Time:00:00.00 | Mem:0.00M, Peak:0.00M | Scene, ViewLayer | Synchronizing object | 主体平面 · 完整视差合成
Fra:84 Mem:22.06M (Peak 22.06M) | Time:00:00.00 | Mem:0.00M, Peak:0.00M | Scene, ViewLayer | Synchronizing object | 外圈 · 全息压边
Fra:84 Mem:22.08M (Peak 22.08M) | Time:00:00.00 | Mem:0.00M, Peak:0.00M | Scene, ViewLayer | Synchronizing object | 文字平面 · Alpha PNG
Fra:84 Mem:22.09M (Peak 22.09M) | Time:00:00.00 | Mem:0.00M, Peak:0.00M | Scene, ViewLayer | Initializing
Fra:84 Mem:22.07M (Peak 22.09M) | Time:00:00.00 | Mem:0.00M, Peak:0.00M | Scene, ViewLayer | Updating Images | Loading text.png
Fra:84 Mem:22.07M (Peak 22.09M) | Time:00:00.00 | Mem:0.00M, Peak:0.00M | Scene, ViewLayer | Updating Images | Loading subject.png
Fra:84 Mem:85.37M (Peak 85.37M) | Time:00:00.10 | Mem:21.09M, Peak:21.09M | Scene, ViewLayer | Updating Images | Loading lineart.png
Fra:84 Mem:85.36M (Peak 106.47M) | Time:00:00.12 | Mem:42.19M, Peak:42.19M | Scene, ViewLayer | Updating Images | Loading background.png
Fra:84 Mem:126.57M (Peak 148.65M) | Time:00:00.25 | Mem:105.47M, Peak:105.47M | Scene, ViewLayer | Waiting for render to start
Fra:84 Mem:126.57M (Peak 148.65M) | Time:00:00.25 | Mem:105.47M, Peak:105.47M | Scene, ViewLayer | Updating Scene
Fra:84 Mem:126.57M (Peak 148.65M) | Time:00:00.25 | Mem:105.47M, Peak:105.47M | Scene, ViewLayer | Updating Shaders
Fra:84 Mem:126.57M (Peak 148.65M) | Time:00:00.25 | Mem:105.47M, Peak:105.47M | Scene, ViewLayer | Loading render kernels (may take a few minutes the first time)
Fra:84 Mem:126.69M (Peak 148.65M) | Time:00:00.25 | Mem:105.50M, Peak:105.50M | Scene, ViewLayer | Updating Procedurals
Fra:84 Mem:126.69M (Peak 148.65M) | Time:00:00.25 | Mem:105.50M, Peak:105.50M | Scene, ViewLayer | Updating Background
Fra:84 Mem:126.69M (Peak 148.65M) | Time:00:00.25 | Mem:105.50M, Peak:105.50M | Scene, ViewLayer | Updating Camera
Fra:84 Mem:126.69M (Peak 148.65M) | Time:00:00.25 | Mem:105.50M, Peak:105.50M | Scene, ViewLayer | Updating Meshes Flags
Fra:84 Mem:126.69M (Peak 148.65M) | Time:00:00.25 | Mem:105.50M, Peak:105.50M | Scene, ViewLayer | Updating Objects
Fra:84 Mem:126.69M (Peak 148.65M) | Time:00:00.25 | Mem:105.50M, Peak:105.50M | Scene, ViewLayer | Updating Objects | Copying Transformations to device
Fra:84 Mem:126.69M (Peak 148.65M) | Time:00:00.25 | Mem:105.51M, Peak:105.51M | Scene, ViewLayer | Updating Particle Systems
Fra:84 Mem:126.69M (Peak 148.65M) | Time:00:00.25 | Mem:105.51M, Peak:105.51M | Scene, ViewLayer | Updating Particle Systems | Copying Particles to device
Fra:84 Mem:126.69M (Peak 148.65M) | Time:00:00.25 | Mem:105.51M, Peak:105.51M | Scene, ViewLayer | Updating Meshes
Fra:84 Mem:126.69M (Peak 148.65M) | Time:00:00.25 | Mem:105.51M, Peak:105.51M | Scene, ViewLayer | Updating Objects | Applying Static Transformations
Fra:84 Mem:126.69M (Peak 148.65M) | Time:00:00.25 | Mem:105.51M, Peak:105.51M | Scene, ViewLayer | Updating Mesh | Computing attributes
Fra:84 Mem:126.70M (Peak 148.65M) | Time:00:00.25 | Mem:105.51M, Peak:105.51M | Scene, ViewLayer | Updating Mesh | Copying Attributes to device
Fra:84 Mem:126.70M (Peak 148.65M) | Time:00:00.25 | Mem:105.52M, Peak:105.52M | Scene, ViewLayer | Updating Scene BVH | Building
Fra:84 Mem:126.70M (Peak 148.65M) | Time:00:00.25 | Mem:105.52M, Peak:105.52M | Scene, ViewLayer | Updating Scene BVH | Building BVH
Fra:84 Mem:126.70M (Peak 148.65M) | Time:00:00.25 | Mem:105.53M, Peak:105.53M | Scene, ViewLayer | Updating Scene BVH | Building BVH 0%
Fra:84 Mem:126.70M (Peak 148.65M) | Time:00:00.25 | Mem:105.56M, Peak:105.57M | Scene, ViewLayer | Updating Scene BVH | Copying BVH to device
Fra:84 Mem:126.70M (Peak 148.65M) | Time:00:00.25 | Mem:105.56M, Peak:105.57M | Scene, ViewLayer | Updating Mesh | Computing normals
Fra:84 Mem:126.72M (Peak 148.65M) | Time:00:00.25 | Mem:105.56M, Peak:105.57M | Scene, ViewLayer | Updating Mesh | Copying Mesh to device
Fra:84 Mem:126.72M (Peak 148.65M) | Time:00:00.25 | Mem:105.57M, Peak:105.57M | Scene, ViewLayer | Updating Objects Flags
Fra:84 Mem:126.72M (Peak 148.65M) | Time:00:00.25 | Mem:105.57M, Peak:105.57M | Scene, ViewLayer | Updating Primitive Offsets
Fra:84 Mem:126.72M (Peak 148.65M) | Time:00:00.25 | Mem:105.57M, Peak:105.57M | Scene, ViewLayer | Updating Images
Fra:84 Mem:126.72M (Peak 148.65M) | Time:00:00.25 | Mem:105.57M, Peak:105.57M | Scene, ViewLayer | Updating Camera Volume
Fra:84 Mem:126.72M (Peak 148.65M) | Time:00:00.25 | Mem:105.57M, Peak:105.57M | Scene, ViewLayer | Updating Lookup Tables
Fra:84 Mem:126.72M (Peak 148.65M) | Time:00:00.25 | Mem:105.65M, Peak:105.65M | Scene, ViewLayer | Updating Lights
Fra:84 Mem:126.72M (Peak 148.65M) | Time:00:00.25 | Mem:105.65M, Peak:105.65M | Scene, ViewLayer | Updating Lights | Computing tree
Fra:84 Mem:126.73M (Peak 148.65M) | Time:00:00.25 | Mem:105.66M, Peak:105.66M | Scene, ViewLayer | Updating Integrator
Fra:84 Mem:126.73M (Peak 148.65M) | Time:00:00.25 | Mem:105.66M, Peak:105.66M | Scene, ViewLayer | Updating Film
Fra:84 Mem:126.73M (Peak 148.65M) | Time:00:00.25 | Mem:105.58M, Peak:105.66M | Scene, ViewLayer | Updating Lookup Tables
Fra:84 Mem:126.73M (Peak 148.65M) | Time:00:00.25 | Mem:105.67M, Peak:105.67M | Scene, ViewLayer | Updating Baking
Fra:84 Mem:126.73M (Peak 148.65M) | Time:00:00.25 | Mem:105.67M, Peak:105.67M | Scene, ViewLayer | Updating Device | Writing constant memory
Fra:84 Mem:126.74M (Peak 148.65M) | Time:00:00.25 | Mem:105.67M, Peak:105.67M | Scene, ViewLayer | Sample 0/16
Fra:84 Mem:132.94M (Peak 148.65M) | Time:00:00.62 | Remaining:00:05.57 | Mem:111.86M, Peak:111.86M | Scene, ViewLayer | Sample 1/16
Fra:84 Mem:135.68M (Peak 148.65M) | Time:00:05.92 | Mem:111.86M, Peak:111.86M | Scene, ViewLayer | Sample 16/16
Fra:84 Mem:135.68M (Peak 148.65M) | Time:00:05.92 | Mem:111.86M, Peak:111.86M | Scene, ViewLayer | Finished
Fra:84 Mem:23.76M (Peak 148.65M) | Time:00:05.93 | Compositing
Saved: 'work/preview-frames/mj/frame_0084.png'
Time: 00:06.07 (Saving: 00:00.10)

Fra:85 Mem:22.05M (Peak 22.05M) | Time:00:00.00 | Mem:0.00M, Peak:0.00M | Scene, ViewLayer | Synchronizing object | 柔光主灯
Fra:85 Mem:22.05M (Peak 22.05M) | Time:00:00.00 | Mem:0.00M, Peak:0.00M | Scene, ViewLayer | Synchronizing object | 内圈 · 古金细边
Fra:85 Mem:22.05M (Peak 22.05M) | Time:00:00.00 | Mem:0.00M, Peak:0.00M | Scene, ViewLayer | Synchronizing object | 正面均匀补光
Fra:85 Mem:22.06M (Peak 22.06M) | Time:00:00.00 | Mem:0.00M, Peak:0.00M | Scene, ViewLayer | Synchronizing object | 顶部金光
Fra:85 Mem:22.06M (Peak 22.06M) | Time:00:00.00 | Mem:0.00M, Peak:0.00M | Scene, ViewLayer | Synchronizing object | 主体平面 · 完整视差合成
Fra:85 Mem:22.06M (Peak 22.06M) | Time:00:00.00 | Mem:0.00M, Peak:0.00M | Scene, ViewLayer | Synchronizing object | 外圈 · 全息压边
Fra:85 Mem:22.08M (Peak 22.08M) | Time:00:00.00 | Mem:0.00M, Peak:0.00M | Scene, ViewLayer | Synchronizing object | 文字平面 · Alpha PNG
Fra:85 Mem:22.09M (Peak 22.09M) | Time:00:00.00 | Mem:0.00M, Peak:0.00M | Scene, ViewLayer | Initializing
Fra:85 Mem:22.07M (Peak 22.09M) | Time:00:00.00 | Mem:0.00M, Peak:0.00M | Scene, ViewLayer | Updating Images | Loading text.png
Fra:85 Mem:22.07M (Peak 22.09M) | Time:00:00.00 | Mem:0.00M, Peak:0.00M | Scene, ViewLayer | Updating Images | Loading subject.png
Fra:85 Mem:64.27M (Peak 85.36M) | Time:00:00.09 | Mem:21.09M, Peak:21.09M | Scene, ViewLayer | Updating Images | Loading lineart.png
Fra:85 Mem:85.36M (Peak 106.47M) | Time:00:00.12 | Mem:42.19M, Peak:42.19M | Scene, ViewLayer | Updating Images | Loading background.png
Fra:85 Mem:126.57M (Peak 148.65M) | Time:00:00.26 | Mem:105.47M, Peak:105.47M | Scene, ViewLayer | Waiting for render to start
Fra:85 Mem:126.57M (Peak 148.65M) | Time:00:00.26 | Mem:105.47M, Peak:105.47M | Scene, ViewLayer | Updating Scene
Fra:85 Mem:126.57M (Peak 148.65M) | Time:00:00.26 | Mem:105.47M, Peak:105.47M | Scene, ViewLayer | Updating Shaders
Fra:85 Mem:126.57M (Peak 148.65M) | Time:00:00.26 | Mem:105.47M, Peak:105.47M | Scene, ViewLayer | Loading render kernels (may take a few minutes the first time)
Fra:85 Mem:126.69M (Peak 148.65M) | Time:00:00.26 | Mem:105.50M, Peak:105.50M | Scene, ViewLayer | Updating Procedurals
Fra:85 Mem:126.69M (Peak 148.65M) | Time:00:00.26 | Mem:105.50M, Peak:105.50M | Scene, ViewLayer | Updating Background
Fra:85 Mem:126.69M (Peak 148.65M) | Time:00:00.26 | Mem:105.50M, Peak:105.50M | Scene, ViewLayer | Updating Camera
Fra:85 Mem:126.69M (Peak 148.65M) | Time:00:00.26 | Mem:105.50M, Peak:105.50M | Scene, ViewLayer | Updating Meshes Flags
Fra:85 Mem:126.69M (Peak 148.65M) | Time:00:00.26 | Mem:105.50M, Peak:105.50M | Scene, ViewLayer | Updating Objects
Fra:85 Mem:126.69M (Peak 148.65M) | Time:00:00.26 | Mem:105.50M, Peak:105.50M | Scene, ViewLayer | Updating Objects | Copying Transformations to device
Fra:85 Mem:126.69M (Peak 148.65M) | Time:00:00.26 | Mem:105.51M, Peak:105.51M | Scene, ViewLayer | Updating Particle Systems
Fra:85 Mem:126.69M (Peak 148.65M) | Time:00:00.26 | Mem:105.51M, Peak:105.51M | Scene, ViewLayer | Updating Particle Systems | Copying Particles to device
Fra:85 Mem:126.69M (Peak 148.65M) | Time:00:00.26 | Mem:105.51M, Peak:105.51M | Scene, ViewLayer | Updating Meshes
Fra:85 Mem:126.69M (Peak 148.65M) | Time:00:00.26 | Mem:105.51M, Peak:105.51M | Scene, ViewLayer | Updating Objects | Applying Static Transformations
Fra:85 Mem:126.69M (Peak 148.65M) | Time:00:00.26 | Mem:105.51M, Peak:105.51M | Scene, ViewLayer | Updating Mesh | Computing attributes
Fra:85 Mem:126.70M (Peak 148.65M) | Time:00:00.26 | Mem:105.51M, Peak:105.51M | Scene, ViewLayer | Updating Mesh | Copying Attributes to device
Fra:85 Mem:126.70M (Peak 148.65M) | Time:00:00.26 | Mem:105.52M, Peak:105.52M | Scene, ViewLayer | Updating Scene BVH | Building
Fra:85 Mem:126.70M (Peak 148.65M) | Time:00:00.26 | Mem:105.52M, Peak:105.52M | Scene, ViewLayer | Updating Scene BVH | Building BVH
Fra:85 Mem:126.70M (Peak 148.65M) | Time:00:00.26 | Mem:105.53M, Peak:105.53M | Scene, ViewLayer | Updating Scene BVH | Building BVH 0%
Fra:85 Mem:126.70M (Peak 148.65M) | Time:00:00.26 | Mem:105.56M, Peak:105.57M | Scene, ViewLayer | Updating Scene BVH | Copying BVH to device
Fra:85 Mem:126.70M (Peak 148.65M) | Time:00:00.26 | Mem:105.56M, Peak:105.57M | Scene, ViewLayer | Updating Mesh | Computing normals
Fra:85 Mem:126.72M (Peak 148.65M) | Time:00:00.26 | Mem:105.56M, Peak:105.57M | Scene, ViewLayer | Updating Mesh | Copying Mesh to device
Fra:85 Mem:126.72M (Peak 148.65M) | Time:00:00.26 | Mem:105.57M, Peak:105.57M | Scene, ViewLayer | Updating Objects Flags
Fra:85 Mem:126.72M (Peak 148.65M) | Time:00:00.26 | Mem:105.57M, Peak:105.57M | Scene, ViewLayer | Updating Primitive Offsets
Fra:85 Mem:126.72M (Peak 148.65M) | Time:00:00.26 | Mem:105.57M, Peak:105.57M | Scene, ViewLayer | Updating Images
Fra:85 Mem:126.72M (Peak 148.65M) | Time:00:00.26 | Mem:105.57M, Peak:105.57M | Scene, ViewLayer | Updating Camera Volume
Fra:85 Mem:126.72M (Peak 148.65M) | Time:00:00.26 | Mem:105.57M, Peak:105.57M | Scene, ViewLayer | Updating Lookup Tables
Fra:85 Mem:126.72M (Peak 148.65M) | Time:00:00.26 | Mem:105.65M, Peak:105.65M | Scene, ViewLayer | Updating Lights
Fra:85 Mem:126.72M (Peak 148.65M) | Time:00:00.26 | Mem:105.65M, Peak:105.65M | Scene, ViewLayer | Updating Lights | Computing tree
Fra:85 Mem:126.73M (Peak 148.65M) | Time:00:00.26 | Mem:105.66M, Peak:105.66M | Scene, ViewLayer | Updating Integrator
Fra:85 Mem:126.73M (Peak 148.65M) | Time:00:00.26 | Mem:105.66M, Peak:105.66M | Scene, ViewLayer | Updating Film
Fra:85 Mem:126.73M (Peak 148.65M) | Time:00:00.26 | Mem:105.58M, Peak:105.66M | Scene, ViewLayer | Updating Lookup Tables
Fra:85 Mem:126.73M (Peak 148.65M) | Time:00:00.26 | Mem:105.67M, Peak:105.67M | Scene, ViewLayer | Updating Baking
Fra:85 Mem:126.73M (Peak 148.65M) | Time:00:00.26 | Mem:105.67M, Peak:105.67M | Scene, ViewLayer | Updating Device | Writing constant memory
Fra:85 Mem:126.74M (Peak 148.65M) | Time:00:00.26 | Mem:105.67M, Peak:105.67M | Scene, ViewLayer | Sample 0/16
Fra:85 Mem:132.94M (Peak 148.65M) | Time:00:00.62 | Remaining:00:05.42 | Mem:111.86M, Peak:111.86M | Scene, ViewLayer | Sample 1/16
Fra:85 Mem:135.68M (Peak 148.65M) | Time:00:05.89 | Mem:111.86M, Peak:111.86M | Scene, ViewLayer | Sample 16/16
Fra:85 Mem:135.68M (Peak 148.65M) | Time:00:05.89 | Mem:111.86M, Peak:111.86M | Scene, ViewLayer | Finished
Fra:85 Mem:23.76M (Peak 148.65M) | Time:00:05.90 | Compositing
Saved: 'work/preview-frames/mj/frame_0085.png'
Time: 00:06.00 (Saving: 00:00.05)

Fra:86 Mem:22.05M (Peak 22.05M) | Time:00:00.00 | Mem:0.00M, Peak:0.00M | Scene, ViewLayer | Synchronizing object | 柔光主灯
Fra:86 Mem:22.05M (Peak 22.05M) | Time:00:00.00 | Mem:0.00M, Peak:0.00M | Scene, ViewLayer | Synchronizing object | 内圈 · 古金细边
Fra:86 Mem:22.05M (Peak 22.05M) | Time:00:00.00 | Mem:0.00M, Peak:0.00M | Scene, ViewLayer | Synchronizing object | 正面均匀补光
Fra:86 Mem:22.06M (Peak 22.06M) | Time:00:00.00 | Mem:0.00M, Peak:0.00M | Scene, ViewLayer | Synchronizing object | 顶部金光
Fra:86 Mem:22.06M (Peak 22.06M) | Time:00:00.00 | Mem:0.00M, Peak:0.00M | Scene, ViewLayer | Synchronizing object | 主体平面 · 完整视差合成
Fra:86 Mem:22.06M (Peak 22.06M) | Time:00:00.00 | Mem:0.00M, Peak:0.00M | Scene, ViewLayer | Synchronizing object | 外圈 · 全息压边
Fra:86 Mem:22.08M (Peak 22.08M) | Time:00:00.00 | Mem:0.00M, Peak:0.00M | Scene, ViewLayer | Synchronizing object | 文字平面 · Alpha PNG
Fra:86 Mem:22.09M (Peak 22.09M) | Time:00:00.00 | Mem:0.00M, Peak:0.00M | Scene, ViewLayer | Initializing
Fra:86 Mem:22.07M (Peak 22.09M) | Time:00:00.00 | Mem:0.00M, Peak:0.00M | Scene, ViewLayer | Updating Images | Loading text.png
Fra:86 Mem:22.07M (Peak 22.09M) | Time:00:00.00 | Mem:0.00M, Peak:0.00M | Scene, ViewLayer | Updating Images | Loading subject.png
Fra:86 Mem:64.27M (Peak 85.36M) | Time:00:00.10 | Mem:21.09M, Peak:21.09M | Scene, ViewLayer | Updating Images | Loading lineart.png
Fra:86 Mem:85.36M (Peak 106.47M) | Time:00:00.12 | Mem:42.19M, Peak:42.19M | Scene, ViewLayer | Updating Images | Loading background.png
Fra:86 Mem:126.57M (Peak 148.65M) | Time:00:00.25 | Mem:105.47M, Peak:105.47M | Scene, ViewLayer | Waiting for render to start
Fra:86 Mem:126.57M (Peak 148.65M) | Time:00:00.25 | Mem:105.47M, Peak:105.47M | Scene, ViewLayer | Updating Scene
Fra:86 Mem:126.57M (Peak 148.65M) | Time:00:00.25 | Mem:105.47M, Peak:105.47M | Scene, ViewLayer | Updating Shaders
Fra:86 Mem:126.57M (Peak 148.65M) | Time:00:00.25 | Mem:105.47M, Peak:105.47M | Scene, ViewLayer | Loading render kernels (may take a few minutes the first time)
Fra:86 Mem:126.69M (Peak 148.65M) | Time:00:00.25 | Mem:105.50M, Peak:105.50M | Scene, ViewLayer | Updating Procedurals
Fra:86 Mem:126.69M (Peak 148.65M) | Time:00:00.25 | Mem:105.50M, Peak:105.50M | Scene, ViewLayer | Updating Background
Fra:86 Mem:126.69M (Peak 148.65M) | Time:00:00.25 | Mem:105.50M, Peak:105.50M | Scene, ViewLayer | Updating Camera
Fra:86 Mem:126.69M (Peak 148.65M) | Time:00:00.25 | Mem:105.50M, Peak:105.50M | Scene, ViewLayer | Updating Meshes Flags
Fra:86 Mem:126.69M (Peak 148.65M) | Time:00:00.25 | Mem:105.50M, Peak:105.50M | Scene, ViewLayer | Updating Objects
Fra:86 Mem:126.69M (Peak 148.65M) | Time:00:00.25 | Mem:105.50M, Peak:105.50M | Scene, ViewLayer | Updating Objects | Copying Transformations to device
Fra:86 Mem:126.69M (Peak 148.65M) | Time:00:00.25 | Mem:105.51M, Peak:105.51M | Scene, ViewLayer | Updating Particle Systems
Fra:86 Mem:126.69M (Peak 148.65M) | Time:00:00.25 | Mem:105.51M, Peak:105.51M | Scene, ViewLayer | Updating Particle Systems | Copying Particles to device
Fra:86 Mem:126.69M (Peak 148.65M) | Time:00:00.25 | Mem:105.51M, Peak:105.51M | Scene, ViewLayer | Updating Meshes
Fra:86 Mem:126.69M (Peak 148.65M) | Time:00:00.25 | Mem:105.51M, Peak:105.51M | Scene, ViewLayer | Updating Objects | Applying Static Transformations
Fra:86 Mem:126.69M (Peak 148.65M) | Time:00:00.25 | Mem:105.51M, Peak:105.51M | Scene, ViewLayer | Updating Mesh | Computing attributes
Fra:86 Mem:126.70M (Peak 148.65M) | Time:00:00.25 | Mem:105.51M, Peak:105.51M | Scene, ViewLayer | Updating Mesh | Copying Attributes to device
Fra:86 Mem:126.70M (Peak 148.65M) | Time:00:00.25 | Mem:105.52M, Peak:105.52M | Scene, ViewLayer | Updating Scene BVH | Building
Fra:86 Mem:126.70M (Peak 148.65M) | Time:00:00.25 | Mem:105.52M, Peak:105.52M | Scene, ViewLayer | Updating Scene BVH | Building BVH
Fra:86 Mem:126.70M (Peak 148.65M) | Time:00:00.25 | Mem:105.53M, Peak:105.53M | Scene, ViewLayer | Updating Scene BVH | Building BVH 0%
Fra:86 Mem:126.70M (Peak 148.65M) | Time:00:00.25 | Mem:105.55M, Peak:105.57M | Scene, ViewLayer | Updating Scene BVH | Copying BVH to device
Fra:86 Mem:126.70M (Peak 148.65M) | Time:00:00.25 | Mem:105.55M, Peak:105.57M | Scene, ViewLayer | Updating Mesh | Computing normals
Fra:86 Mem:126.72M (Peak 148.65M) | Time:00:00.25 | Mem:105.55M, Peak:105.57M | Scene, ViewLayer | Updating Mesh | Copying Mesh to device
Fra:86 Mem:126.72M (Peak 148.65M) | Time:00:00.25 | Mem:105.57M, Peak:105.57M | Scene, ViewLayer | Updating Objects Flags
Fra:86 Mem:126.72M (Peak 148.65M) | Time:00:00.25 | Mem:105.57M, Peak:105.57M | Scene, ViewLayer | Updating Primitive Offsets
Fra:86 Mem:126.72M (Peak 148.65M) | Time:00:00.25 | Mem:105.57M, Peak:105.57M | Scene, ViewLayer | Updating Images
Fra:86 Mem:126.72M (Peak 148.65M) | Time:00:00.25 | Mem:105.57M, Peak:105.57M | Scene, ViewLayer | Updating Camera Volume
Fra:86 Mem:126.72M (Peak 148.65M) | Time:00:00.25 | Mem:105.57M, Peak:105.57M | Scene, ViewLayer | Updating Lookup Tables
Fra:86 Mem:126.72M (Peak 148.65M) | Time:00:00.25 | Mem:105.65M, Peak:105.65M | Scene, ViewLayer | Updating Lights
Fra:86 Mem:126.72M (Peak 148.65M) | Time:00:00.25 | Mem:105.65M, Peak:105.65M | Scene, ViewLayer | Updating Lights | Computing tree
Fra:86 Mem:126.73M (Peak 148.65M) | Time:00:00.25 | Mem:105.66M, Peak:105.66M | Scene, ViewLayer | Updating Integrator
Fra:86 Mem:126.73M (Peak 148.65M) | Time:00:00.25 | Mem:105.66M, Peak:105.66M | Scene, ViewLayer | Updating Film
Fra:86 Mem:126.73M (Peak 148.65M) | Time:00:00.25 | Mem:105.58M, Peak:105.66M | Scene, ViewLayer | Updating Lookup Tables
Fra:86 Mem:126.73M (Peak 148.65M) | Time:00:00.25 | Mem:105.67M, Peak:105.67M | Scene, ViewLayer | Updating Baking
Fra:86 Mem:126.73M (Peak 148.65M) | Time:00:00.25 | Mem:105.67M, Peak:105.67M | Scene, ViewLayer | Updating Device | Writing constant memory
Fra:86 Mem:126.74M (Peak 148.65M) | Time:00:00.25 | Mem:105.67M, Peak:105.67M | Scene, ViewLayer | Sample 0/16
Fra:86 Mem:132.94M (Peak 148.65M) | Time:00:00.61 | Remaining:00:05.43 | Mem:111.86M, Peak:111.86M | Scene, ViewLayer | Sample 1/16
Fra:86 Mem:135.68M (Peak 148.65M) | Time:00:05.90 | Mem:111.86M, Peak:111.86M | Scene, ViewLayer | Sample 16/16
Fra:86 Mem:135.68M (Peak 148.65M) | Time:00:05.90 | Mem:111.86M, Peak:111.86M | Scene, ViewLayer | Finished
Fra:86 Mem:23.76M (Peak 148.65M) | Time:00:05.90 | Compositing
Saved: 'work/preview-frames/mj/frame_0086.png'
Time: 00:05.99 (Saving: 00:00.03)

Fra:87 Mem:22.05M (Peak 22.05M) | Time:00:00.00 | Mem:0.00M, Peak:0.00M | Scene, ViewLayer | Synchronizing object | 柔光主灯
Fra:87 Mem:22.05M (Peak 22.05M) | Time:00:00.00 | Mem:0.00M, Peak:0.00M | Scene, ViewLayer | Synchronizing object | 内圈 · 古金细边
Fra:87 Mem:22.05M (Peak 22.05M) | Time:00:00.00 | Mem:0.00M, Peak:0.00M | Scene, ViewLayer | Synchronizing object | 正面均匀补光
Fra:87 Mem:22.06M (Peak 22.06M) | Time:00:00.00 | Mem:0.00M, Peak:0.00M | Scene, ViewLayer | Synchronizing object | 顶部金光
Fra:87 Mem:22.06M (Peak 22.06M) | Time:00:00.00 | Mem:0.00M, Peak:0.00M | Scene, ViewLayer | Synchronizing object | 主体平面 · 完整视差合成
Fra:87 Mem:22.06M (Peak 22.06M) | Time:00:00.00 | Mem:0.00M, Peak:0.00M | Scene, ViewLayer | Synchronizing object | 外圈 · 全息压边
Fra:87 Mem:22.08M (Peak 22.08M) | Time:00:00.00 | Mem:0.00M, Peak:0.00M | Scene, ViewLayer | Synchronizing object | 文字平面 · Alpha PNG
Fra:87 Mem:22.09M (Peak 22.09M) | Time:00:00.00 | Mem:0.00M, Peak:0.00M | Scene, ViewLayer | Initializing
Fra:87 Mem:22.07M (Peak 22.09M) | Time:00:00.00 | Mem:0.00M, Peak:0.00M | Scene, ViewLayer | Updating Images | Loading text.png
Fra:87 Mem:22.07M (Peak 22.09M) | Time:00:00.00 | Mem:0.00M, Peak:0.00M | Scene, ViewLayer | Updating Images | Loading subject.png
Fra:87 Mem:64.27M (Peak 85.36M) | Time:00:00.09 | Mem:21.09M, Peak:21.09M | Scene, ViewLayer | Updating Images | Loading lineart.png
Fra:87 Mem:85.36M (Peak 106.47M) | Time:00:00.12 | Mem:42.19M, Peak:42.19M | Scene, ViewLayer | Updating Images | Loading background.png
Fra:87 Mem:126.57M (Peak 148.65M) | Time:00:00.25 | Mem:105.47M, Peak:105.47M | Scene, ViewLayer | Waiting for render to start
Fra:87 Mem:126.57M (Peak 148.65M) | Time:00:00.25 | Mem:105.47M, Peak:105.47M | Scene, ViewLayer | Updating Scene
Fra:87 Mem:126.57M (Peak 148.65M) | Time:00:00.25 | Mem:105.47M, Peak:105.47M | Scene, ViewLayer | Updating Shaders
Fra:87 Mem:126.57M (Peak 148.65M) | Time:00:00.25 | Mem:105.47M, Peak:105.47M | Scene, ViewLayer | Loading render kernels (may take a few minutes the first time)
Fra:87 Mem:126.69M (Peak 148.65M) | Time:00:00.25 | Mem:105.50M, Peak:105.50M | Scene, ViewLayer | Updating Procedurals
Fra:87 Mem:126.69M (Peak 148.65M) | Time:00:00.25 | Mem:105.50M, Peak:105.50M | Scene, ViewLayer | Updating Background
Fra:87 Mem:126.69M (Peak 148.65M) | Time:00:00.25 | Mem:105.50M, Peak:105.50M | Scene, ViewLayer | Updating Camera
Fra:87 Mem:126.69M (Peak 148.65M) | Time:00:00.25 | Mem:105.50M, Peak:105.50M | Scene, ViewLayer | Updating Meshes Flags
Fra:87 Mem:126.69M (Peak 148.65M) | Time:00:00.25 | Mem:105.50M, Peak:105.50M | Scene, ViewLayer | Updating Objects
Fra:87 Mem:126.69M (Peak 148.65M) | Time:00:00.25 | Mem:105.50M, Peak:105.50M | Scene, ViewLayer | Updating Objects | Copying Transformations to device
Fra:87 Mem:126.69M (Peak 148.65M) | Time:00:00.25 | Mem:105.51M, Peak:105.51M | Scene, ViewLayer | Updating Particle Systems
Fra:87 Mem:126.69M (Peak 148.65M) | Time:00:00.25 | Mem:105.51M, Peak:105.51M | Scene, ViewLayer | Updating Particle Systems | Copying Particles to device
Fra:87 Mem:126.69M (Peak 148.65M) | Time:00:00.25 | Mem:105.51M, Peak:105.51M | Scene, ViewLayer | Updating Meshes
Fra:87 Mem:126.69M (Peak 148.65M) | Time:00:00.25 | Mem:105.51M, Peak:105.51M | Scene, ViewLayer | Updating Objects | Applying Static Transformations
Fra:87 Mem:126.69M (Peak 148.65M) | Time:00:00.25 | Mem:105.51M, Peak:105.51M | Scene, ViewLayer | Updating Mesh | Computing attributes
Fra:87 Mem:126.70M (Peak 148.65M) | Time:00:00.25 | Mem:105.51M, Peak:105.51M | Scene, ViewLayer | Updating Mesh | Copying Attributes to device
Fra:87 Mem:126.70M (Peak 148.65M) | Time:00:00.25 | Mem:105.52M, Peak:105.52M | Scene, ViewLayer | Updating Scene BVH | Building
Fra:87 Mem:126.70M (Peak 148.65M) | Time:00:00.25 | Mem:105.52M, Peak:105.52M | Scene, ViewLayer | Updating Scene BVH | Building BVH
Fra:87 Mem:126.70M (Peak 148.65M) | Time:00:00.25 | Mem:105.53M, Peak:105.53M | Scene, ViewLayer | Updating Scene BVH | Building BVH 0%
Fra:87 Mem:126.70M (Peak 148.65M) | Time:00:00.25 | Mem:105.55M, Peak:105.57M | Scene, ViewLayer | Updating Scene BVH | Copying BVH to device
Fra:87 Mem:126.70M (Peak 148.65M) | Time:00:00.25 | Mem:105.55M, Peak:105.57M | Scene, ViewLayer | Updating Mesh | Computing normals
Fra:87 Mem:126.72M (Peak 148.65M) | Time:00:00.25 | Mem:105.55M, Peak:105.57M | Scene, ViewLayer | Updating Mesh | Copying Mesh to device
Fra:87 Mem:126.72M (Peak 148.65M) | Time:00:00.25 | Mem:105.57M, Peak:105.57M | Scene, ViewLayer | Updating Objects Flags
Fra:87 Mem:126.72M (Peak 148.65M) | Time:00:00.25 | Mem:105.57M, Peak:105.57M | Scene, ViewLayer | Updating Primitive Offsets
Fra:87 Mem:126.72M (Peak 148.65M) | Time:00:00.25 | Mem:105.57M, Peak:105.57M | Scene, ViewLayer | Updating Images
Fra:87 Mem:126.72M (Peak 148.65M) | Time:00:00.25 | Mem:105.57M, Peak:105.57M | Scene, ViewLayer | Updating Camera Volume
Fra:87 Mem:126.72M (Peak 148.65M) | Time:00:00.25 | Mem:105.57M, Peak:105.57M | Scene, ViewLayer | Updating Lookup Tables
Fra:87 Mem:126.72M (Peak 148.65M) | Time:00:00.25 | Mem:105.65M, Peak:105.65M | Scene, ViewLayer | Updating Lights
Fra:87 Mem:126.72M (Peak 148.65M) | Time:00:00.25 | Mem:105.65M, Peak:105.65M | Scene, ViewLayer | Updating Lights | Computing tree
Fra:87 Mem:126.73M (Peak 148.65M) | Time:00:00.25 | Mem:105.66M, Peak:105.66M | Scene, ViewLayer | Updating Integrator
Fra:87 Mem:126.73M (Peak 148.65M) | Time:00:00.25 | Mem:105.66M, Peak:105.66M | Scene, ViewLayer | Updating Film
Fra:87 Mem:126.73M (Peak 148.65M) | Time:00:00.25 | Mem:105.58M, Peak:105.66M | Scene, ViewLayer | Updating Lookup Tables
Fra:87 Mem:126.73M (Peak 148.65M) | Time:00:00.25 | Mem:105.67M, Peak:105.67M | Scene, ViewLayer | Updating Baking
Fra:87 Mem:126.73M (Peak 148.65M) | Time:00:00.25 | Mem:105.67M, Peak:105.67M | Scene, ViewLayer | Updating Device | Writing constant memory
Fra:87 Mem:126.74M (Peak 148.65M) | Time:00:00.25 | Mem:105.67M, Peak:105.67M | Scene, ViewLayer | Sample 0/16
Fra:87 Mem:132.94M (Peak 148.65M) | Time:00:00.62 | Remaining:00:05.48 | Mem:111.86M, Peak:111.86M | Scene, ViewLayer | Sample 1/16
Fra:87 Mem:135.68M (Peak 148.65M) | Time:00:05.87 | Mem:111.86M, Peak:111.86M | Scene, ViewLayer | Sample 16/16
Fra:87 Mem:135.68M (Peak 148.65M) | Time:00:05.87 | Mem:111.86M, Peak:111.86M | Scene, ViewLayer | Finished
Fra:87 Mem:23.76M (Peak 148.65M) | Time:00:05.88 | Compositing
Saved: 'work/preview-frames/mj/frame_0087.png'
Time: 00:05.96 (Saving: 00:00.03)

Fra:88 Mem:22.05M (Peak 22.05M) | Time:00:00.00 | Mem:0.00M, Peak:0.00M | Scene, ViewLayer | Synchronizing object | 柔光主灯
Fra:88 Mem:22.05M (Peak 22.05M) | Time:00:00.00 | Mem:0.00M, Peak:0.00M | Scene, ViewLayer | Synchronizing object | 内圈 · 古金细边
Fra:88 Mem:22.05M (Peak 22.05M) | Time:00:00.00 | Mem:0.00M, Peak:0.00M | Scene, ViewLayer | Synchronizing object | 正面均匀补光
Fra:88 Mem:22.05M (Peak 22.05M) | Time:00:00.00 | Mem:0.00M, Peak:0.00M | Scene, ViewLayer | Synchronizing object | 顶部金光
Fra:88 Mem:22.06M (Peak 22.06M) | Time:00:00.00 | Mem:0.00M, Peak:0.00M | Scene, ViewLayer | Synchronizing object | 主体平面 · 完整视差合成
Fra:88 Mem:22.06M (Peak 22.06M) | Time:00:00.00 | Mem:0.00M, Peak:0.00M | Scene, ViewLayer | Synchronizing object | 外圈 · 全息压边
Fra:88 Mem:22.08M (Peak 22.08M) | Time:00:00.00 | Mem:0.00M, Peak:0.00M | Scene, ViewLayer | Synchronizing object | 文字平面 · Alpha PNG
Fra:88 Mem:22.09M (Peak 22.09M) | Time:00:00.00 | Mem:0.00M, Peak:0.00M | Scene, ViewLayer | Initializing
Fra:88 Mem:22.07M (Peak 22.09M) | Time:00:00.00 | Mem:0.00M, Peak:0.00M | Scene, ViewLayer | Updating Images | Loading text.png
Fra:88 Mem:22.07M (Peak 22.09M) | Time:00:00.00 | Mem:0.00M, Peak:0.00M | Scene, ViewLayer | Updating Images | Loading subject.png
Fra:88 Mem:85.37M (Peak 85.37M) | Time:00:00.10 | Mem:21.09M, Peak:21.09M | Scene, ViewLayer | Updating Images | Loading lineart.png
Fra:88 Mem:85.36M (Peak 106.47M) | Time:00:00.12 | Mem:42.19M, Peak:42.19M | Scene, ViewLayer | Updating Images | Loading background.png
Fra:88 Mem:126.57M (Peak 148.65M) | Time:00:00.25 | Mem:105.47M, Peak:105.47M | Scene, ViewLayer | Waiting for render to start
Fra:88 Mem:126.57M (Peak 148.65M) | Time:00:00.25 | Mem:105.47M, Peak:105.47M | Scene, ViewLayer | Updating Scene
Fra:88 Mem:126.57M (Peak 148.65M) | Time:00:00.26 | Mem:105.47M, Peak:105.47M | Scene, ViewLayer | Updating Shaders
Fra:88 Mem:126.57M (Peak 148.65M) | Time:00:00.26 | Mem:105.47M, Peak:105.47M | Scene, ViewLayer | Loading render kernels (may take a few minutes the first time)
Fra:88 Mem:126.69M (Peak 148.65M) | Time:00:00.26 | Mem:105.50M, Peak:105.50M | Scene, ViewLayer | Updating Procedurals
Fra:88 Mem:126.69M (Peak 148.65M) | Time:00:00.26 | Mem:105.50M, Peak:105.50M | Scene, ViewLayer | Updating Background
Fra:88 Mem:126.69M (Peak 148.65M) | Time:00:00.26 | Mem:105.50M, Peak:105.50M | Scene, ViewLayer | Updating Camera
Fra:88 Mem:126.69M (Peak 148.65M) | Time:00:00.26 | Mem:105.50M, Peak:105.50M | Scene, ViewLayer | Updating Meshes Flags
Fra:88 Mem:126.69M (Peak 148.65M) | Time:00:00.26 | Mem:105.50M, Peak:105.50M | Scene, ViewLayer | Updating Objects
Fra:88 Mem:126.69M (Peak 148.65M) | Time:00:00.26 | Mem:105.50M, Peak:105.50M | Scene, ViewLayer | Updating Objects | Copying Transformations to device
Fra:88 Mem:126.69M (Peak 148.65M) | Time:00:00.26 | Mem:105.51M, Peak:105.51M | Scene, ViewLayer | Updating Particle Systems
Fra:88 Mem:126.69M (Peak 148.65M) | Time:00:00.26 | Mem:105.51M, Peak:105.51M | Scene, ViewLayer | Updating Particle Systems | Copying Particles to device
Fra:88 Mem:126.69M (Peak 148.65M) | Time:00:00.26 | Mem:105.51M, Peak:105.51M | Scene, ViewLayer | Updating Meshes
Fra:88 Mem:126.69M (Peak 148.65M) | Time:00:00.26 | Mem:105.51M, Peak:105.51M | Scene, ViewLayer | Updating Objects | Applying Static Transformations
Fra:88 Mem:126.69M (Peak 148.65M) | Time:00:00.26 | Mem:105.51M, Peak:105.51M | Scene, ViewLayer | Updating Mesh | Computing attributes
Fra:88 Mem:126.70M (Peak 148.65M) | Time:00:00.26 | Mem:105.51M, Peak:105.51M | Scene, ViewLayer | Updating Mesh | Copying Attributes to device
Fra:88 Mem:126.70M (Peak 148.65M) | Time:00:00.26 | Mem:105.52M, Peak:105.52M | Scene, ViewLayer | Updating Scene BVH | Building
Fra:88 Mem:126.70M (Peak 148.65M) | Time:00:00.26 | Mem:105.52M, Peak:105.52M | Scene, ViewLayer | Updating Scene BVH | Building BVH
Fra:88 Mem:126.70M (Peak 148.65M) | Time:00:00.26 | Mem:105.53M, Peak:105.53M | Scene, ViewLayer | Updating Scene BVH | Building BVH 0%
Fra:88 Mem:126.70M (Peak 148.65M) | Time:00:00.26 | Mem:105.55M, Peak:105.57M | Scene, ViewLayer | Updating Scene BVH | Copying BVH to device
Fra:88 Mem:126.70M (Peak 148.65M) | Time:00:00.26 | Mem:105.55M, Peak:105.57M | Scene, ViewLayer | Updating Mesh | Computing normals
Fra:88 Mem:126.72M (Peak 148.65M) | Time:00:00.26 | Mem:105.55M, Peak:105.57M | Scene, ViewLayer | Updating Mesh | Copying Mesh to device
Fra:88 Mem:126.72M (Peak 148.65M) | Time:00:00.26 | Mem:105.57M, Peak:105.57M | Scene, ViewLayer | Updating Objects Flags
Fra:88 Mem:126.72M (Peak 148.65M) | Time:00:00.26 | Mem:105.57M, Peak:105.57M | Scene, ViewLayer | Updating Primitive Offsets
Fra:88 Mem:126.72M (Peak 148.65M) | Time:00:00.26 | Mem:105.57M, Peak:105.57M | Scene, ViewLayer | Updating Images
Fra:88 Mem:126.72M (Peak 148.65M) | Time:00:00.26 | Mem:105.57M, Peak:105.57M | Scene, ViewLayer | Updating Camera Volume
Fra:88 Mem:126.72M (Peak 148.65M) | Time:00:00.26 | Mem:105.57M, Peak:105.57M | Scene, ViewLayer | Updating Lookup Tables
Fra:88 Mem:126.72M (Peak 148.65M) | Time:00:00.26 | Mem:105.65M, Peak:105.65M | Scene, ViewLayer | Updating Lights
Fra:88 Mem:126.72M (Peak 148.65M) | Time:00:00.26 | Mem:105.65M, Peak:105.65M | Scene, ViewLayer | Updating Lights | Computing tree
Fra:88 Mem:126.73M (Peak 148.65M) | Time:00:00.26 | Mem:105.66M, Peak:105.66M | Scene, ViewLayer | Updating Integrator
Fra:88 Mem:126.73M (Peak 148.65M) | Time:00:00.26 | Mem:105.66M, Peak:105.66M | Scene, ViewLayer | Updating Film
Fra:88 Mem:126.73M (Peak 148.65M) | Time:00:00.26 | Mem:105.58M, Peak:105.66M | Scene, ViewLayer | Updating Lookup Tables
Fra:88 Mem:126.73M (Peak 148.65M) | Time:00:00.26 | Mem:105.67M, Peak:105.67M | Scene, ViewLayer | Updating Baking
Fra:88 Mem:126.73M (Peak 148.65M) | Time:00:00.26 | Mem:105.67M, Peak:105.67M | Scene, ViewLayer | Updating Device | Writing constant memory
Fra:88 Mem:126.74M (Peak 148.65M) | Time:00:00.26 | Mem:105.67M, Peak:105.67M | Scene, ViewLayer | Sample 0/16
Fra:88 Mem:132.94M (Peak 148.65M) | Time:00:00.63 | Remaining:00:05.59 | Mem:111.86M, Peak:111.86M | Scene, ViewLayer | Sample 1/16
Fra:88 Mem:135.68M (Peak 148.65M) | Time:00:05.91 | Mem:111.86M, Peak:111.86M | Scene, ViewLayer | Sample 16/16
Fra:88 Mem:135.68M (Peak 148.65M) | Time:00:05.91 | Mem:111.86M, Peak:111.86M | Scene, ViewLayer | Finished
Fra:88 Mem:23.76M (Peak 148.65M) | Time:00:05.92 | Compositing
Saved: 'work/preview-frames/mj/frame_0088.png'
Time: 00:06.00 (Saving: 00:00.03)

Fra:89 Mem:22.05M (Peak 22.05M) | Time:00:00.00 | Mem:0.00M, Peak:0.00M | Scene, ViewLayer | Synchronizing object | 柔光主灯
Fra:89 Mem:22.05M (Peak 22.05M) | Time:00:00.00 | Mem:0.00M, Peak:0.00M | Scene, ViewLayer | Synchronizing object | 内圈 · 古金细边
Fra:89 Mem:22.05M (Peak 22.05M) | Time:00:00.00 | Mem:0.00M, Peak:0.00M | Scene, ViewLayer | Synchronizing object | 正面均匀补光
Fra:89 Mem:22.06M (Peak 22.06M) | Time:00:00.00 | Mem:0.00M, Peak:0.00M | Scene, ViewLayer | Synchronizing object | 顶部金光
Fra:89 Mem:22.06M (Peak 22.06M) | Time:00:00.00 | Mem:0.00M, Peak:0.00M | Scene, ViewLayer | Synchronizing object | 主体平面 · 完整视差合成
Fra:89 Mem:22.07M (Peak 22.07M) | Time:00:00.00 | Mem:0.00M, Peak:0.00M | Scene, ViewLayer | Synchronizing object | 外圈 · 全息压边
Fra:89 Mem:22.08M (Peak 22.08M) | Time:00:00.00 | Mem:0.00M, Peak:0.00M | Scene, ViewLayer | Synchronizing object | 文字平面 · Alpha PNG
Fra:89 Mem:22.09M (Peak 22.09M) | Time:00:00.00 | Mem:0.00M, Peak:0.00M | Scene, ViewLayer | Initializing
Fra:89 Mem:22.07M (Peak 22.09M) | Time:00:00.00 | Mem:0.00M, Peak:0.00M | Scene, ViewLayer | Updating Images | Loading text.png
Fra:89 Mem:22.07M (Peak 22.09M) | Time:00:00.00 | Mem:0.00M, Peak:0.00M | Scene, ViewLayer | Updating Images | Loading subject.png
Fra:89 Mem:64.27M (Peak 85.36M) | Time:00:00.09 | Mem:21.09M, Peak:21.09M | Scene, ViewLayer | Updating Images | Loading lineart.png
Fra:89 Mem:85.36M (Peak 106.47M) | Time:00:00.13 | Mem:42.19M, Peak:42.19M | Scene, ViewLayer | Updating Images | Loading background.png
Fra:89 Mem:126.57M (Peak 148.65M) | Time:00:00.26 | Mem:105.47M, Peak:105.47M | Scene, ViewLayer | Waiting for render to start
Fra:89 Mem:126.57M (Peak 148.65M) | Time:00:00.26 | Mem:105.47M, Peak:105.47M | Scene, ViewLayer | Updating Scene
Fra:89 Mem:126.57M (Peak 148.65M) | Time:00:00.26 | Mem:105.47M, Peak:105.47M | Scene, ViewLayer | Updating Shaders
Fra:89 Mem:126.57M (Peak 148.65M) | Time:00:00.26 | Mem:105.47M, Peak:105.47M | Scene, ViewLayer | Loading render kernels (may take a few minutes the first time)
Fra:89 Mem:126.69M (Peak 148.65M) | Time:00:00.26 | Mem:105.50M, Peak:105.50M | Scene, ViewLayer | Updating Procedurals
Fra:89 Mem:126.69M (Peak 148.65M) | Time:00:00.26 | Mem:105.50M, Peak:105.50M | Scene, ViewLayer | Updating Background
Fra:89 Mem:126.69M (Peak 148.65M) | Time:00:00.26 | Mem:105.50M, Peak:105.50M | Scene, ViewLayer | Updating Camera
Fra:89 Mem:126.69M (Peak 148.65M) | Time:00:00.26 | Mem:105.50M, Peak:105.50M | Scene, ViewLayer | Updating Meshes Flags
Fra:89 Mem:126.69M (Peak 148.65M) | Time:00:00.26 | Mem:105.50M, Peak:105.50M | Scene, ViewLayer | Updating Objects
Fra:89 Mem:126.69M (Peak 148.65M) | Time:00:00.26 | Mem:105.50M, Peak:105.50M | Scene, ViewLayer | Updating Objects | Copying Transformations to device
Fra:89 Mem:126.69M (Peak 148.65M) | Time:00:00.26 | Mem:105.51M, Peak:105.51M | Scene, ViewLayer | Updating Particle Systems
Fra:89 Mem:126.69M (Peak 148.65M) | Time:00:00.26 | Mem:105.51M, Peak:105.51M | Scene, ViewLayer | Updating Particle Systems | Copying Particles to device
Fra:89 Mem:126.69M (Peak 148.65M) | Time:00:00.26 | Mem:105.51M, Peak:105.51M | Scene, ViewLayer | Updating Meshes
Fra:89 Mem:126.69M (Peak 148.65M) | Time:00:00.26 | Mem:105.51M, Peak:105.51M | Scene, ViewLayer | Updating Objects | Applying Static Transformations
Fra:89 Mem:126.69M (Peak 148.65M) | Time:00:00.26 | Mem:105.51M, Peak:105.51M | Scene, ViewLayer | Updating Mesh | Computing attributes
Fra:89 Mem:126.70M (Peak 148.65M) | Time:00:00.26 | Mem:105.51M, Peak:105.51M | Scene, ViewLayer | Updating Mesh | Copying Attributes to device
Fra:89 Mem:126.70M (Peak 148.65M) | Time:00:00.26 | Mem:105.52M, Peak:105.52M | Scene, ViewLayer | Updating Scene BVH | Building
Fra:89 Mem:126.70M (Peak 148.65M) | Time:00:00.26 | Mem:105.52M, Peak:105.52M | Scene, ViewLayer | Updating Scene BVH | Building BVH
Fra:89 Mem:126.70M (Peak 148.65M) | Time:00:00.26 | Mem:105.53M, Peak:105.53M | Scene, ViewLayer | Updating Scene BVH | Building BVH 0%
Fra:89 Mem:126.70M (Peak 148.65M) | Time:00:00.26 | Mem:105.55M, Peak:105.57M | Scene, ViewLayer | Updating Scene BVH | Copying BVH to device
Fra:89 Mem:126.70M (Peak 148.65M) | Time:00:00.26 | Mem:105.55M, Peak:105.57M | Scene, ViewLayer | Updating Mesh | Computing normals
Fra:89 Mem:126.72M (Peak 148.65M) | Time:00:00.26 | Mem:105.55M, Peak:105.57M | Scene, ViewLayer | Updating Mesh | Copying Mesh to device
Fra:89 Mem:126.72M (Peak 148.65M) | Time:00:00.26 | Mem:105.57M, Peak:105.57M | Scene, ViewLayer | Updating Objects Flags
Fra:89 Mem:126.72M (Peak 148.65M) | Time:00:00.26 | Mem:105.57M, Peak:105.57M | Scene, ViewLayer | Updating Primitive Offsets
Fra:89 Mem:126.72M (Peak 148.65M) | Time:00:00.26 | Mem:105.57M, Peak:105.57M | Scene, ViewLayer | Updating Images
Fra:89 Mem:126.72M (Peak 148.65M) | Time:00:00.26 | Mem:105.57M, Peak:105.57M | Scene, ViewLayer | Updating Camera Volume
Fra:89 Mem:126.72M (Peak 148.65M) | Time:00:00.26 | Mem:105.57M, Peak:105.57M | Scene, ViewLayer | Updating Lookup Tables
Fra:89 Mem:126.72M (Peak 148.65M) | Time:00:00.26 | Mem:105.65M, Peak:105.65M | Scene, ViewLayer | Updating Lights
Fra:89 Mem:126.72M (Peak 148.65M) | Time:00:00.26 | Mem:105.65M, Peak:105.65M | Scene, ViewLayer | Updating Lights | Computing tree
Fra:89 Mem:126.73M (Peak 148.65M) | Time:00:00.26 | Mem:105.66M, Peak:105.66M | Scene, ViewLayer | Updating Integrator
Fra:89 Mem:126.73M (Peak 148.65M) | Time:00:00.26 | Mem:105.66M, Peak:105.66M | Scene, ViewLayer | Updating Film
Fra:89 Mem:126.73M (Peak 148.65M) | Time:00:00.26 | Mem:105.58M, Peak:105.66M | Scene, ViewLayer | Updating Lookup Tables
Fra:89 Mem:126.73M (Peak 148.65M) | Time:00:00.26 | Mem:105.67M, Peak:105.67M | Scene, ViewLayer | Updating Baking
Fra:89 Mem:126.73M (Peak 148.65M) | Time:00:00.26 | Mem:105.67M, Peak:105.67M | Scene, ViewLayer | Updating Device | Writing constant memory
Fra:89 Mem:126.74M (Peak 148.65M) | Time:00:00.26 | Mem:105.67M, Peak:105.67M | Scene, ViewLayer | Sample 0/16
Fra:89 Mem:132.94M (Peak 148.65M) | Time:00:00.60 | Remaining:00:05.15 | Mem:111.86M, Peak:111.86M | Scene, ViewLayer | Sample 1/16
Fra:89 Mem:135.68M (Peak 148.65M) | Time:00:05.57 | Mem:111.86M, Peak:111.86M | Scene, ViewLayer | Sample 16/16
Fra:89 Mem:135.68M (Peak 148.65M) | Time:00:05.57 | Mem:111.86M, Peak:111.86M | Scene, ViewLayer | Finished
Fra:89 Mem:23.76M (Peak 148.65M) | Time:00:05.58 | Compositing
Saved: 'work/preview-frames/mj/frame_0089.png'
Time: 00:05.66 (Saving: 00:00.03)

Fra:90 Mem:22.05M (Peak 22.05M) | Time:00:00.00 | Mem:0.00M, Peak:0.00M | Scene, ViewLayer | Synchronizing object | 柔光主灯
Fra:90 Mem:22.05M (Peak 22.05M) | Time:00:00.00 | Mem:0.00M, Peak:0.00M | Scene, ViewLayer | Synchronizing object | 正面均匀补光
Fra:90 Mem:22.06M (Peak 22.06M) | Time:00:00.00 | Mem:0.00M, Peak:0.00M | Scene, ViewLayer | Synchronizing object | 顶部金光
Fra:90 Mem:22.06M (Peak 22.06M) | Time:00:00.00 | Mem:0.00M, Peak:0.00M | Scene, ViewLayer | Synchronizing object | 主体平面 · 完整视差合成
Fra:90 Mem:22.08M (Peak 22.08M) | Time:00:00.00 | Mem:0.00M, Peak:0.00M | Scene, ViewLayer | Synchronizing object | 外圈 · 全息压边
Fra:90 Mem:22.08M (Peak 22.08M) | Time:00:00.00 | Mem:0.00M, Peak:0.00M | Scene, ViewLayer | Synchronizing object | 文字平面 · Alpha PNG
Fra:90 Mem:22.09M (Peak 22.09M) | Time:00:00.00 | Mem:0.00M, Peak:0.00M | Scene, ViewLayer | Initializing
Fra:90 Mem:22.07M (Peak 22.09M) | Time:00:00.00 | Mem:0.00M, Peak:0.00M | Scene, ViewLayer | Updating Images | Loading text.png
Fra:90 Mem:22.07M (Peak 22.09M) | Time:00:00.00 | Mem:0.00M, Peak:0.00M | Scene, ViewLayer | Updating Images | Loading subject.png
Fra:90 Mem:64.27M (Peak 85.36M) | Time:00:00.10 | Mem:21.09M, Peak:21.09M | Scene, ViewLayer | Updating Images | Loading lineart.png
Fra:90 Mem:85.36M (Peak 106.47M) | Time:00:00.12 | Mem:42.19M, Peak:42.19M | Scene, ViewLayer | Updating Images | Loading background.png
Fra:90 Mem:126.57M (Peak 148.65M) | Time:00:00.25 | Mem:105.47M, Peak:105.47M | Scene, ViewLayer | Waiting for render to start
Fra:90 Mem:126.57M (Peak 148.65M) | Time:00:00.25 | Mem:105.47M, Peak:105.47M | Scene, ViewLayer | Updating Scene
Fra:90 Mem:126.57M (Peak 148.65M) | Time:00:00.25 | Mem:105.47M, Peak:105.47M | Scene, ViewLayer | Updating Shaders
Fra:90 Mem:126.57M (Peak 148.65M) | Time:00:00.25 | Mem:105.47M, Peak:105.47M | Scene, ViewLayer | Loading render kernels (may take a few minutes the first time)
Fra:90 Mem:126.69M (Peak 148.65M) | Time:00:00.25 | Mem:105.50M, Peak:105.50M | Scene, ViewLayer | Updating Procedurals
Fra:90 Mem:126.69M (Peak 148.65M) | Time:00:00.25 | Mem:105.50M, Peak:105.50M | Scene, ViewLayer | Updating Background
Fra:90 Mem:126.69M (Peak 148.65M) | Time:00:00.25 | Mem:105.50M, Peak:105.50M | Scene, ViewLayer | Updating Camera
Fra:90 Mem:126.69M (Peak 148.65M) | Time:00:00.25 | Mem:105.50M, Peak:105.50M | Scene, ViewLayer | Updating Meshes Flags
Fra:90 Mem:126.69M (Peak 148.65M) | Time:00:00.25 | Mem:105.50M, Peak:105.50M | Scene, ViewLayer | Updating Objects
Fra:90 Mem:126.69M (Peak 148.65M) | Time:00:00.25 | Mem:105.50M, Peak:105.50M | Scene, ViewLayer | Updating Objects | Copying Transformations to device
Fra:90 Mem:126.69M (Peak 148.65M) | Time:00:00.25 | Mem:105.51M, Peak:105.51M | Scene, ViewLayer | Updating Particle Systems
Fra:90 Mem:126.69M (Peak 148.65M) | Time:00:00.25 | Mem:105.51M, Peak:105.51M | Scene, ViewLayer | Updating Particle Systems | Copying Particles to device
Fra:90 Mem:126.69M (Peak 148.65M) | Time:00:00.25 | Mem:105.51M, Peak:105.51M | Scene, ViewLayer | Updating Meshes
Fra:90 Mem:126.69M (Peak 148.65M) | Time:00:00.25 | Mem:105.51M, Peak:105.51M | Scene, ViewLayer | Updating Objects | Applying Static Transformations
Fra:90 Mem:126.69M (Peak 148.65M) | Time:00:00.25 | Mem:105.51M, Peak:105.51M | Scene, ViewLayer | Updating Mesh | Computing attributes
Fra:90 Mem:126.70M (Peak 148.65M) | Time:00:00.25 | Mem:105.51M, Peak:105.51M | Scene, ViewLayer | Updating Mesh | Copying Attributes to device
Fra:90 Mem:126.70M (Peak 148.65M) | Time:00:00.25 | Mem:105.52M, Peak:105.52M | Scene, ViewLayer | Updating Scene BVH | Building
Fra:90 Mem:126.70M (Peak 148.65M) | Time:00:00.25 | Mem:105.52M, Peak:105.52M | Scene, ViewLayer | Updating Scene BVH | Building BVH
Fra:90 Mem:126.70M (Peak 148.65M) | Time:00:00.25 | Mem:105.53M, Peak:105.53M | Scene, ViewLayer | Updating Scene BVH | Building BVH 0%
Fra:90 Mem:126.70M (Peak 148.65M) | Time:00:00.25 | Mem:105.55M, Peak:105.57M | Scene, ViewLayer | Updating Scene BVH | Copying BVH to device
Fra:90 Mem:126.70M (Peak 148.65M) | Time:00:00.25 | Mem:105.55M, Peak:105.57M | Scene, ViewLayer | Updating Mesh | Computing normals
Fra:90 Mem:126.72M (Peak 148.65M) | Time:00:00.25 | Mem:105.55M, Peak:105.57M | Scene, ViewLayer | Updating Mesh | Copying Mesh to device
Fra:90 Mem:126.72M (Peak 148.65M) | Time:00:00.25 | Mem:105.57M, Peak:105.57M | Scene, ViewLayer | Updating Objects Flags
Fra:90 Mem:126.72M (Peak 148.65M) | Time:00:00.25 | Mem:105.57M, Peak:105.57M | Scene, ViewLayer | Updating Primitive Offsets
Fra:90 Mem:126.72M (Peak 148.65M) | Time:00:00.25 | Mem:105.57M, Peak:105.57M | Scene, ViewLayer | Updating Images
Fra:90 Mem:126.72M (Peak 148.65M) | Time:00:00.25 | Mem:105.57M, Peak:105.57M | Scene, ViewLayer | Updating Camera Volume
Fra:90 Mem:126.72M (Peak 148.65M) | Time:00:00.25 | Mem:105.57M, Peak:105.57M | Scene, ViewLayer | Updating Lookup Tables
Fra:90 Mem:126.72M (Peak 148.65M) | Time:00:00.25 | Mem:105.65M, Peak:105.65M | Scene, ViewLayer | Updating Lights
Fra:90 Mem:126.72M (Peak 148.65M) | Time:00:00.25 | Mem:105.65M, Peak:105.65M | Scene, ViewLayer | Updating Lights | Computing tree
Fra:90 Mem:126.73M (Peak 148.65M) | Time:00:00.25 | Mem:105.66M, Peak:105.66M | Scene, ViewLayer | Updating Integrator
Fra:90 Mem:126.73M (Peak 148.65M) | Time:00:00.25 | Mem:105.66M, Peak:105.66M | Scene, ViewLayer | Updating Film
Fra:90 Mem:126.73M (Peak 148.65M) | Time:00:00.25 | Mem:105.58M, Peak:105.66M | Scene, ViewLayer | Updating Lookup Tables
Fra:90 Mem:126.73M (Peak 148.65M) | Time:00:00.25 | Mem:105.67M, Peak:105.67M | Scene, ViewLayer | Updating Baking
Fra:90 Mem:126.73M (Peak 148.65M) | Time:00:00.25 | Mem:105.67M, Peak:105.67M | Scene, ViewLayer | Updating Device | Writing constant memory
Fra:90 Mem:126.74M (Peak 148.65M) | Time:00:00.25 | Mem:105.67M, Peak:105.67M | Scene, ViewLayer | Sample 0/16
Fra:90 Mem:132.94M (Peak 148.65M) | Time:00:00.60 | Remaining:00:05.22 | Mem:111.86M, Peak:111.86M | Scene, ViewLayer | Sample 1/16
Fra:90 Mem:135.68M (Peak 148.65M) | Time:00:05.58 | Mem:111.86M, Peak:111.86M | Scene, ViewLayer | Sample 16/16
Fra:90 Mem:135.68M (Peak 148.65M) | Time:00:05.58 | Mem:111.86M, Peak:111.86M | Scene, ViewLayer | Finished
Fra:90 Mem:23.76M (Peak 148.65M) | Time:00:05.58 | Compositing
Saved: 'work/preview-frames/mj/frame_0090.png'
Time: 00:05.67 (Saving: 00:00.03)

Fra:91 Mem:22.05M (Peak 22.05M) | Time:00:00.00 | Mem:0.00M, Peak:0.00M | Scene, ViewLayer | Synchronizing object | 内圈 · 古金细边
Fra:91 Mem:22.06M (Peak 22.06M) | Time:00:00.00 | Mem:0.00M, Peak:0.00M | Scene, ViewLayer | Synchronizing object | 外圈 · 全息压边
Fra:91 Mem:22.07M (Peak 22.07M) | Time:00:00.00 | Mem:0.00M, Peak:0.00M | Scene, ViewLayer | Synchronizing object | 文字平面 · Alpha PNG
Fra:91 Mem:22.07M (Peak 22.07M) | Time:00:00.00 | Mem:0.00M, Peak:0.00M | Scene, ViewLayer | Synchronizing object | 主体平面 · 完整视差合成
Fra:91 Mem:22.09M (Peak 22.09M) | Time:00:00.00 | Mem:0.00M, Peak:0.00M | Scene, ViewLayer | Synchronizing object | 顶部金光
Fra:91 Mem:22.09M (Peak 22.09M) | Time:00:00.00 | Mem:0.00M, Peak:0.00M | Scene, ViewLayer | Synchronizing object | 正面均匀补光
Fra:91 Mem:22.09M (Peak 22.09M) | Time:00:00.00 | Mem:0.00M, Peak:0.00M | Scene, ViewLayer | Synchronizing object | 柔光主灯
Fra:91 Mem:22.09M (Peak 22.09M) | Time:00:00.00 | Mem:0.00M, Peak:0.00M | Scene, ViewLayer | Initializing
Fra:91 Mem:22.07M (Peak 22.09M) | Time:00:00.00 | Mem:0.00M, Peak:0.00M | Scene, ViewLayer | Updating Images | Loading text.png
Fra:91 Mem:22.07M (Peak 22.09M) | Time:00:00.00 | Mem:0.00M, Peak:0.00M | Scene, ViewLayer | Updating Images | Loading subject.png
Fra:91 Mem:64.27M (Peak 85.36M) | Time:00:00.09 | Mem:21.09M, Peak:21.09M | Scene, ViewLayer | Updating Images | Loading lineart.png
Fra:91 Mem:85.36M (Peak 106.47M) | Time:00:00.12 | Mem:42.19M, Peak:42.19M | Scene, ViewLayer | Updating Images | Loading background.png
Fra:91 Mem:126.57M (Peak 148.65M) | Time:00:00.25 | Mem:105.47M, Peak:105.47M | Scene, ViewLayer | Waiting for render to start
Fra:91 Mem:126.57M (Peak 148.65M) | Time:00:00.25 | Mem:105.47M, Peak:105.47M | Scene, ViewLayer | Updating Scene
Fra:91 Mem:126.57M (Peak 148.65M) | Time:00:00.25 | Mem:105.47M, Peak:105.47M | Scene, ViewLayer | Updating Shaders
Fra:91 Mem:126.57M (Peak 148.65M) | Time:00:00.25 | Mem:105.47M, Peak:105.47M | Scene, ViewLayer | Loading render kernels (may take a few minutes the first time)
Fra:91 Mem:126.69M (Peak 148.65M) | Time:00:00.25 | Mem:105.50M, Peak:105.50M | Scene, ViewLayer | Updating Procedurals
Fra:91 Mem:126.69M (Peak 148.65M) | Time:00:00.25 | Mem:105.50M, Peak:105.50M | Scene, ViewLayer | Updating Background
Fra:91 Mem:126.69M (Peak 148.65M) | Time:00:00.25 | Mem:105.50M, Peak:105.50M | Scene, ViewLayer | Updating Camera
Fra:91 Mem:126.69M (Peak 148.65M) | Time:00:00.25 | Mem:105.50M, Peak:105.50M | Scene, ViewLayer | Updating Meshes Flags
Fra:91 Mem:126.69M (Peak 148.65M) | Time:00:00.25 | Mem:105.50M, Peak:105.50M | Scene, ViewLayer | Updating Objects
Fra:91 Mem:126.69M (Peak 148.65M) | Time:00:00.25 | Mem:105.50M, Peak:105.50M | Scene, ViewLayer | Updating Objects | Copying Transformations to device
Fra:91 Mem:126.69M (Peak 148.65M) | Time:00:00.25 | Mem:105.51M, Peak:105.51M | Scene, ViewLayer | Updating Particle Systems
Fra:91 Mem:126.69M (Peak 148.65M) | Time:00:00.25 | Mem:105.51M, Peak:105.51M | Scene, ViewLayer | Updating Particle Systems | Copying Particles to device
Fra:91 Mem:126.69M (Peak 148.65M) | Time:00:00.25 | Mem:105.51M, Peak:105.51M | Scene, ViewLayer | Updating Meshes
Fra:91 Mem:126.69M (Peak 148.65M) | Time:00:00.25 | Mem:105.51M, Peak:105.51M | Scene, ViewLayer | Updating Objects | Applying Static Transformations
Fra:91 Mem:126.69M (Peak 148.65M) | Time:00:00.25 | Mem:105.51M, Peak:105.51M | Scene, ViewLayer | Updating Mesh | Computing attributes
Fra:91 Mem:126.70M (Peak 148.65M) | Time:00:00.25 | Mem:105.51M, Peak:105.51M | Scene, ViewLayer | Updating Mesh | Copying Attributes to device
Fra:91 Mem:126.70M (Peak 148.65M) | Time:00:00.25 | Mem:105.52M, Peak:105.52M | Scene, ViewLayer | Updating Scene BVH | Building
Fra:91 Mem:126.70M (Peak 148.65M) | Time:00:00.25 | Mem:105.52M, Peak:105.52M | Scene, ViewLayer | Updating Scene BVH | Building BVH
Fra:91 Mem:126.70M (Peak 148.65M) | Time:00:00.25 | Mem:105.53M, Peak:105.53M | Scene, ViewLayer | Updating Scene BVH | Building BVH 0%
Fra:91 Mem:126.70M (Peak 148.65M) | Time:00:00.25 | Mem:105.56M, Peak:105.57M | Scene, ViewLayer | Updating Scene BVH | Copying BVH to device
Fra:91 Mem:126.70M (Peak 148.65M) | Time:00:00.25 | Mem:105.56M, Peak:105.57M | Scene, ViewLayer | Updating Mesh | Computing normals
Fra:91 Mem:126.72M (Peak 148.65M) | Time:00:00.25 | Mem:105.56M, Peak:105.57M | Scene, ViewLayer | Updating Mesh | Copying Mesh to device
Fra:91 Mem:126.72M (Peak 148.65M) | Time:00:00.25 | Mem:105.57M, Peak:105.57M | Scene, ViewLayer | Updating Objects Flags
Fra:91 Mem:126.72M (Peak 148.65M) | Time:00:00.25 | Mem:105.57M, Peak:105.57M | Scene, ViewLayer | Updating Primitive Offsets
Fra:91 Mem:126.72M (Peak 148.65M) | Time:00:00.25 | Mem:105.57M, Peak:105.57M | Scene, ViewLayer | Updating Images
Fra:91 Mem:126.72M (Peak 148.65M) | Time:00:00.25 | Mem:105.57M, Peak:105.57M | Scene, ViewLayer | Updating Camera Volume
Fra:91 Mem:126.72M (Peak 148.65M) | Time:00:00.25 | Mem:105.57M, Peak:105.57M | Scene, ViewLayer | Updating Lookup Tables
Fra:91 Mem:126.72M (Peak 148.65M) | Time:00:00.25 | Mem:105.65M, Peak:105.65M | Scene, ViewLayer | Updating Lights
Fra:91 Mem:126.72M (Peak 148.65M) | Time:00:00.25 | Mem:105.65M, Peak:105.65M | Scene, ViewLayer | Updating Lights | Computing tree
Fra:91 Mem:126.73M (Peak 148.65M) | Time:00:00.25 | Mem:105.66M, Peak:105.66M | Scene, ViewLayer | Updating Integrator
Fra:91 Mem:126.73M (Peak 148.65M) | Time:00:00.25 | Mem:105.66M, Peak:105.66M | Scene, ViewLayer | Updating Film
Fra:91 Mem:126.73M (Peak 148.65M) | Time:00:00.25 | Mem:105.58M, Peak:105.66M | Scene, ViewLayer | Updating Lookup Tables
Fra:91 Mem:126.73M (Peak 148.65M) | Time:00:00.25 | Mem:105.67M, Peak:105.67M | Scene, ViewLayer | Updating Baking
Fra:91 Mem:126.73M (Peak 148.65M) | Time:00:00.25 | Mem:105.67M, Peak:105.67M | Scene, ViewLayer | Updating Device | Writing constant memory
Fra:91 Mem:126.74M (Peak 148.65M) | Time:00:00.25 | Mem:105.67M, Peak:105.67M | Scene, ViewLayer | Sample 0/16
Fra:91 Mem:132.94M (Peak 148.65M) | Time:00:00.59 | Remaining:00:05.15 | Mem:111.86M, Peak:111.86M | Scene, ViewLayer | Sample 1/16
Fra:91 Mem:135.68M (Peak 148.65M) | Time:00:05.56 | Mem:111.86M, Peak:111.86M | Scene, ViewLayer | Sample 16/16
Fra:91 Mem:135.68M (Peak 148.65M) | Time:00:05.56 | Mem:111.86M, Peak:111.86M | Scene, ViewLayer | Finished
Fra:91 Mem:23.76M (Peak 148.65M) | Time:00:05.56 | Compositing
Saved: 'work/preview-frames/mj/frame_0091.png'
Time: 00:05.64 (Saving: 00:00.03)

Fra:92 Mem:22.05M (Peak 22.05M) | Time:00:00.00 | Mem:0.00M, Peak:0.00M | Scene, ViewLayer | Synchronizing object | 柔光主灯
Fra:92 Mem:22.05M (Peak 22.05M) | Time:00:00.00 | Mem:0.00M, Peak:0.00M | Scene, ViewLayer | Synchronizing object | 内圈 · 古金细边
Fra:92 Mem:22.05M (Peak 22.05M) | Time:00:00.00 | Mem:0.00M, Peak:0.00M | Scene, ViewLayer | Synchronizing object | 正面均匀补光
Fra:92 Mem:22.06M (Peak 22.06M) | Time:00:00.00 | Mem:0.00M, Peak:0.00M | Scene, ViewLayer | Synchronizing object | 顶部金光
Fra:92 Mem:22.06M (Peak 22.06M) | Time:00:00.00 | Mem:0.00M, Peak:0.00M | Scene, ViewLayer | Synchronizing object | 主体平面 · 完整视差合成
Fra:92 Mem:22.06M (Peak 22.06M) | Time:00:00.00 | Mem:0.00M, Peak:0.00M | Scene, ViewLayer | Synchronizing object | 外圈 · 全息压边
Fra:92 Mem:22.08M (Peak 22.08M) | Time:00:00.00 | Mem:0.00M, Peak:0.00M | Scene, ViewLayer | Synchronizing object | 文字平面 · Alpha PNG
Fra:92 Mem:22.09M (Peak 22.09M) | Time:00:00.00 | Mem:0.00M, Peak:0.00M | Scene, ViewLayer | Initializing
Fra:92 Mem:22.07M (Peak 22.09M) | Time:00:00.00 | Mem:0.00M, Peak:0.00M | Scene, ViewLayer | Updating Images | Loading text.png
Fra:92 Mem:22.07M (Peak 22.09M) | Time:00:00.00 | Mem:0.00M, Peak:0.00M | Scene, ViewLayer | Updating Images | Loading subject.png
Fra:92 Mem:64.27M (Peak 85.36M) | Time:00:00.09 | Mem:21.09M, Peak:21.09M | Scene, ViewLayer | Updating Images | Loading lineart.png
Fra:92 Mem:85.36M (Peak 106.47M) | Time:00:00.12 | Mem:42.19M, Peak:42.19M | Scene, ViewLayer | Updating Images | Loading background.png
Fra:92 Mem:126.57M (Peak 148.65M) | Time:00:00.24 | Mem:105.47M, Peak:105.47M | Scene, ViewLayer | Waiting for render to start
Fra:92 Mem:126.57M (Peak 148.65M) | Time:00:00.24 | Mem:105.47M, Peak:105.47M | Scene, ViewLayer | Updating Scene
Fra:92 Mem:126.57M (Peak 148.65M) | Time:00:00.24 | Mem:105.47M, Peak:105.47M | Scene, ViewLayer | Updating Shaders
Fra:92 Mem:126.57M (Peak 148.65M) | Time:00:00.24 | Mem:105.47M, Peak:105.47M | Scene, ViewLayer | Loading render kernels (may take a few minutes the first time)
Fra:92 Mem:126.69M (Peak 148.65M) | Time:00:00.25 | Mem:105.50M, Peak:105.50M | Scene, ViewLayer | Updating Procedurals
Fra:92 Mem:126.69M (Peak 148.65M) | Time:00:00.25 | Mem:105.50M, Peak:105.50M | Scene, ViewLayer | Updating Background
Fra:92 Mem:126.69M (Peak 148.65M) | Time:00:00.25 | Mem:105.50M, Peak:105.50M | Scene, ViewLayer | Updating Camera
Fra:92 Mem:126.69M (Peak 148.65M) | Time:00:00.25 | Mem:105.50M, Peak:105.50M | Scene, ViewLayer | Updating Meshes Flags
Fra:92 Mem:126.69M (Peak 148.65M) | Time:00:00.25 | Mem:105.50M, Peak:105.50M | Scene, ViewLayer | Updating Objects
Fra:92 Mem:126.69M (Peak 148.65M) | Time:00:00.25 | Mem:105.50M, Peak:105.50M | Scene, ViewLayer | Updating Objects | Copying Transformations to device
Fra:92 Mem:126.69M (Peak 148.65M) | Time:00:00.25 | Mem:105.51M, Peak:105.51M | Scene, ViewLayer | Updating Particle Systems
Fra:92 Mem:126.69M (Peak 148.65M) | Time:00:00.25 | Mem:105.51M, Peak:105.51M | Scene, ViewLayer | Updating Particle Systems | Copying Particles to device
Fra:92 Mem:126.69M (Peak 148.65M) | Time:00:00.25 | Mem:105.51M, Peak:105.51M | Scene, ViewLayer | Updating Meshes
Fra:92 Mem:126.69M (Peak 148.65M) | Time:00:00.25 | Mem:105.51M, Peak:105.51M | Scene, ViewLayer | Updating Objects | Applying Static Transformations
Fra:92 Mem:126.69M (Peak 148.65M) | Time:00:00.25 | Mem:105.51M, Peak:105.51M | Scene, ViewLayer | Updating Mesh | Computing attributes
Fra:92 Mem:126.70M (Peak 148.65M) | Time:00:00.25 | Mem:105.51M, Peak:105.51M | Scene, ViewLayer | Updating Mesh | Copying Attributes to device
Fra:92 Mem:126.70M (Peak 148.65M) | Time:00:00.25 | Mem:105.52M, Peak:105.52M | Scene, ViewLayer | Updating Scene BVH | Building
Fra:92 Mem:126.70M (Peak 148.65M) | Time:00:00.25 | Mem:105.52M, Peak:105.52M | Scene, ViewLayer | Updating Scene BVH | Building BVH
Fra:92 Mem:126.70M (Peak 148.65M) | Time:00:00.25 | Mem:105.53M, Peak:105.53M | Scene, ViewLayer | Updating Scene BVH | Building BVH 0%
Fra:92 Mem:126.70M (Peak 148.65M) | Time:00:00.25 | Mem:105.56M, Peak:105.57M | Scene, ViewLayer | Updating Scene BVH | Copying BVH to device
Fra:92 Mem:126.70M (Peak 148.65M) | Time:00:00.25 | Mem:105.56M, Peak:105.57M | Scene, ViewLayer | Updating Mesh | Computing normals
Fra:92 Mem:126.72M (Peak 148.65M) | Time:00:00.25 | Mem:105.56M, Peak:105.57M | Scene, ViewLayer | Updating Mesh | Copying Mesh to device
Fra:92 Mem:126.72M (Peak 148.65M) | Time:00:00.25 | Mem:105.57M, Peak:105.57M | Scene, ViewLayer | Updating Objects Flags
Fra:92 Mem:126.72M (Peak 148.65M) | Time:00:00.25 | Mem:105.57M, Peak:105.57M | Scene, ViewLayer | Updating Primitive Offsets
Fra:92 Mem:126.72M (Peak 148.65M) | Time:00:00.25 | Mem:105.57M, Peak:105.57M | Scene, ViewLayer | Updating Images
Fra:92 Mem:126.72M (Peak 148.65M) | Time:00:00.25 | Mem:105.57M, Peak:105.57M | Scene, ViewLayer | Updating Camera Volume
Fra:92 Mem:126.72M (Peak 148.65M) | Time:00:00.25 | Mem:105.57M, Peak:105.57M | Scene, ViewLayer | Updating Lookup Tables
Fra:92 Mem:126.72M (Peak 148.65M) | Time:00:00.25 | Mem:105.65M, Peak:105.65M | Scene, ViewLayer | Updating Lights
Fra:92 Mem:126.72M (Peak 148.65M) | Time:00:00.25 | Mem:105.65M, Peak:105.65M | Scene, ViewLayer | Updating Lights | Computing tree
Fra:92 Mem:126.73M (Peak 148.65M) | Time:00:00.25 | Mem:105.66M, Peak:105.66M | Scene, ViewLayer | Updating Integrator
Fra:92 Mem:126.73M (Peak 148.65M) | Time:00:00.25 | Mem:105.66M, Peak:105.66M | Scene, ViewLayer | Updating Film
Fra:92 Mem:126.73M (Peak 148.65M) | Time:00:00.25 | Mem:105.58M, Peak:105.66M | Scene, ViewLayer | Updating Lookup Tables
Fra:92 Mem:126.73M (Peak 148.65M) | Time:00:00.25 | Mem:105.67M, Peak:105.67M | Scene, ViewLayer | Updating Baking
Fra:92 Mem:126.73M (Peak 148.65M) | Time:00:00.25 | Mem:105.67M, Peak:105.67M | Scene, ViewLayer | Updating Device | Writing constant memory
Fra:92 Mem:126.74M (Peak 148.65M) | Time:00:00.25 | Mem:105.67M, Peak:105.67M | Scene, ViewLayer | Sample 0/16
Fra:92 Mem:132.94M (Peak 148.65M) | Time:00:00.59 | Remaining:00:05.14 | Mem:111.86M, Peak:111.86M | Scene, ViewLayer | Sample 1/16
Fra:92 Mem:135.68M (Peak 148.65M) | Time:00:05.56 | Mem:111.86M, Peak:111.86M | Scene, ViewLayer | Sample 16/16
Fra:92 Mem:135.68M (Peak 148.65M) | Time:00:05.57 | Mem:111.86M, Peak:111.86M | Scene, ViewLayer | Finished
Fra:92 Mem:23.76M (Peak 148.65M) | Time:00:05.57 | Compositing
Saved: 'work/preview-frames/mj/frame_0092.png'
Time: 00:05.66 (Saving: 00:00.03)

Fra:93 Mem:22.05M (Peak 22.05M) | Time:00:00.00 | Mem:0.00M, Peak:0.00M | Scene, ViewLayer | Synchronizing object | 柔光主灯
Fra:93 Mem:22.06M (Peak 22.06M) | Time:00:00.00 | Mem:0.00M, Peak:0.00M | Scene, ViewLayer | Synchronizing object | 内圈 · 古金细边
Fra:93 Mem:22.06M (Peak 22.06M) | Time:00:00.00 | Mem:0.00M, Peak:0.00M | Scene, ViewLayer | Synchronizing object | 正面均匀补光
Fra:93 Mem:22.06M (Peak 22.06M) | Time:00:00.00 | Mem:0.00M, Peak:0.00M | Scene, ViewLayer | Synchronizing object | 顶部金光
Fra:93 Mem:22.06M (Peak 22.06M) | Time:00:00.00 | Mem:0.00M, Peak:0.00M | Scene, ViewLayer | Synchronizing object | 主体平面 · 完整视差合成
Fra:93 Mem:22.06M (Peak 22.06M) | Time:00:00.00 | Mem:0.00M, Peak:0.00M | Scene, ViewLayer | Synchronizing object | 外圈 · 全息压边
Fra:93 Mem:22.08M (Peak 22.08M) | Time:00:00.00 | Mem:0.00M, Peak:0.00M | Scene, ViewLayer | Synchronizing object | 文字平面 · Alpha PNG
Fra:93 Mem:22.09M (Peak 22.09M) | Time:00:00.00 | Mem:0.00M, Peak:0.00M | Scene, ViewLayer | Initializing
Fra:93 Mem:22.07M (Peak 22.09M) | Time:00:00.00 | Mem:0.00M, Peak:0.00M | Scene, ViewLayer | Updating Images | Loading text.png
Fra:93 Mem:22.07M (Peak 22.09M) | Time:00:00.00 | Mem:0.00M, Peak:0.00M | Scene, ViewLayer | Updating Images | Loading subject.png
Fra:93 Mem:64.27M (Peak 85.36M) | Time:00:00.09 | Mem:21.09M, Peak:21.09M | Scene, ViewLayer | Updating Images | Loading lineart.png
Fra:93 Mem:85.36M (Peak 106.47M) | Time:00:00.12 | Mem:42.19M, Peak:42.19M | Scene, ViewLayer | Updating Images | Loading background.png
Fra:93 Mem:126.57M (Peak 148.65M) | Time:00:00.25 | Mem:105.47M, Peak:105.47M | Scene, ViewLayer | Waiting for render to start
Fra:93 Mem:126.57M (Peak 148.65M) | Time:00:00.25 | Mem:105.47M, Peak:105.47M | Scene, ViewLayer | Updating Scene
Fra:93 Mem:126.57M (Peak 148.65M) | Time:00:00.25 | Mem:105.47M, Peak:105.47M | Scene, ViewLayer | Updating Shaders
Fra:93 Mem:126.57M (Peak 148.65M) | Time:00:00.25 | Mem:105.47M, Peak:105.47M | Scene, ViewLayer | Loading render kernels (may take a few minutes the first time)
Fra:93 Mem:126.69M (Peak 148.65M) | Time:00:00.25 | Mem:105.50M, Peak:105.50M | Scene, ViewLayer | Updating Procedurals
Fra:93 Mem:126.69M (Peak 148.65M) | Time:00:00.25 | Mem:105.50M, Peak:105.50M | Scene, ViewLayer | Updating Background
Fra:93 Mem:126.69M (Peak 148.65M) | Time:00:00.25 | Mem:105.50M, Peak:105.50M | Scene, ViewLayer | Updating Camera
Fra:93 Mem:126.69M (Peak 148.65M) | Time:00:00.25 | Mem:105.50M, Peak:105.50M | Scene, ViewLayer | Updating Meshes Flags
Fra:93 Mem:126.69M (Peak 148.65M) | Time:00:00.25 | Mem:105.50M, Peak:105.50M | Scene, ViewLayer | Updating Objects
Fra:93 Mem:126.69M (Peak 148.65M) | Time:00:00.25 | Mem:105.50M, Peak:105.50M | Scene, ViewLayer | Updating Objects | Copying Transformations to device
Fra:93 Mem:126.69M (Peak 148.65M) | Time:00:00.25 | Mem:105.51M, Peak:105.51M | Scene, ViewLayer | Updating Particle Systems
Fra:93 Mem:126.69M (Peak 148.65M) | Time:00:00.25 | Mem:105.51M, Peak:105.51M | Scene, ViewLayer | Updating Particle Systems | Copying Particles to device
Fra:93 Mem:126.69M (Peak 148.65M) | Time:00:00.25 | Mem:105.51M, Peak:105.51M | Scene, ViewLayer | Updating Meshes
Fra:93 Mem:126.69M (Peak 148.65M) | Time:00:00.25 | Mem:105.51M, Peak:105.51M | Scene, ViewLayer | Updating Objects | Applying Static Transformations
Fra:93 Mem:126.69M (Peak 148.65M) | Time:00:00.25 | Mem:105.51M, Peak:105.51M | Scene, ViewLayer | Updating Mesh | Computing attributes
Fra:93 Mem:126.70M (Peak 148.65M) | Time:00:00.25 | Mem:105.51M, Peak:105.51M | Scene, ViewLayer | Updating Mesh | Copying Attributes to device
Fra:93 Mem:126.70M (Peak 148.65M) | Time:00:00.25 | Mem:105.52M, Peak:105.52M | Scene, ViewLayer | Updating Scene BVH | Building
Fra:93 Mem:126.70M (Peak 148.65M) | Time:00:00.25 | Mem:105.52M, Peak:105.52M | Scene, ViewLayer | Updating Scene BVH | Building BVH
Fra:93 Mem:126.70M (Peak 148.65M) | Time:00:00.25 | Mem:105.53M, Peak:105.53M | Scene, ViewLayer | Updating Scene BVH | Building BVH 0%
Fra:93 Mem:126.70M (Peak 148.65M) | Time:00:00.25 | Mem:105.56M, Peak:105.57M | Scene, ViewLayer | Updating Scene BVH | Copying BVH to device
Fra:93 Mem:126.70M (Peak 148.65M) | Time:00:00.25 | Mem:105.56M, Peak:105.57M | Scene, ViewLayer | Updating Mesh | Computing normals
Fra:93 Mem:126.72M (Peak 148.65M) | Time:00:00.25 | Mem:105.56M, Peak:105.57M | Scene, ViewLayer | Updating Mesh | Copying Mesh to device
Fra:93 Mem:126.72M (Peak 148.65M) | Time:00:00.25 | Mem:105.57M, Peak:105.57M | Scene, ViewLayer | Updating Objects Flags
Fra:93 Mem:126.72M (Peak 148.65M) | Time:00:00.25 | Mem:105.57M, Peak:105.57M | Scene, ViewLayer | Updating Primitive Offsets
Fra:93 Mem:126.72M (Peak 148.65M) | Time:00:00.25 | Mem:105.57M, Peak:105.57M | Scene, ViewLayer | Updating Images
Fra:93 Mem:126.72M (Peak 148.65M) | Time:00:00.25 | Mem:105.57M, Peak:105.57M | Scene, ViewLayer | Updating Camera Volume
Fra:93 Mem:126.72M (Peak 148.65M) | Time:00:00.25 | Mem:105.57M, Peak:105.57M | Scene, ViewLayer | Updating Lookup Tables
Fra:93 Mem:126.72M (Peak 148.65M) | Time:00:00.25 | Mem:105.65M, Peak:105.65M | Scene, ViewLayer | Updating Lights
Fra:93 Mem:126.72M (Peak 148.65M) | Time:00:00.25 | Mem:105.65M, Peak:105.65M | Scene, ViewLayer | Updating Lights | Computing tree
Fra:93 Mem:126.73M (Peak 148.65M) | Time:00:00.25 | Mem:105.66M, Peak:105.66M | Scene, ViewLayer | Updating Integrator
Fra:93 Mem:126.73M (Peak 148.65M) | Time:00:00.25 | Mem:105.66M, Peak:105.66M | Scene, ViewLayer | Updating Film
Fra:93 Mem:126.73M (Peak 148.65M) | Time:00:00.25 | Mem:105.58M, Peak:105.66M | Scene, ViewLayer | Updating Lookup Tables
Fra:93 Mem:126.73M (Peak 148.65M) | Time:00:00.25 | Mem:105.67M, Peak:105.67M | Scene, ViewLayer | Updating Baking
Fra:93 Mem:126.73M (Peak 148.65M) | Time:00:00.25 | Mem:105.67M, Peak:105.67M | Scene, ViewLayer | Updating Device | Writing constant memory
Fra:93 Mem:126.74M (Peak 148.65M) | Time:00:00.25 | Mem:105.67M, Peak:105.67M | Scene, ViewLayer | Sample 0/16
Fra:93 Mem:132.94M (Peak 148.65M) | Time:00:00.60 | Remaining:00:05.16 | Mem:111.86M, Peak:111.86M | Scene, ViewLayer | Sample 1/16
Fra:93 Mem:135.68M (Peak 148.65M) | Time:00:05.63 | Mem:111.86M, Peak:111.86M | Scene, ViewLayer | Sample 16/16
Fra:93 Mem:135.68M (Peak 148.65M) | Time:00:05.63 | Mem:111.86M, Peak:111.86M | Scene, ViewLayer | Finished
Fra:93 Mem:23.76M (Peak 148.65M) | Time:00:05.63 | Compositing
Saved: 'work/preview-frames/mj/frame_0093.png'
Time: 00:05.72 (Saving: 00:00.03)

Fra:94 Mem:22.05M (Peak 22.05M) | Time:00:00.00 | Mem:0.00M, Peak:0.00M | Scene, ViewLayer | Synchronizing object | 柔光主灯
Fra:94 Mem:22.06M (Peak 22.06M) | Time:00:00.00 | Mem:0.00M, Peak:0.00M | Scene, ViewLayer | Synchronizing object | 内圈 · 古金细边
Fra:94 Mem:22.06M (Peak 22.06M) | Time:00:00.00 | Mem:0.00M, Peak:0.00M | Scene, ViewLayer | Synchronizing object | 正面均匀补光
Fra:94 Mem:22.06M (Peak 22.06M) | Time:00:00.00 | Mem:0.00M, Peak:0.00M | Scene, ViewLayer | Synchronizing object | 顶部金光
Fra:94 Mem:22.06M (Peak 22.06M) | Time:00:00.00 | Mem:0.00M, Peak:0.00M | Scene, ViewLayer | Synchronizing object | 主体平面 · 完整视差合成
Fra:94 Mem:22.06M (Peak 22.06M) | Time:00:00.00 | Mem:0.00M, Peak:0.00M | Scene, ViewLayer | Synchronizing object | 外圈 · 全息压边
Fra:94 Mem:22.08M (Peak 22.08M) | Time:00:00.00 | Mem:0.00M, Peak:0.00M | Scene, ViewLayer | Synchronizing object | 文字平面 · Alpha PNG
Fra:94 Mem:22.09M (Peak 22.09M) | Time:00:00.00 | Mem:0.00M, Peak:0.00M | Scene, ViewLayer | Initializing
Fra:94 Mem:22.07M (Peak 22.09M) | Time:00:00.00 | Mem:0.00M, Peak:0.00M | Scene, ViewLayer | Updating Images | Loading text.png
Fra:94 Mem:22.07M (Peak 22.09M) | Time:00:00.00 | Mem:0.00M, Peak:0.00M | Scene, ViewLayer | Updating Images | Loading subject.png
Fra:94 Mem:64.27M (Peak 85.36M) | Time:00:00.09 | Mem:21.09M, Peak:21.09M | Scene, ViewLayer | Updating Images | Loading lineart.png
Fra:94 Mem:85.36M (Peak 106.47M) | Time:00:00.12 | Mem:42.19M, Peak:42.19M | Scene, ViewLayer | Updating Images | Loading background.png
Fra:94 Mem:126.57M (Peak 148.65M) | Time:00:00.25 | Mem:105.47M, Peak:105.47M | Scene, ViewLayer | Waiting for render to start
Fra:94 Mem:126.57M (Peak 148.65M) | Time:00:00.25 | Mem:105.47M, Peak:105.47M | Scene, ViewLayer | Updating Scene
Fra:94 Mem:126.57M (Peak 148.65M) | Time:00:00.25 | Mem:105.47M, Peak:105.47M | Scene, ViewLayer | Updating Shaders
Fra:94 Mem:126.57M (Peak 148.65M) | Time:00:00.25 | Mem:105.47M, Peak:105.47M | Scene, ViewLayer | Loading render kernels (may take a few minutes the first time)
Fra:94 Mem:126.69M (Peak 148.65M) | Time:00:00.25 | Mem:105.50M, Peak:105.50M | Scene, ViewLayer | Updating Procedurals
Fra:94 Mem:126.69M (Peak 148.65M) | Time:00:00.25 | Mem:105.50M, Peak:105.50M | Scene, ViewLayer | Updating Background
Fra:94 Mem:126.69M (Peak 148.65M) | Time:00:00.25 | Mem:105.50M, Peak:105.50M | Scene, ViewLayer | Updating Camera
Fra:94 Mem:126.69M (Peak 148.65M) | Time:00:00.25 | Mem:105.50M, Peak:105.50M | Scene, ViewLayer | Updating Meshes Flags
Fra:94 Mem:126.69M (Peak 148.65M) | Time:00:00.25 | Mem:105.50M, Peak:105.50M | Scene, ViewLayer | Updating Objects
Fra:94 Mem:126.69M (Peak 148.65M) | Time:00:00.25 | Mem:105.50M, Peak:105.50M | Scene, ViewLayer | Updating Objects | Copying Transformations to device
Fra:94 Mem:126.69M (Peak 148.65M) | Time:00:00.25 | Mem:105.51M, Peak:105.51M | Scene, ViewLayer | Updating Particle Systems
Fra:94 Mem:126.69M (Peak 148.65M) | Time:00:00.25 | Mem:105.51M, Peak:105.51M | Scene, ViewLayer | Updating Particle Systems | Copying Particles to device
Fra:94 Mem:126.69M (Peak 148.65M) | Time:00:00.25 | Mem:105.51M, Peak:105.51M | Scene, ViewLayer | Updating Meshes
Fra:94 Mem:126.69M (Peak 148.65M) | Time:00:00.25 | Mem:105.51M, Peak:105.51M | Scene, ViewLayer | Updating Objects | Applying Static Transformations
Fra:94 Mem:126.69M (Peak 148.65M) | Time:00:00.25 | Mem:105.51M, Peak:105.51M | Scene, ViewLayer | Updating Mesh | Computing attributes
Fra:94 Mem:126.70M (Peak 148.65M) | Time:00:00.25 | Mem:105.51M, Peak:105.51M | Scene, ViewLayer | Updating Mesh | Copying Attributes to device
Fra:94 Mem:126.70M (Peak 148.65M) | Time:00:00.25 | Mem:105.52M, Peak:105.52M | Scene, ViewLayer | Updating Scene BVH | Building
Fra:94 Mem:126.70M (Peak 148.65M) | Time:00:00.25 | Mem:105.52M, Peak:105.52M | Scene, ViewLayer | Updating Scene BVH | Building BVH
Fra:94 Mem:126.70M (Peak 148.65M) | Time:00:00.25 | Mem:105.53M, Peak:105.53M | Scene, ViewLayer | Updating Scene BVH | Building BVH 0%
Fra:94 Mem:126.70M (Peak 148.65M) | Time:00:00.25 | Mem:105.56M, Peak:105.57M | Scene, ViewLayer | Updating Scene BVH | Copying BVH to device
Fra:94 Mem:126.70M (Peak 148.65M) | Time:00:00.25 | Mem:105.56M, Peak:105.57M | Scene, ViewLayer | Updating Mesh | Computing normals
Fra:94 Mem:126.72M (Peak 148.65M) | Time:00:00.25 | Mem:105.56M, Peak:105.57M | Scene, ViewLayer | Updating Mesh | Copying Mesh to device
Fra:94 Mem:126.72M (Peak 148.65M) | Time:00:00.25 | Mem:105.57M, Peak:105.57M | Scene, ViewLayer | Updating Objects Flags
Fra:94 Mem:126.72M (Peak 148.65M) | Time:00:00.25 | Mem:105.57M, Peak:105.57M | Scene, ViewLayer | Updating Primitive Offsets
Fra:94 Mem:126.72M (Peak 148.65M) | Time:00:00.25 | Mem:105.57M, Peak:105.57M | Scene, ViewLayer | Updating Images
Fra:94 Mem:126.72M (Peak 148.65M) | Time:00:00.25 | Mem:105.57M, Peak:105.57M | Scene, ViewLayer | Updating Camera Volume
Fra:94 Mem:126.72M (Peak 148.65M) | Time:00:00.25 | Mem:105.57M, Peak:105.57M | Scene, ViewLayer | Updating Lookup Tables
Fra:94 Mem:126.72M (Peak 148.65M) | Time:00:00.25 | Mem:105.65M, Peak:105.65M | Scene, ViewLayer | Updating Lights
Fra:94 Mem:126.72M (Peak 148.65M) | Time:00:00.25 | Mem:105.65M, Peak:105.65M | Scene, ViewLayer | Updating Lights | Computing tree
Fra:94 Mem:126.73M (Peak 148.65M) | Time:00:00.25 | Mem:105.66M, Peak:105.66M | Scene, ViewLayer | Updating Integrator
Fra:94 Mem:126.73M (Peak 148.65M) | Time:00:00.25 | Mem:105.66M, Peak:105.66M | Scene, ViewLayer | Updating Film
Fra:94 Mem:126.73M (Peak 148.65M) | Time:00:00.25 | Mem:105.58M, Peak:105.66M | Scene, ViewLayer | Updating Lookup Tables
Fra:94 Mem:126.73M (Peak 148.65M) | Time:00:00.25 | Mem:105.67M, Peak:105.67M | Scene, ViewLayer | Updating Baking
Fra:94 Mem:126.73M (Peak 148.65M) | Time:00:00.25 | Mem:105.67M, Peak:105.67M | Scene, ViewLayer | Updating Device | Writing constant memory
Fra:94 Mem:126.74M (Peak 148.65M) | Time:00:00.25 | Mem:105.67M, Peak:105.67M | Scene, ViewLayer | Sample 0/16
Fra:94 Mem:132.94M (Peak 148.65M) | Time:00:00.59 | Remaining:00:05.09 | Mem:111.86M, Peak:111.86M | Scene, ViewLayer | Sample 1/16
Fra:94 Mem:135.68M (Peak 148.65M) | Time:00:05.50 | Mem:111.86M, Peak:111.86M | Scene, ViewLayer | Sample 16/16
Fra:94 Mem:135.68M (Peak 148.65M) | Time:00:05.50 | Mem:111.86M, Peak:111.86M | Scene, ViewLayer | Finished
Fra:94 Mem:23.76M (Peak 148.65M) | Time:00:05.50 | Compositing
Saved: 'work/preview-frames/mj/frame_0094.png'
Time: 00:05.59 (Saving: 00:00.03)

Fra:95 Mem:22.05M (Peak 22.05M) | Time:00:00.00 | Mem:0.00M, Peak:0.00M | Scene, ViewLayer | Synchronizing object | 柔光主灯
Fra:95 Mem:22.06M (Peak 22.06M) | Time:00:00.00 | Mem:0.00M, Peak:0.00M | Scene, ViewLayer | Synchronizing object | 内圈 · 古金细边
Fra:95 Mem:22.06M (Peak 22.06M) | Time:00:00.00 | Mem:0.00M, Peak:0.00M | Scene, ViewLayer | Synchronizing object | 正面均匀补光
Fra:95 Mem:22.06M (Peak 22.06M) | Time:00:00.00 | Mem:0.00M, Peak:0.00M | Scene, ViewLayer | Synchronizing object | 顶部金光
Fra:95 Mem:22.06M (Peak 22.06M) | Time:00:00.00 | Mem:0.00M, Peak:0.00M | Scene, ViewLayer | Synchronizing object | 主体平面 · 完整视差合成
Fra:95 Mem:22.06M (Peak 22.06M) | Time:00:00.00 | Mem:0.00M, Peak:0.00M | Scene, ViewLayer | Synchronizing object | 外圈 · 全息压边
Fra:95 Mem:22.08M (Peak 22.08M) | Time:00:00.00 | Mem:0.00M, Peak:0.00M | Scene, ViewLayer | Synchronizing object | 文字平面 · Alpha PNG
Fra:95 Mem:22.09M (Peak 22.09M) | Time:00:00.00 | Mem:0.00M, Peak:0.00M | Scene, ViewLayer | Initializing
Fra:95 Mem:22.07M (Peak 22.09M) | Time:00:00.00 | Mem:0.00M, Peak:0.00M | Scene, ViewLayer | Updating Images | Loading text.png
Fra:95 Mem:22.07M (Peak 22.09M) | Time:00:00.00 | Mem:0.00M, Peak:0.00M | Scene, ViewLayer | Updating Images | Loading subject.png
Fra:95 Mem:64.27M (Peak 85.36M) | Time:00:00.09 | Mem:21.09M, Peak:21.09M | Scene, ViewLayer | Updating Images | Loading lineart.png
Fra:95 Mem:85.36M (Peak 106.47M) | Time:00:00.12 | Mem:42.19M, Peak:42.19M | Scene, ViewLayer | Updating Images | Loading background.png
Fra:95 Mem:126.57M (Peak 148.65M) | Time:00:00.25 | Mem:105.47M, Peak:105.47M | Scene, ViewLayer | Waiting for render to start
Fra:95 Mem:126.57M (Peak 148.65M) | Time:00:00.25 | Mem:105.47M, Peak:105.47M | Scene, ViewLayer | Updating Scene
Fra:95 Mem:126.57M (Peak 148.65M) | Time:00:00.25 | Mem:105.47M, Peak:105.47M | Scene, ViewLayer | Updating Shaders
Fra:95 Mem:126.57M (Peak 148.65M) | Time:00:00.25 | Mem:105.47M, Peak:105.47M | Scene, ViewLayer | Loading render kernels (may take a few minutes the first time)
Fra:95 Mem:126.69M (Peak 148.65M) | Time:00:00.25 | Mem:105.50M, Peak:105.50M | Scene, ViewLayer | Updating Procedurals
Fra:95 Mem:126.69M (Peak 148.65M) | Time:00:00.25 | Mem:105.50M, Peak:105.50M | Scene, ViewLayer | Updating Background
Fra:95 Mem:126.69M (Peak 148.65M) | Time:00:00.25 | Mem:105.50M, Peak:105.50M | Scene, ViewLayer | Updating Camera
Fra:95 Mem:126.69M (Peak 148.65M) | Time:00:00.25 | Mem:105.50M, Peak:105.50M | Scene, ViewLayer | Updating Meshes Flags
Fra:95 Mem:126.69M (Peak 148.65M) | Time:00:00.25 | Mem:105.50M, Peak:105.50M | Scene, ViewLayer | Updating Objects
Fra:95 Mem:126.69M (Peak 148.65M) | Time:00:00.25 | Mem:105.50M, Peak:105.50M | Scene, ViewLayer | Updating Objects | Copying Transformations to device
Fra:95 Mem:126.69M (Peak 148.65M) | Time:00:00.25 | Mem:105.51M, Peak:105.51M | Scene, ViewLayer | Updating Particle Systems
Fra:95 Mem:126.69M (Peak 148.65M) | Time:00:00.25 | Mem:105.51M, Peak:105.51M | Scene, ViewLayer | Updating Particle Systems | Copying Particles to device
Fra:95 Mem:126.69M (Peak 148.65M) | Time:00:00.25 | Mem:105.51M, Peak:105.51M | Scene, ViewLayer | Updating Meshes
Fra:95 Mem:126.69M (Peak 148.65M) | Time:00:00.25 | Mem:105.51M, Peak:105.51M | Scene, ViewLayer | Updating Objects | Applying Static Transformations
Fra:95 Mem:126.69M (Peak 148.65M) | Time:00:00.25 | Mem:105.51M, Peak:105.51M | Scene, ViewLayer | Updating Mesh | Computing attributes
Fra:95 Mem:126.71M (Peak 148.65M) | Time:00:00.25 | Mem:105.51M, Peak:105.51M | Scene, ViewLayer | Updating Mesh | Copying Attributes to device
Fra:95 Mem:126.70M (Peak 148.65M) | Time:00:00.25 | Mem:105.52M, Peak:105.52M | Scene, ViewLayer | Updating Scene BVH | Building
Fra:95 Mem:126.70M (Peak 148.65M) | Time:00:00.25 | Mem:105.52M, Peak:105.52M | Scene, ViewLayer | Updating Scene BVH | Building BVH
Fra:95 Mem:126.70M (Peak 148.65M) | Time:00:00.25 | Mem:105.53M, Peak:105.53M | Scene, ViewLayer | Updating Scene BVH | Building BVH 0%
Fra:95 Mem:126.70M (Peak 148.65M) | Time:00:00.25 | Mem:105.56M, Peak:105.57M | Scene, ViewLayer | Updating Scene BVH | Copying BVH to device
Fra:95 Mem:126.70M (Peak 148.65M) | Time:00:00.25 | Mem:105.56M, Peak:105.57M | Scene, ViewLayer | Updating Mesh | Computing normals
Fra:95 Mem:126.72M (Peak 148.65M) | Time:00:00.25 | Mem:105.56M, Peak:105.57M | Scene, ViewLayer | Updating Mesh | Copying Mesh to device
Fra:95 Mem:126.72M (Peak 148.65M) | Time:00:00.25 | Mem:105.57M, Peak:105.57M | Scene, ViewLayer | Updating Objects Flags
Fra:95 Mem:126.72M (Peak 148.65M) | Time:00:00.25 | Mem:105.57M, Peak:105.57M | Scene, ViewLayer | Updating Primitive Offsets
Fra:95 Mem:126.72M (Peak 148.65M) | Time:00:00.25 | Mem:105.57M, Peak:105.57M | Scene, ViewLayer | Updating Images
Fra:95 Mem:126.72M (Peak 148.65M) | Time:00:00.25 | Mem:105.57M, Peak:105.57M | Scene, ViewLayer | Updating Camera Volume
Fra:95 Mem:126.72M (Peak 148.65M) | Time:00:00.25 | Mem:105.57M, Peak:105.57M | Scene, ViewLayer | Updating Lookup Tables
Fra:95 Mem:126.72M (Peak 148.65M) | Time:00:00.25 | Mem:105.65M, Peak:105.65M | Scene, ViewLayer | Updating Lights
Fra:95 Mem:126.72M (Peak 148.65M) | Time:00:00.25 | Mem:105.65M, Peak:105.65M | Scene, ViewLayer | Updating Lights | Computing tree
Fra:95 Mem:126.73M (Peak 148.65M) | Time:00:00.25 | Mem:105.66M, Peak:105.66M | Scene, ViewLayer | Updating Integrator
Fra:95 Mem:126.73M (Peak 148.65M) | Time:00:00.25 | Mem:105.66M, Peak:105.66M | Scene, ViewLayer | Updating Film
Fra:95 Mem:126.73M (Peak 148.65M) | Time:00:00.25 | Mem:105.58M, Peak:105.66M | Scene, ViewLayer | Updating Lookup Tables
Fra:95 Mem:126.73M (Peak 148.65M) | Time:00:00.25 | Mem:105.67M, Peak:105.67M | Scene, ViewLayer | Updating Baking
Fra:95 Mem:126.73M (Peak 148.65M) | Time:00:00.25 | Mem:105.67M, Peak:105.67M | Scene, ViewLayer | Updating Device | Writing constant memory
Fra:95 Mem:126.74M (Peak 148.65M) | Time:00:00.25 | Mem:105.67M, Peak:105.67M | Scene, ViewLayer | Sample 0/16
Fra:95 Mem:132.94M (Peak 148.65M) | Time:00:00.59 | Remaining:00:05.14 | Mem:111.86M, Peak:111.86M | Scene, ViewLayer | Sample 1/16
Fra:95 Mem:135.68M (Peak 148.65M) | Time:00:05.58 | Mem:111.86M, Peak:111.86M | Scene, ViewLayer | Sample 16/16
Fra:95 Mem:135.68M (Peak 148.65M) | Time:00:05.58 | Mem:111.86M, Peak:111.86M | Scene, ViewLayer | Finished
Fra:95 Mem:23.76M (Peak 148.65M) | Time:00:05.58 | Compositing
Saved: 'work/preview-frames/mj/frame_0095.png'
Time: 00:05.67 (Saving: 00:00.03)

Fra:96 Mem:22.05M (Peak 22.05M) | Time:00:00.00 | Mem:0.00M, Peak:0.00M | Scene, ViewLayer | Synchronizing object | 柔光主灯
Fra:96 Mem:22.06M (Peak 22.06M) | Time:00:00.00 | Mem:0.00M, Peak:0.00M | Scene, ViewLayer | Synchronizing object | 内圈 · 古金细边
Fra:96 Mem:22.06M (Peak 22.06M) | Time:00:00.00 | Mem:0.00M, Peak:0.00M | Scene, ViewLayer | Synchronizing object | 正面均匀补光
Fra:96 Mem:22.06M (Peak 22.06M) | Time:00:00.00 | Mem:0.00M, Peak:0.00M | Scene, ViewLayer | Synchronizing object | 顶部金光
Fra:96 Mem:22.06M (Peak 22.06M) | Time:00:00.00 | Mem:0.00M, Peak:0.00M | Scene, ViewLayer | Synchronizing object | 主体平面 · 完整视差合成
Fra:96 Mem:22.06M (Peak 22.06M) | Time:00:00.00 | Mem:0.00M, Peak:0.00M | Scene, ViewLayer | Synchronizing object | 外圈 · 全息压边
Fra:96 Mem:22.08M (Peak 22.08M) | Time:00:00.00 | Mem:0.00M, Peak:0.00M | Scene, ViewLayer | Synchronizing object | 文字平面 · Alpha PNG
Fra:96 Mem:22.09M (Peak 22.09M) | Time:00:00.00 | Mem:0.00M, Peak:0.00M | Scene, ViewLayer | Initializing
Fra:96 Mem:22.07M (Peak 22.09M) | Time:00:00.00 | Mem:0.00M, Peak:0.00M | Scene, ViewLayer | Updating Images | Loading text.png
Fra:96 Mem:22.07M (Peak 22.09M) | Time:00:00.00 | Mem:0.00M, Peak:0.00M | Scene, ViewLayer | Updating Images | Loading subject.png
Fra:96 Mem:64.27M (Peak 85.36M) | Time:00:00.09 | Mem:21.09M, Peak:21.09M | Scene, ViewLayer | Updating Images | Loading lineart.png
Fra:96 Mem:85.36M (Peak 106.47M) | Time:00:00.12 | Mem:42.19M, Peak:42.19M | Scene, ViewLayer | Updating Images | Loading background.png
Fra:96 Mem:126.57M (Peak 148.65M) | Time:00:00.24 | Mem:105.47M, Peak:105.47M | Scene, ViewLayer | Waiting for render to start
Fra:96 Mem:126.57M (Peak 148.65M) | Time:00:00.24 | Mem:105.47M, Peak:105.47M | Scene, ViewLayer | Updating Scene
Fra:96 Mem:126.57M (Peak 148.65M) | Time:00:00.24 | Mem:105.47M, Peak:105.47M | Scene, ViewLayer | Updating Shaders
Fra:96 Mem:126.57M (Peak 148.65M) | Time:00:00.24 | Mem:105.47M, Peak:105.47M | Scene, ViewLayer | Loading render kernels (may take a few minutes the first time)
Fra:96 Mem:126.69M (Peak 148.65M) | Time:00:00.24 | Mem:105.50M, Peak:105.50M | Scene, ViewLayer | Updating Procedurals
Fra:96 Mem:126.69M (Peak 148.65M) | Time:00:00.24 | Mem:105.50M, Peak:105.50M | Scene, ViewLayer | Updating Background
Fra:96 Mem:126.69M (Peak 148.65M) | Time:00:00.24 | Mem:105.50M, Peak:105.50M | Scene, ViewLayer | Updating Camera
Fra:96 Mem:126.69M (Peak 148.65M) | Time:00:00.24 | Mem:105.50M, Peak:105.50M | Scene, ViewLayer | Updating Meshes Flags
Fra:96 Mem:126.69M (Peak 148.65M) | Time:00:00.24 | Mem:105.50M, Peak:105.50M | Scene, ViewLayer | Updating Objects
Fra:96 Mem:126.69M (Peak 148.65M) | Time:00:00.24 | Mem:105.50M, Peak:105.50M | Scene, ViewLayer | Updating Objects | Copying Transformations to device
Fra:96 Mem:126.69M (Peak 148.65M) | Time:00:00.24 | Mem:105.51M, Peak:105.51M | Scene, ViewLayer | Updating Particle Systems
Fra:96 Mem:126.69M (Peak 148.65M) | Time:00:00.24 | Mem:105.51M, Peak:105.51M | Scene, ViewLayer | Updating Particle Systems | Copying Particles to device
Fra:96 Mem:126.69M (Peak 148.65M) | Time:00:00.24 | Mem:105.51M, Peak:105.51M | Scene, ViewLayer | Updating Meshes
Fra:96 Mem:126.69M (Peak 148.65M) | Time:00:00.24 | Mem:105.51M, Peak:105.51M | Scene, ViewLayer | Updating Objects | Applying Static Transformations
Fra:96 Mem:126.69M (Peak 148.65M) | Time:00:00.24 | Mem:105.51M, Peak:105.51M | Scene, ViewLayer | Updating Mesh | Computing attributes
Fra:96 Mem:126.71M (Peak 148.65M) | Time:00:00.24 | Mem:105.51M, Peak:105.51M | Scene, ViewLayer | Updating Mesh | Copying Attributes to device
Fra:96 Mem:126.70M (Peak 148.65M) | Time:00:00.24 | Mem:105.52M, Peak:105.52M | Scene, ViewLayer | Updating Scene BVH | Building
Fra:96 Mem:126.70M (Peak 148.65M) | Time:00:00.24 | Mem:105.52M, Peak:105.52M | Scene, ViewLayer | Updating Scene BVH | Building BVH
Fra:96 Mem:126.70M (Peak 148.65M) | Time:00:00.25 | Mem:105.53M, Peak:105.53M | Scene, ViewLayer | Updating Scene BVH | Building BVH 0%
Fra:96 Mem:126.70M (Peak 148.65M) | Time:00:00.25 | Mem:105.56M, Peak:105.57M | Scene, ViewLayer | Updating Scene BVH | Copying BVH to device
Fra:96 Mem:126.70M (Peak 148.65M) | Time:00:00.25 | Mem:105.56M, Peak:105.57M | Scene, ViewLayer | Updating Mesh | Computing normals
Fra:96 Mem:126.72M (Peak 148.65M) | Time:00:00.25 | Mem:105.56M, Peak:105.57M | Scene, ViewLayer | Updating Mesh | Copying Mesh to device
Fra:96 Mem:126.72M (Peak 148.65M) | Time:00:00.25 | Mem:105.57M, Peak:105.57M | Scene, ViewLayer | Updating Objects Flags
Fra:96 Mem:126.72M (Peak 148.65M) | Time:00:00.25 | Mem:105.57M, Peak:105.57M | Scene, ViewLayer | Updating Primitive Offsets
Fra:96 Mem:126.72M (Peak 148.65M) | Time:00:00.25 | Mem:105.57M, Peak:105.57M | Scene, ViewLayer | Updating Images
Fra:96 Mem:126.72M (Peak 148.65M) | Time:00:00.25 | Mem:105.57M, Peak:105.57M | Scene, ViewLayer | Updating Camera Volume
Fra:96 Mem:126.72M (Peak 148.65M) | Time:00:00.25 | Mem:105.57M, Peak:105.57M | Scene, ViewLayer | Updating Lookup Tables
Fra:96 Mem:126.72M (Peak 148.65M) | Time:00:00.25 | Mem:105.65M, Peak:105.65M | Scene, ViewLayer | Updating Lights
Fra:96 Mem:126.72M (Peak 148.65M) | Time:00:00.25 | Mem:105.65M, Peak:105.65M | Scene, ViewLayer | Updating Lights | Computing tree
Fra:96 Mem:126.73M (Peak 148.65M) | Time:00:00.25 | Mem:105.66M, Peak:105.66M | Scene, ViewLayer | Updating Integrator
Fra:96 Mem:126.73M (Peak 148.65M) | Time:00:00.25 | Mem:105.66M, Peak:105.66M | Scene, ViewLayer | Updating Film
Fra:96 Mem:126.73M (Peak 148.65M) | Time:00:00.25 | Mem:105.58M, Peak:105.66M | Scene, ViewLayer | Updating Lookup Tables
Fra:96 Mem:126.73M (Peak 148.65M) | Time:00:00.25 | Mem:105.67M, Peak:105.67M | Scene, ViewLayer | Updating Baking
Fra:96 Mem:126.73M (Peak 148.65M) | Time:00:00.25 | Mem:105.67M, Peak:105.67M | Scene, ViewLayer | Updating Device | Writing constant memory
Fra:96 Mem:126.74M (Peak 148.65M) | Time:00:00.25 | Mem:105.67M, Peak:105.67M | Scene, ViewLayer | Sample 0/16
Fra:96 Mem:132.94M (Peak 148.65M) | Time:00:00.59 | Remaining:00:05.13 | Mem:111.86M, Peak:111.86M | Scene, ViewLayer | Sample 1/16
Fra:96 Mem:135.68M (Peak 148.65M) | Time:00:05.57 | Mem:111.86M, Peak:111.86M | Scene, ViewLayer | Sample 16/16
Fra:96 Mem:135.68M (Peak 148.65M) | Time:00:05.57 | Mem:111.86M, Peak:111.86M | Scene, ViewLayer | Finished
Fra:96 Mem:23.76M (Peak 148.65M) | Time:00:05.58 | Compositing
Saved: 'work/preview-frames/mj/frame_0096.png'
Time: 00:05.66 (Saving: 00:00.03)

[preview] pivot=OK  frames=77..96  size=360x500
[preview] done → work/preview-frames/mj（20 帧）

Blender quit
