Blender 4.5.9 LTS (hash 8bf95cbd38d1 built 2026-04-21 01:31:15)
Read blend: "/home/user/Doubao/chats/38444574205007618/holo-lab/generator/projects/mj-demo/card.blend"
Fra:1 Mem:20.03M (Peak 20.03M) | Time:00:00.00 | Mem:0.00M, Peak:0.00M | Scene, ViewLayer | Synchronizing object | 柔光主灯
Fra:1 Mem:20.04M (Peak 20.04M) | Time:00:00.00 | Mem:0.00M, Peak:0.00M | Scene, ViewLayer | Synchronizing object | 内圈 · 古金细边
Fra:1 Mem:20.04M (Peak 20.04M) | Time:00:00.00 | Mem:0.00M, Peak:0.00M | Scene, ViewLayer | Synchronizing object | 正面均匀补光
Fra:1 Mem:20.04M (Peak 20.04M) | Time:00:00.00 | Mem:0.00M, Peak:0.00M | Scene, ViewLayer | Synchronizing object | 顶部金光
Fra:1 Mem:20.04M (Peak 20.04M) | Time:00:00.00 | Mem:0.00M, Peak:0.00M | Scene, ViewLayer | Synchronizing object | 主体平面 · 完整视差合成
Fra:1 Mem:20.05M (Peak 20.05M) | Time:00:00.00 | Mem:0.00M, Peak:0.00M | Scene, ViewLayer | Synchronizing object | 外圈 · 全息压边
Fra:1 Mem:20.07M (Peak 20.07M) | Time:00:00.00 | Mem:0.00M, Peak:0.00M | Scene, ViewLayer | Synchronizing object | 文字平面 · Alpha PNG
Fra:1 Mem:20.09M (Peak 20.09M) | Time:00:00.00 | Mem:0.00M, Peak:0.00M | Scene, ViewLayer | Initializing
Fra:1 Mem:20.07M (Peak 20.09M) | Time:00:00.00 | Mem:0.00M, Peak:0.00M | Scene, ViewLayer | Updating Images | Loading text.png
Fra:1 Mem:20.07M (Peak 20.09M) | Time:00:00.00 | Mem:0.00M, Peak:0.00M | Scene, ViewLayer | Updating Images | Loading subject.png
Fra:1 Mem:62.27M (Peak 83.36M) | Time:00:00.13 | Mem:21.09M, Peak:21.09M | Scene, ViewLayer | Updating Images | Loading background.png
Fra:1 Mem:83.36M (Peak 104.46M) | Time:00:00.21 | Mem:42.19M, Peak:42.19M | Scene, ViewLayer | Updating Images | Loading lineart.png
Fra:1 Mem:125.56M (Peak 146.66M) | Time:00:00.27 | Mem:63.28M, Peak:63.28M | Scene, ViewLayer | Updating Images | Loading background.png
Fra:1 Mem:124.57M (Peak 146.66M) | Time:00:00.39 | Mem:105.47M, Peak:105.47M | Scene, ViewLayer | Waiting for render to start
Fra:1 Mem:124.57M (Peak 146.66M) | Time:00:00.39 | Mem:105.47M, Peak:105.47M | Scene, ViewLayer | Updating Scene
Fra:1 Mem:124.57M (Peak 146.66M) | Time:00:00.39 | Mem:105.47M, Peak:105.47M | Scene, ViewLayer | Updating Shaders
Fra:1 Mem:124.57M (Peak 146.66M) | Time:00:00.39 | Mem:105.47M, Peak:105.47M | Scene, ViewLayer | Loading render kernels (may take a few minutes the first time)
Fra:1 Mem:124.69M (Peak 146.66M) | Time:00:00.39 | Mem:105.50M, Peak:105.50M | Scene, ViewLayer | Updating Procedurals
Fra:1 Mem:124.69M (Peak 146.66M) | Time:00:00.39 | Mem:105.50M, Peak:105.50M | Scene, ViewLayer | Updating Background
Fra:1 Mem:124.69M (Peak 146.66M) | Time:00:00.39 | Mem:105.50M, Peak:105.50M | Scene, ViewLayer | Updating Camera
Fra:1 Mem:124.69M (Peak 146.66M) | Time:00:00.39 | Mem:105.50M, Peak:105.50M | Scene, ViewLayer | Updating Meshes Flags
Fra:1 Mem:124.69M (Peak 146.66M) | Time:00:00.39 | Mem:105.50M, Peak:105.50M | Scene, ViewLayer | Updating Objects
Fra:1 Mem:124.69M (Peak 146.66M) | Time:00:00.39 | Mem:105.50M, Peak:105.50M | Scene, ViewLayer | Updating Objects | Copying Transformations to device
Fra:1 Mem:124.69M (Peak 146.66M) | Time:00:00.39 | Mem:105.51M, Peak:105.51M | Scene, ViewLayer | Updating Particle Systems
Fra:1 Mem:124.69M (Peak 146.66M) | Time:00:00.39 | Mem:105.51M, Peak:105.51M | Scene, ViewLayer | Updating Particle Systems | Copying Particles to device
Fra:1 Mem:124.69M (Peak 146.66M) | Time:00:00.39 | Mem:105.51M, Peak:105.51M | Scene, ViewLayer | Updating Meshes
Fra:1 Mem:124.69M (Peak 146.66M) | Time:00:00.39 | Mem:105.51M, Peak:105.51M | Scene, ViewLayer | Updating Objects | Applying Static Transformations
Fra:1 Mem:124.69M (Peak 146.66M) | Time:00:00.39 | Mem:105.51M, Peak:105.51M | Scene, ViewLayer | Updating Mesh | Computing attributes
Fra:1 Mem:124.70M (Peak 146.66M) | Time:00:00.39 | Mem:105.51M, Peak:105.51M | Scene, ViewLayer | Updating Mesh | Copying Attributes to device
Fra:1 Mem:124.70M (Peak 146.66M) | Time:00:00.39 | Mem:105.52M, Peak:105.52M | Scene, ViewLayer | Updating Scene BVH | Building
Fra:1 Mem:124.70M (Peak 146.66M) | Time:00:00.39 | Mem:105.52M, Peak:105.52M | Scene, ViewLayer | Updating Scene BVH | Building BVH
Fra:1 Mem:124.70M (Peak 146.66M) | Time:00:00.39 | Mem:105.53M, Peak:105.53M | Scene, ViewLayer | Updating Scene BVH | Building BVH 0%
Fra:1 Mem:124.70M (Peak 146.66M) | Time:00:00.39 | Mem:105.56M, Peak:105.57M | Scene, ViewLayer | Updating Scene BVH | Copying BVH to device
Fra:1 Mem:124.70M (Peak 146.66M) | Time:00:00.39 | Mem:105.56M, Peak:105.57M | Scene, ViewLayer | Updating Mesh | Computing normals
Fra:1 Mem:124.72M (Peak 146.66M) | Time:00:00.39 | Mem:105.56M, Peak:105.57M | Scene, ViewLayer | Updating Mesh | Copying Mesh to device
Fra:1 Mem:124.72M (Peak 146.66M) | Time:00:00.39 | Mem:105.57M, Peak:105.57M | Scene, ViewLayer | Updating Objects Flags
Fra:1 Mem:124.72M (Peak 146.66M) | Time:00:00.39 | Mem:105.57M, Peak:105.57M | Scene, ViewLayer | Updating Primitive Offsets
Fra:1 Mem:124.72M (Peak 146.66M) | Time:00:00.39 | Mem:105.57M, Peak:105.57M | Scene, ViewLayer | Updating Images
Fra:1 Mem:124.72M (Peak 146.66M) | Time:00:00.39 | Mem:105.57M, Peak:105.57M | Scene, ViewLayer | Updating Camera Volume
Fra:1 Mem:124.72M (Peak 146.66M) | Time:00:00.39 | Mem:105.57M, Peak:105.57M | Scene, ViewLayer | Updating Lookup Tables
Fra:1 Mem:124.72M (Peak 146.66M) | Time:00:00.39 | Mem:105.65M, Peak:105.65M | Scene, ViewLayer | Updating Lights
Fra:1 Mem:124.72M (Peak 146.66M) | Time:00:00.39 | Mem:105.65M, Peak:105.65M | Scene, ViewLayer | Updating Lights | Computing tree
Fra:1 Mem:124.73M (Peak 146.66M) | Time:00:00.39 | Mem:105.66M, Peak:105.66M | Scene, ViewLayer | Updating Integrator
Fra:1 Mem:124.73M (Peak 146.66M) | Time:00:00.39 | Mem:105.66M, Peak:105.66M | Scene, ViewLayer | Updating Film
Fra:1 Mem:124.73M (Peak 146.66M) | Time:00:00.40 | Mem:105.58M, Peak:105.66M | Scene, ViewLayer | Updating Lookup Tables
Fra:1 Mem:124.73M (Peak 146.66M) | Time:00:00.40 | Mem:105.67M, Peak:105.67M | Scene, ViewLayer | Updating Baking
Fra:1 Mem:124.73M (Peak 146.66M) | Time:00:00.40 | Mem:105.67M, Peak:105.67M | Scene, ViewLayer | Updating Device | Writing constant memory
Fra:1 Mem:124.73M (Peak 146.66M) | Time:00:00.40 | Mem:105.67M, Peak:105.67M | Scene, ViewLayer | Sample 0/16
Fra:1 Mem:130.93M (Peak 146.66M) | Time:00:00.74 | Remaining:00:05.20 | Mem:111.86M, Peak:111.86M | Scene, ViewLayer | Sample 1/16
Fra:1 Mem:133.68M (Peak 146.66M) | Time:00:05.72 | Mem:111.86M, Peak:111.86M | Scene, ViewLayer | Sample 16/16
Fra:1 Mem:133.68M (Peak 146.66M) | Time:00:05.72 | Mem:111.86M, Peak:111.86M | Scene, ViewLayer | Finished
Fra:1 Mem:21.76M (Peak 146.66M) | Time:00:05.72 | Compositing
Saved: 'work/preview-frames/mj/frame_0001.png'
Time: 00:05.89 (Saving: 00:00.11)

Fra:2 Mem:22.05M (Peak 22.05M) | Time:00:00.00 | Mem:0.00M, Peak:0.00M | Scene, ViewLayer | Synchronizing object | 柔光主灯
Fra:2 Mem:22.05M (Peak 22.05M) | Time:00:00.00 | Mem:0.00M, Peak:0.00M | Scene, ViewLayer | Synchronizing object | 内圈 · 古金细边
Fra:2 Mem:22.05M (Peak 22.05M) | Time:00:00.00 | Mem:0.00M, Peak:0.00M | Scene, ViewLayer | Synchronizing object | 正面均匀补光
Fra:2 Mem:22.05M (Peak 22.05M) | Time:00:00.00 | Mem:0.00M, Peak:0.00M | Scene, ViewLayer | Synchronizing object | 顶部金光
Fra:2 Mem:22.06M (Peak 22.06M) | Time:00:00.00 | Mem:0.00M, Peak:0.00M | Scene, ViewLayer | Synchronizing object | 主体平面 · 完整视差合成
Fra:2 Mem:22.06M (Peak 22.06M) | Time:00:00.00 | Mem:0.00M, Peak:0.00M | Scene, ViewLayer | Synchronizing object | 外圈 · 全息压边
Fra:2 Mem:22.08M (Peak 22.08M) | Time:00:00.00 | Mem:0.00M, Peak:0.00M | Scene, ViewLayer | Synchronizing object | 文字平面 · Alpha PNG
Fra:2 Mem:22.09M (Peak 22.09M) | Time:00:00.00 | Mem:0.00M, Peak:0.00M | Scene, ViewLayer | Initializing
Fra:2 Mem:22.07M (Peak 22.09M) | Time:00:00.00 | Mem:0.00M, Peak:0.00M | Scene, ViewLayer | Updating Images | Loading subject.png
Fra:2 Mem:22.07M (Peak 22.09M) | Time:00:00.00 | Mem:0.00M, Peak:0.00M | Scene, ViewLayer | Updating Images | Loading text.png
Fra:2 Mem:85.37M (Peak 106.46M) | Time:00:00.10 | Mem:21.09M, Peak:21.09M | Scene, ViewLayer | Updating Images | Loading lineart.png
Fra:2 Mem:85.36M (Peak 106.46M) | Time:00:00.12 | Mem:42.19M, Peak:42.19M | Scene, ViewLayer | Updating Images | Loading background.png
Fra:2 Mem:126.57M (Peak 148.65M) | Time:00:00.24 | Mem:105.47M, Peak:105.47M | Scene, ViewLayer | Waiting for render to start
Fra:2 Mem:126.57M (Peak 148.65M) | Time:00:00.24 | Mem:105.47M, Peak:105.47M | Scene, ViewLayer | Updating Scene
Fra:2 Mem:126.57M (Peak 148.65M) | Time:00:00.24 | Mem:105.47M, Peak:105.47M | Scene, ViewLayer | Updating Shaders
Fra:2 Mem:126.57M (Peak 148.65M) | Time:00:00.24 | Mem:105.47M, Peak:105.47M | Scene, ViewLayer | Loading render kernels (may take a few minutes the first time)
Fra:2 Mem:126.69M (Peak 148.65M) | Time:00:00.24 | Mem:105.50M, Peak:105.50M | Scene, ViewLayer | Updating Procedurals
Fra:2 Mem:126.69M (Peak 148.65M) | Time:00:00.24 | Mem:105.50M, Peak:105.50M | Scene, ViewLayer | Updating Background
Fra:2 Mem:126.69M (Peak 148.65M) | Time:00:00.24 | Mem:105.50M, Peak:105.50M | Scene, ViewLayer | Updating Camera
Fra:2 Mem:126.69M (Peak 148.65M) | Time:00:00.24 | Mem:105.50M, Peak:105.50M | Scene, ViewLayer | Updating Meshes Flags
Fra:2 Mem:126.69M (Peak 148.65M) | Time:00:00.24 | Mem:105.50M, Peak:105.50M | Scene, ViewLayer | Updating Objects
Fra:2 Mem:126.69M (Peak 148.65M) | Time:00:00.24 | Mem:105.50M, Peak:105.50M | Scene, ViewLayer | Updating Objects | Copying Transformations to device
Fra:2 Mem:126.69M (Peak 148.65M) | Time:00:00.24 | Mem:105.51M, Peak:105.51M | Scene, ViewLayer | Updating Particle Systems
Fra:2 Mem:126.69M (Peak 148.65M) | Time:00:00.24 | Mem:105.51M, Peak:105.51M | Scene, ViewLayer | Updating Particle Systems | Copying Particles to device
Fra:2 Mem:126.69M (Peak 148.65M) | Time:00:00.24 | Mem:105.51M, Peak:105.51M | Scene, ViewLayer | Updating Meshes
Fra:2 Mem:126.69M (Peak 148.65M) | Time:00:00.24 | Mem:105.51M, Peak:105.51M | Scene, ViewLayer | Updating Objects | Applying Static Transformations
Fra:2 Mem:126.69M (Peak 148.65M) | Time:00:00.24 | Mem:105.51M, Peak:105.51M | Scene, ViewLayer | Updating Mesh | Computing attributes
Fra:2 Mem:126.70M (Peak 148.65M) | Time:00:00.24 | Mem:105.51M, Peak:105.51M | Scene, ViewLayer | Updating Mesh | Copying Attributes to device
Fra:2 Mem:126.70M (Peak 148.65M) | Time:00:00.24 | Mem:105.52M, Peak:105.52M | Scene, ViewLayer | Updating Scene BVH | Building
Fra:2 Mem:126.70M (Peak 148.65M) | Time:00:00.24 | Mem:105.52M, Peak:105.52M | Scene, ViewLayer | Updating Scene BVH | Building BVH
Fra:2 Mem:126.70M (Peak 148.65M) | Time:00:00.24 | Mem:105.53M, Peak:105.53M | Scene, ViewLayer | Updating Scene BVH | Building BVH 0%
Fra:2 Mem:126.70M (Peak 148.65M) | Time:00:00.24 | Mem:105.56M, Peak:105.57M | Scene, ViewLayer | Updating Scene BVH | Copying BVH to device
Fra:2 Mem:126.70M (Peak 148.65M) | Time:00:00.24 | Mem:105.56M, Peak:105.57M | Scene, ViewLayer | Updating Mesh | Computing normals
Fra:2 Mem:126.72M (Peak 148.65M) | Time:00:00.24 | Mem:105.56M, Peak:105.57M | Scene, ViewLayer | Updating Mesh | Copying Mesh to device
Fra:2 Mem:126.72M (Peak 148.65M) | Time:00:00.24 | Mem:105.57M, Peak:105.57M | Scene, ViewLayer | Updating Objects Flags
Fra:2 Mem:126.72M (Peak 148.65M) | Time:00:00.24 | Mem:105.57M, Peak:105.57M | Scene, ViewLayer | Updating Primitive Offsets
Fra:2 Mem:126.72M (Peak 148.65M) | Time:00:00.24 | Mem:105.57M, Peak:105.57M | Scene, ViewLayer | Updating Images
Fra:2 Mem:126.72M (Peak 148.65M) | Time:00:00.24 | Mem:105.57M, Peak:105.57M | Scene, ViewLayer | Updating Camera Volume
Fra:2 Mem:126.72M (Peak 148.65M) | Time:00:00.24 | Mem:105.57M, Peak:105.57M | Scene, ViewLayer | Updating Lookup Tables
Fra:2 Mem:126.72M (Peak 148.65M) | Time:00:00.24 | Mem:105.65M, Peak:105.65M | Scene, ViewLayer | Updating Lights
Fra:2 Mem:126.72M (Peak 148.65M) | Time:00:00.24 | Mem:105.65M, Peak:105.65M | Scene, ViewLayer | Updating Lights | Computing tree
Fra:2 Mem:126.73M (Peak 148.65M) | Time:00:00.24 | Mem:105.66M, Peak:105.66M | Scene, ViewLayer | Updating Integrator
Fra:2 Mem:126.73M (Peak 148.65M) | Time:00:00.24 | Mem:105.66M, Peak:105.66M | Scene, ViewLayer | Updating Film
Fra:2 Mem:126.73M (Peak 148.65M) | Time:00:00.24 | Mem:105.58M, Peak:105.66M | Scene, ViewLayer | Updating Lookup Tables
Fra:2 Mem:126.73M (Peak 148.65M) | Time:00:00.24 | Mem:105.67M, Peak:105.67M | Scene, ViewLayer | Updating Baking
Fra:2 Mem:126.73M (Peak 148.65M) | Time:00:00.24 | Mem:105.67M, Peak:105.67M | Scene, ViewLayer | Updating Device | Writing constant memory
Fra:2 Mem:126.73M (Peak 148.65M) | Time:00:00.24 | Mem:105.67M, Peak:105.67M | Scene, ViewLayer | Sample 0/16
Fra:2 Mem:132.94M (Peak 148.65M) | Time:00:00.58 | Remaining:00:05.06 | Mem:111.86M, Peak:111.86M | Scene, ViewLayer | Sample 1/16
Fra:2 Mem:135.68M (Peak 148.65M) | Time:00:05.50 | Mem:111.86M, Peak:111.86M | Scene, ViewLayer | Sample 16/16
Fra:2 Mem:135.68M (Peak 148.65M) | Time:00:05.50 | Mem:111.86M, Peak:111.86M | Scene, ViewLayer | Finished
Fra:2 Mem:23.76M (Peak 148.65M) | Time:00:05.50 | Compositing
Saved: 'work/preview-frames/mj/frame_0002.png'
Time: 00:05.59 (Saving: 00:00.03)

Fra:3 Mem:22.05M (Peak 22.05M) | Time:00:00.00 | Mem:0.00M, Peak:0.00M | Scene, ViewLayer | Synchronizing object | 柔光主灯
Fra:3 Mem:22.05M (Peak 22.05M) | Time:00:00.00 | Mem:0.00M, Peak:0.00M | Scene, ViewLayer | Synchronizing object | 内圈 · 古金细边
Fra:3 Mem:22.05M (Peak 22.05M) | Time:00:00.00 | Mem:0.00M, Peak:0.00M | Scene, ViewLayer | Synchronizing object | 正面均匀补光
Fra:3 Mem:22.05M (Peak 22.05M) | Time:00:00.00 | Mem:0.00M, Peak:0.00M | Scene, ViewLayer | Synchronizing object | 顶部金光
Fra:3 Mem:22.06M (Peak 22.06M) | Time:00:00.00 | Mem:0.00M, Peak:0.00M | Scene, ViewLayer | Synchronizing object | 主体平面 · 完整视差合成
Fra:3 Mem:22.06M (Peak 22.06M) | Time:00:00.00 | Mem:0.00M, Peak:0.00M | Scene, ViewLayer | Synchronizing object | 外圈 · 全息压边
Fra:3 Mem:22.08M (Peak 22.08M) | Time:00:00.00 | Mem:0.00M, Peak:0.00M | Scene, ViewLayer | Synchronizing object | 文字平面 · Alpha PNG
Fra:3 Mem:22.09M (Peak 22.09M) | Time:00:00.00 | Mem:0.00M, Peak:0.00M | Scene, ViewLayer | Initializing
Fra:3 Mem:22.07M (Peak 22.09M) | Time:00:00.00 | Mem:0.00M, Peak:0.00M | Scene, ViewLayer | Updating Images | Loading text.png
Fra:3 Mem:22.07M (Peak 22.09M) | Time:00:00.00 | Mem:0.00M, Peak:0.00M | Scene, ViewLayer | Updating Images | Loading subject.png
Fra:3 Mem:64.27M (Peak 85.36M) | Time:00:00.10 | Mem:21.09M, Peak:21.09M | Scene, ViewLayer | Updating Images | Loading lineart.png
Fra:3 Mem:85.36M (Peak 106.46M) | Time:00:00.12 | Mem:42.19M, Peak:42.19M | Scene, ViewLayer | Updating Images | Loading background.png
Fra:3 Mem:126.57M (Peak 148.65M) | Time:00:00.25 | Mem:105.47M, Peak:105.47M | Scene, ViewLayer | Waiting for render to start
Fra:3 Mem:126.57M (Peak 148.65M) | Time:00:00.25 | Mem:105.47M, Peak:105.47M | Scene, ViewLayer | Updating Scene
Fra:3 Mem:126.57M (Peak 148.65M) | Time:00:00.25 | Mem:105.47M, Peak:105.47M | Scene, ViewLayer | Updating Shaders
Fra:3 Mem:126.57M (Peak 148.65M) | Time:00:00.25 | Mem:105.47M, Peak:105.47M | Scene, ViewLayer | Loading render kernels (may take a few minutes the first time)
Fra:3 Mem:126.69M (Peak 148.65M) | Time:00:00.25 | Mem:105.50M, Peak:105.50M | Scene, ViewLayer | Updating Procedurals
Fra:3 Mem:126.69M (Peak 148.65M) | Time:00:00.25 | Mem:105.50M, Peak:105.50M | Scene, ViewLayer | Updating Background
Fra:3 Mem:126.69M (Peak 148.65M) | Time:00:00.25 | Mem:105.50M, Peak:105.50M | Scene, ViewLayer | Updating Camera
Fra:3 Mem:126.69M (Peak 148.65M) | Time:00:00.25 | Mem:105.50M, Peak:105.50M | Scene, ViewLayer | Updating Meshes Flags
Fra:3 Mem:126.69M (Peak 148.65M) | Time:00:00.25 | Mem:105.50M, Peak:105.50M | Scene, ViewLayer | Updating Objects
Fra:3 Mem:126.69M (Peak 148.65M) | Time:00:00.25 | Mem:105.50M, Peak:105.50M | Scene, ViewLayer | Updating Objects | Copying Transformations to device
Fra:3 Mem:126.69M (Peak 148.65M) | Time:00:00.25 | Mem:105.51M, Peak:105.51M | Scene, ViewLayer | Updating Particle Systems
Fra:3 Mem:126.69M (Peak 148.65M) | Time:00:00.25 | Mem:105.51M, Peak:105.51M | Scene, ViewLayer | Updating Particle Systems | Copying Particles to device
Fra:3 Mem:126.69M (Peak 148.65M) | Time:00:00.25 | Mem:105.51M, Peak:105.51M | Scene, ViewLayer | Updating Meshes
Fra:3 Mem:126.69M (Peak 148.65M) | Time:00:00.25 | Mem:105.51M, Peak:105.51M | Scene, ViewLayer | Updating Objects | Applying Static Transformations
Fra:3 Mem:126.69M (Peak 148.65M) | Time:00:00.25 | Mem:105.51M, Peak:105.51M | Scene, ViewLayer | Updating Mesh | Computing attributes
Fra:3 Mem:126.70M (Peak 148.65M) | Time:00:00.25 | Mem:105.51M, Peak:105.51M | Scene, ViewLayer | Updating Mesh | Copying Attributes to device
Fra:3 Mem:126.70M (Peak 148.65M) | Time:00:00.25 | Mem:105.52M, Peak:105.52M | Scene, ViewLayer | Updating Scene BVH | Building
Fra:3 Mem:126.70M (Peak 148.65M) | Time:00:00.25 | Mem:105.52M, Peak:105.52M | Scene, ViewLayer | Updating Scene BVH | Building BVH
Fra:3 Mem:126.70M (Peak 148.65M) | Time:00:00.25 | Mem:105.53M, Peak:105.53M | Scene, ViewLayer | Updating Scene BVH | Building BVH 0%
Fra:3 Mem:126.70M (Peak 148.65M) | Time:00:00.25 | Mem:105.56M, Peak:105.57M | Scene, ViewLayer | Updating Scene BVH | Copying BVH to device
Fra:3 Mem:126.70M (Peak 148.65M) | Time:00:00.25 | Mem:105.56M, Peak:105.57M | Scene, ViewLayer | Updating Mesh | Computing normals
Fra:3 Mem:126.72M (Peak 148.65M) | Time:00:00.25 | Mem:105.56M, Peak:105.57M | Scene, ViewLayer | Updating Mesh | Copying Mesh to device
Fra:3 Mem:126.72M (Peak 148.65M) | Time:00:00.25 | Mem:105.57M, Peak:105.57M | Scene, ViewLayer | Updating Objects Flags
Fra:3 Mem:126.72M (Peak 148.65M) | Time:00:00.25 | Mem:105.57M, Peak:105.57M | Scene, ViewLayer | Updating Primitive Offsets
Fra:3 Mem:126.72M (Peak 148.65M) | Time:00:00.25 | Mem:105.57M, Peak:105.57M | Scene, ViewLayer | Updating Images
Fra:3 Mem:126.72M (Peak 148.65M) | Time:00:00.25 | Mem:105.57M, Peak:105.57M | Scene, ViewLayer | Updating Camera Volume
Fra:3 Mem:126.72M (Peak 148.65M) | Time:00:00.25 | Mem:105.57M, Peak:105.57M | Scene, ViewLayer | Updating Lookup Tables
Fra:3 Mem:126.72M (Peak 148.65M) | Time:00:00.25 | Mem:105.65M, Peak:105.65M | Scene, ViewLayer | Updating Lights
Fra:3 Mem:126.72M (Peak 148.65M) | Time:00:00.25 | Mem:105.65M, Peak:105.65M | Scene, ViewLayer | Updating Lights | Computing tree
Fra:3 Mem:126.73M (Peak 148.65M) | Time:00:00.25 | Mem:105.66M, Peak:105.66M | Scene, ViewLayer | Updating Integrator
Fra:3 Mem:126.73M (Peak 148.65M) | Time:00:00.25 | Mem:105.66M, Peak:105.66M | Scene, ViewLayer | Updating Film
Fra:3 Mem:126.73M (Peak 148.65M) | Time:00:00.25 | Mem:105.58M, Peak:105.66M | Scene, ViewLayer | Updating Lookup Tables
Fra:3 Mem:126.73M (Peak 148.65M) | Time:00:00.25 | Mem:105.67M, Peak:105.67M | Scene, ViewLayer | Updating Baking
Fra:3 Mem:126.73M (Peak 148.65M) | Time:00:00.25 | Mem:105.67M, Peak:105.67M | Scene, ViewLayer | Updating Device | Writing constant memory
Fra:3 Mem:126.73M (Peak 148.65M) | Time:00:00.25 | Mem:105.67M, Peak:105.67M | Scene, ViewLayer | Sample 0/16
Fra:3 Mem:132.94M (Peak 148.65M) | Time:00:00.59 | Remaining:00:05.09 | Mem:111.86M, Peak:111.86M | Scene, ViewLayer | Sample 1/16
Fra:3 Mem:135.68M (Peak 148.65M) | Time:00:05.58 | Mem:111.86M, Peak:111.86M | Scene, ViewLayer | Sample 16/16
Fra:3 Mem:135.68M (Peak 148.65M) | Time:00:05.58 | Mem:111.86M, Peak:111.86M | Scene, ViewLayer | Finished
Fra:3 Mem:23.76M (Peak 148.65M) | Time:00:05.58 | Compositing
Saved: 'work/preview-frames/mj/frame_0003.png'
Time: 00:05.67 (Saving: 00:00.03)

Fra:4 Mem:22.05M (Peak 22.05M) | Time:00:00.00 | Mem:0.00M, Peak:0.00M | Scene, ViewLayer | Synchronizing object | 柔光主灯
Fra:4 Mem:22.05M (Peak 22.05M) | Time:00:00.00 | Mem:0.00M, Peak:0.00M | Scene, ViewLayer | Synchronizing object | 内圈 · 古金细边
Fra:4 Mem:22.05M (Peak 22.05M) | Time:00:00.00 | Mem:0.00M, Peak:0.00M | Scene, ViewLayer | Synchronizing object | 正面均匀补光
Fra:4 Mem:22.05M (Peak 22.05M) | Time:00:00.00 | Mem:0.00M, Peak:0.00M | Scene, ViewLayer | Synchronizing object | 顶部金光
Fra:4 Mem:22.06M (Peak 22.06M) | Time:00:00.00 | Mem:0.00M, Peak:0.00M | Scene, ViewLayer | Synchronizing object | 主体平面 · 完整视差合成
Fra:4 Mem:22.06M (Peak 22.06M) | Time:00:00.00 | Mem:0.00M, Peak:0.00M | Scene, ViewLayer | Synchronizing object | 外圈 · 全息压边
Fra:4 Mem:22.08M (Peak 22.08M) | Time:00:00.00 | Mem:0.00M, Peak:0.00M | Scene, ViewLayer | Synchronizing object | 文字平面 · Alpha PNG
Fra:4 Mem:22.09M (Peak 22.09M) | Time:00:00.00 | Mem:0.00M, Peak:0.00M | Scene, ViewLayer | Initializing
Fra:4 Mem:22.07M (Peak 22.09M) | Time:00:00.00 | Mem:0.00M, Peak:0.00M | Scene, ViewLayer | Updating Images | Loading text.png
Fra:4 Mem:22.07M (Peak 22.09M) | Time:00:00.00 | Mem:0.00M, Peak:0.00M | Scene, ViewLayer | Updating Images | Loading subject.png
Fra:4 Mem:64.27M (Peak 85.36M) | Time:00:00.09 | Mem:21.09M, Peak:21.09M | Scene, ViewLayer | Updating Images | Loading lineart.png
Fra:4 Mem:85.36M (Peak 106.47M) | Time:00:00.12 | Mem:42.19M, Peak:42.19M | Scene, ViewLayer | Updating Images | Loading background.png
Fra:4 Mem:126.57M (Peak 148.65M) | Time:00:00.25 | Mem:105.47M, Peak:105.47M | Scene, ViewLayer | Waiting for render to start
Fra:4 Mem:126.57M (Peak 148.65M) | Time:00:00.25 | Mem:105.47M, Peak:105.47M | Scene, ViewLayer | Updating Scene
Fra:4 Mem:126.57M (Peak 148.65M) | Time:00:00.25 | Mem:105.47M, Peak:105.47M | Scene, ViewLayer | Updating Shaders
Fra:4 Mem:126.57M (Peak 148.65M) | Time:00:00.25 | Mem:105.47M, Peak:105.47M | Scene, ViewLayer | Loading render kernels (may take a few minutes the first time)
Fra:4 Mem:126.69M (Peak 148.65M) | Time:00:00.25 | Mem:105.50M, Peak:105.50M | Scene, ViewLayer | Updating Procedurals
Fra:4 Mem:126.69M (Peak 148.65M) | Time:00:00.25 | Mem:105.50M, Peak:105.50M | Scene, ViewLayer | Updating Background
Fra:4 Mem:126.69M (Peak 148.65M) | Time:00:00.25 | Mem:105.50M, Peak:105.50M | Scene, ViewLayer | Updating Camera
Fra:4 Mem:126.69M (Peak 148.65M) | Time:00:00.25 | Mem:105.50M, Peak:105.50M | Scene, ViewLayer | Updating Meshes Flags
Fra:4 Mem:126.69M (Peak 148.65M) | Time:00:00.25 | Mem:105.50M, Peak:105.50M | Scene, ViewLayer | Updating Objects
Fra:4 Mem:126.69M (Peak 148.65M) | Time:00:00.25 | Mem:105.50M, Peak:105.50M | Scene, ViewLayer | Updating Objects | Copying Transformations to device
Fra:4 Mem:126.69M (Peak 148.65M) | Time:00:00.25 | Mem:105.51M, Peak:105.51M | Scene, ViewLayer | Updating Particle Systems
Fra:4 Mem:126.69M (Peak 148.65M) | Time:00:00.25 | Mem:105.51M, Peak:105.51M | Scene, ViewLayer | Updating Particle Systems | Copying Particles to device
Fra:4 Mem:126.69M (Peak 148.65M) | Time:00:00.25 | Mem:105.51M, Peak:105.51M | Scene, ViewLayer | Updating Meshes
Fra:4 Mem:126.69M (Peak 148.65M) | Time:00:00.25 | Mem:105.51M, Peak:105.51M | Scene, ViewLayer | Updating Objects | Applying Static Transformations
Fra:4 Mem:126.69M (Peak 148.65M) | Time:00:00.25 | Mem:105.51M, Peak:105.51M | Scene, ViewLayer | Updating Mesh | Computing attributes
Fra:4 Mem:126.70M (Peak 148.65M) | Time:00:00.25 | Mem:105.51M, Peak:105.51M | Scene, ViewLayer | Updating Mesh | Copying Attributes to device
Fra:4 Mem:126.70M (Peak 148.65M) | Time:00:00.25 | Mem:105.52M, Peak:105.52M | Scene, ViewLayer | Updating Scene BVH | Building
Fra:4 Mem:126.70M (Peak 148.65M) | Time:00:00.25 | Mem:105.52M, Peak:105.52M | Scene, ViewLayer | Updating Scene BVH | Building BVH
Fra:4 Mem:126.70M (Peak 148.65M) | Time:00:00.25 | Mem:105.53M, Peak:105.53M | Scene, ViewLayer | Updating Scene BVH | Building BVH 0%
Fra:4 Mem:126.70M (Peak 148.65M) | Time:00:00.25 | Mem:105.56M, Peak:105.57M | Scene, ViewLayer | Updating Scene BVH | Copying BVH to device
Fra:4 Mem:126.70M (Peak 148.65M) | Time:00:00.25 | Mem:105.56M, Peak:105.57M | Scene, ViewLayer | Updating Mesh | Computing normals
Fra:4 Mem:126.72M (Peak 148.65M) | Time:00:00.25 | Mem:105.56M, Peak:105.57M | Scene, ViewLayer | Updating Mesh | Copying Mesh to device
Fra:4 Mem:126.72M (Peak 148.65M) | Time:00:00.25 | Mem:105.57M, Peak:105.57M | Scene, ViewLayer | Updating Objects Flags
Fra:4 Mem:126.72M (Peak 148.65M) | Time:00:00.25 | Mem:105.57M, Peak:105.57M | Scene, ViewLayer | Updating Primitive Offsets
Fra:4 Mem:126.72M (Peak 148.65M) | Time:00:00.25 | Mem:105.57M, Peak:105.57M | Scene, ViewLayer | Updating Images
Fra:4 Mem:126.72M (Peak 148.65M) | Time:00:00.25 | Mem:105.57M, Peak:105.57M | Scene, ViewLayer | Updating Camera Volume
Fra:4 Mem:126.72M (Peak 148.65M) | Time:00:00.25 | Mem:105.57M, Peak:105.57M | Scene, ViewLayer | Updating Lookup Tables
Fra:4 Mem:126.72M (Peak 148.65M) | Time:00:00.25 | Mem:105.65M, Peak:105.65M | Scene, ViewLayer | Updating Lights
Fra:4 Mem:126.72M (Peak 148.65M) | Time:00:00.25 | Mem:105.65M, Peak:105.65M | Scene, ViewLayer | Updating Lights | Computing tree
Fra:4 Mem:126.73M (Peak 148.65M) | Time:00:00.25 | Mem:105.66M, Peak:105.66M | Scene, ViewLayer | Updating Integrator
Fra:4 Mem:126.73M (Peak 148.65M) | Time:00:00.25 | Mem:105.66M, Peak:105.66M | Scene, ViewLayer | Updating Film
Fra:4 Mem:126.73M (Peak 148.65M) | Time:00:00.25 | Mem:105.58M, Peak:105.66M | Scene, ViewLayer | Updating Lookup Tables
Fra:4 Mem:126.73M (Peak 148.65M) | Time:00:00.25 | Mem:105.67M, Peak:105.67M | Scene, ViewLayer | Updating Baking
Fra:4 Mem:126.73M (Peak 148.65M) | Time:00:00.25 | Mem:105.67M, Peak:105.67M | Scene, ViewLayer | Updating Device | Writing constant memory
Fra:4 Mem:126.73M (Peak 148.65M) | Time:00:00.25 | Mem:105.67M, Peak:105.67M | Scene, ViewLayer | Sample 0/16
Fra:4 Mem:132.94M (Peak 148.65M) | Time:00:00.60 | Remaining:00:05.23 | Mem:111.86M, Peak:111.86M | Scene, ViewLayer | Sample 1/16
Fra:4 Mem:135.68M (Peak 148.65M) | Time:00:05.52 | Mem:111.86M, Peak:111.86M | Scene, ViewLayer | Sample 16/16
Fra:4 Mem:135.68M (Peak 148.65M) | Time:00:05.52 | Mem:111.86M, Peak:111.86M | Scene, ViewLayer | Finished
Fra:4 Mem:23.76M (Peak 148.65M) | Time:00:05.52 | Compositing
Saved: 'work/preview-frames/mj/frame_0004.png'
Time: 00:05.61 (Saving: 00:00.03)

Fra:5 Mem:22.05M (Peak 22.05M) | Time:00:00.00 | Mem:0.00M, Peak:0.00M | Scene, ViewLayer | Synchronizing object | 柔光主灯
Fra:5 Mem:22.05M (Peak 22.05M) | Time:00:00.00 | Mem:0.00M, Peak:0.00M | Scene, ViewLayer | Synchronizing object | 内圈 · 古金细边
Fra:5 Mem:22.05M (Peak 22.05M) | Time:00:00.00 | Mem:0.00M, Peak:0.00M | Scene, ViewLayer | Synchronizing object | 正面均匀补光
Fra:5 Mem:22.06M (Peak 22.06M) | Time:00:00.00 | Mem:0.00M, Peak:0.00M | Scene, ViewLayer | Synchronizing object | 顶部金光
Fra:5 Mem:22.06M (Peak 22.06M) | Time:00:00.00 | Mem:0.00M, Peak:0.00M | Scene, ViewLayer | Synchronizing object | 主体平面 · 完整视差合成
Fra:5 Mem:22.06M (Peak 22.06M) | Time:00:00.00 | Mem:0.00M, Peak:0.00M | Scene, ViewLayer | Synchronizing object | 外圈 · 全息压边
Fra:5 Mem:22.08M (Peak 22.08M) | Time:00:00.00 | Mem:0.00M, Peak:0.00M | Scene, ViewLayer | Synchronizing object | 文字平面 · Alpha PNG
Fra:5 Mem:22.09M (Peak 22.09M) | Time:00:00.00 | Mem:0.00M, Peak:0.00M | Scene, ViewLayer | Initializing
Fra:5 Mem:22.07M (Peak 22.09M) | Time:00:00.00 | Mem:0.00M, Peak:0.00M | Scene, ViewLayer | Updating Images | Loading text.png
Fra:5 Mem:22.07M (Peak 22.09M) | Time:00:00.00 | Mem:0.00M, Peak:0.00M | Scene, ViewLayer | Updating Images | Loading subject.png
Fra:5 Mem:85.37M (Peak 106.46M) | Time:00:00.10 | Mem:21.09M, Peak:21.09M | Scene, ViewLayer | Updating Images | Loading lineart.png
Fra:5 Mem:85.36M (Peak 106.47M) | Time:00:00.12 | Mem:42.19M, Peak:42.19M | Scene, ViewLayer | Updating Images | Loading background.png
Fra:5 Mem:126.57M (Peak 148.65M) | Time:00:00.24 | Mem:105.47M, Peak:105.47M | Scene, ViewLayer | Waiting for render to start
Fra:5 Mem:126.57M (Peak 148.65M) | Time:00:00.24 | Mem:105.47M, Peak:105.47M | Scene, ViewLayer | Updating Scene
Fra:5 Mem:126.57M (Peak 148.65M) | Time:00:00.24 | Mem:105.47M, Peak:105.47M | Scene, ViewLayer | Updating Shaders
Fra:5 Mem:126.57M (Peak 148.65M) | Time:00:00.24 | Mem:105.47M, Peak:105.47M | Scene, ViewLayer | Loading render kernels (may take a few minutes the first time)
Fra:5 Mem:126.69M (Peak 148.65M) | Time:00:00.24 | Mem:105.50M, Peak:105.50M | Scene, ViewLayer | Updating Procedurals
Fra:5 Mem:126.69M (Peak 148.65M) | Time:00:00.24 | Mem:105.50M, Peak:105.50M | Scene, ViewLayer | Updating Background
Fra:5 Mem:126.69M (Peak 148.65M) | Time:00:00.24 | Mem:105.50M, Peak:105.50M | Scene, ViewLayer | Updating Camera
Fra:5 Mem:126.69M (Peak 148.65M) | Time:00:00.24 | Mem:105.50M, Peak:105.50M | Scene, ViewLayer | Updating Meshes Flags
Fra:5 Mem:126.69M (Peak 148.65M) | Time:00:00.24 | Mem:105.50M, Peak:105.50M | Scene, ViewLayer | Updating Objects
Fra:5 Mem:126.69M (Peak 148.65M) | Time:00:00.24 | Mem:105.50M, Peak:105.50M | Scene, ViewLayer | Updating Objects | Copying Transformations to device
Fra:5 Mem:126.69M (Peak 148.65M) | Time:00:00.24 | Mem:105.51M, Peak:105.51M | Scene, ViewLayer | Updating Particle Systems
Fra:5 Mem:126.69M (Peak 148.65M) | Time:00:00.24 | Mem:105.51M, Peak:105.51M | Scene, ViewLayer | Updating Particle Systems | Copying Particles to device
Fra:5 Mem:126.69M (Peak 148.65M) | Time:00:00.24 | Mem:105.51M, Peak:105.51M | Scene, ViewLayer | Updating Meshes
Fra:5 Mem:126.69M (Peak 148.65M) | Time:00:00.24 | Mem:105.51M, Peak:105.51M | Scene, ViewLayer | Updating Objects | Applying Static Transformations
Fra:5 Mem:126.69M (Peak 148.65M) | Time:00:00.24 | Mem:105.51M, Peak:105.51M | Scene, ViewLayer | Updating Mesh | Computing attributes
Fra:5 Mem:126.70M (Peak 148.65M) | Time:00:00.24 | Mem:105.51M, Peak:105.51M | Scene, ViewLayer | Updating Mesh | Copying Attributes to device
Fra:5 Mem:126.70M (Peak 148.65M) | Time:00:00.24 | Mem:105.52M, Peak:105.52M | Scene, ViewLayer | Updating Scene BVH | Building
Fra:5 Mem:126.70M (Peak 148.65M) | Time:00:00.24 | Mem:105.52M, Peak:105.52M | Scene, ViewLayer | Updating Scene BVH | Building BVH
Fra:5 Mem:126.70M (Peak 148.65M) | Time:00:00.24 | Mem:105.53M, Peak:105.53M | Scene, ViewLayer | Updating Scene BVH | Building BVH 0%
Fra:5 Mem:126.70M (Peak 148.65M) | Time:00:00.24 | Mem:105.56M, Peak:105.57M | Scene, ViewLayer | Updating Scene BVH | Copying BVH to device
Fra:5 Mem:126.70M (Peak 148.65M) | Time:00:00.24 | Mem:105.56M, Peak:105.57M | Scene, ViewLayer | Updating Mesh | Computing normals
Fra:5 Mem:126.72M (Peak 148.65M) | Time:00:00.24 | Mem:105.56M, Peak:105.57M | Scene, ViewLayer | Updating Mesh | Copying Mesh to device
Fra:5 Mem:126.72M (Peak 148.65M) | Time:00:00.24 | Mem:105.57M, Peak:105.57M | Scene, ViewLayer | Updating Objects Flags
Fra:5 Mem:126.72M (Peak 148.65M) | Time:00:00.24 | Mem:105.57M, Peak:105.57M | Scene, ViewLayer | Updating Primitive Offsets
Fra:5 Mem:126.72M (Peak 148.65M) | Time:00:00.24 | Mem:105.57M, Peak:105.57M | Scene, ViewLayer | Updating Images
Fra:5 Mem:126.72M (Peak 148.65M) | Time:00:00.24 | Mem:105.57M, Peak:105.57M | Scene, ViewLayer | Updating Camera Volume
Fra:5 Mem:126.72M (Peak 148.65M) | Time:00:00.24 | Mem:105.57M, Peak:105.57M | Scene, ViewLayer | Updating Lookup Tables
Fra:5 Mem:126.72M (Peak 148.65M) | Time:00:00.24 | Mem:105.65M, Peak:105.65M | Scene, ViewLayer | Updating Lights
Fra:5 Mem:126.72M (Peak 148.65M) | Time:00:00.24 | Mem:105.65M, Peak:105.65M | Scene, ViewLayer | Updating Lights | Computing tree
Fra:5 Mem:126.73M (Peak 148.65M) | Time:00:00.25 | Mem:105.66M, Peak:105.66M | Scene, ViewLayer | Updating Integrator
Fra:5 Mem:126.73M (Peak 148.65M) | Time:00:00.25 | Mem:105.66M, Peak:105.66M | Scene, ViewLayer | Updating Film
Fra:5 Mem:126.73M (Peak 148.65M) | Time:00:00.25 | Mem:105.58M, Peak:105.66M | Scene, ViewLayer | Updating Lookup Tables
Fra:5 Mem:126.73M (Peak 148.65M) | Time:00:00.25 | Mem:105.67M, Peak:105.67M | Scene, ViewLayer | Updating Baking
Fra:5 Mem:126.73M (Peak 148.65M) | Time:00:00.25 | Mem:105.67M, Peak:105.67M | Scene, ViewLayer | Updating Device | Writing constant memory
Fra:5 Mem:126.73M (Peak 148.65M) | Time:00:00.25 | Mem:105.67M, Peak:105.67M | Scene, ViewLayer | Sample 0/16
Fra:5 Mem:132.94M (Peak 148.65M) | Time:00:00.59 | Remaining:00:05.16 | Mem:111.86M, Peak:111.86M | Scene, ViewLayer | Sample 1/16
Fra:5 Mem:135.68M (Peak 148.65M) | Time:00:05.57 | Mem:111.86M, Peak:111.86M | Scene, ViewLayer | Sample 16/16
Fra:5 Mem:135.68M (Peak 148.65M) | Time:00:05.57 | Mem:111.86M, Peak:111.86M | Scene, ViewLayer | Finished
Fra:5 Mem:23.76M (Peak 148.65M) | Time:00:05.58 | Compositing
Saved: 'work/preview-frames/mj/frame_0005.png'
Time: 00:05.67 (Saving: 00:00.04)

Fra:6 Mem:22.05M (Peak 22.05M) | Time:00:00.00 | Mem:0.00M, Peak:0.00M | Scene, ViewLayer | Synchronizing object | 柔光主灯
Fra:6 Mem:22.05M (Peak 22.05M) | Time:00:00.00 | Mem:0.00M, Peak:0.00M | Scene, ViewLayer | Synchronizing object | 内圈 · 古金细边
Fra:6 Mem:22.05M (Peak 22.05M) | Time:00:00.00 | Mem:0.00M, Peak:0.00M | Scene, ViewLayer | Synchronizing object | 正面均匀补光
Fra:6 Mem:22.05M (Peak 22.05M) | Time:00:00.00 | Mem:0.00M, Peak:0.00M | Scene, ViewLayer | Synchronizing object | 顶部金光
Fra:6 Mem:22.05M (Peak 22.05M) | Time:00:00.00 | Mem:0.00M, Peak:0.00M | Scene, ViewLayer | Synchronizing object | 主体平面 · 完整视差合成
Fra:6 Mem:22.07M (Peak 22.07M) | Time:00:00.00 | Mem:0.00M, Peak:0.00M | Scene, ViewLayer | Synchronizing object | 外圈 · 全息压边
Fra:6 Mem:22.08M (Peak 22.08M) | Time:00:00.00 | Mem:0.00M, Peak:0.00M | Scene, ViewLayer | Synchronizing object | 文字平面 · Alpha PNG
Fra:6 Mem:22.09M (Peak 22.09M) | Time:00:00.00 | Mem:0.00M, Peak:0.00M | Scene, ViewLayer | Initializing
Fra:6 Mem:22.07M (Peak 22.09M) | Time:00:00.00 | Mem:0.00M, Peak:0.00M | Scene, ViewLayer | Updating Images | Loading text.png
Fra:6 Mem:22.07M (Peak 22.09M) | Time:00:00.00 | Mem:0.00M, Peak:0.00M | Scene, ViewLayer | Updating Images | Loading subject.png
Fra:6 Mem:64.27M (Peak 85.36M) | Time:00:00.09 | Mem:21.09M, Peak:21.09M | Scene, ViewLayer | Updating Images | Loading lineart.png
Fra:6 Mem:85.36M (Peak 106.47M) | Time:00:00.12 | Mem:42.19M, Peak:42.19M | Scene, ViewLayer | Updating Images | Loading background.png
Fra:6 Mem:126.57M (Peak 148.65M) | Time:00:00.25 | Mem:105.47M, Peak:105.47M | Scene, ViewLayer | Waiting for render to start
Fra:6 Mem:126.57M (Peak 148.65M) | Time:00:00.25 | Mem:105.47M, Peak:105.47M | Scene, ViewLayer | Updating Scene
Fra:6 Mem:126.57M (Peak 148.65M) | Time:00:00.25 | Mem:105.47M, Peak:105.47M | Scene, ViewLayer | Updating Shaders
Fra:6 Mem:126.57M (Peak 148.65M) | Time:00:00.25 | Mem:105.47M, Peak:105.47M | Scene, ViewLayer | Loading render kernels (may take a few minutes the first time)
Fra:6 Mem:126.69M (Peak 148.65M) | Time:00:00.25 | Mem:105.50M, Peak:105.50M | Scene, ViewLayer | Updating Procedurals
Fra:6 Mem:126.69M (Peak 148.65M) | Time:00:00.25 | Mem:105.50M, Peak:105.50M | Scene, ViewLayer | Updating Background
Fra:6 Mem:126.69M (Peak 148.65M) | Time:00:00.25 | Mem:105.50M, Peak:105.50M | Scene, ViewLayer | Updating Camera
Fra:6 Mem:126.69M (Peak 148.65M) | Time:00:00.25 | Mem:105.50M, Peak:105.50M | Scene, ViewLayer | Updating Meshes Flags
Fra:6 Mem:126.69M (Peak 148.65M) | Time:00:00.25 | Mem:105.50M, Peak:105.50M | Scene, ViewLayer | Updating Objects
Fra:6 Mem:126.69M (Peak 148.65M) | Time:00:00.25 | Mem:105.50M, Peak:105.50M | Scene, ViewLayer | Updating Objects | Copying Transformations to device
Fra:6 Mem:126.69M (Peak 148.65M) | Time:00:00.25 | Mem:105.51M, Peak:105.51M | Scene, ViewLayer | Updating Particle Systems
Fra:6 Mem:126.69M (Peak 148.65M) | Time:00:00.25 | Mem:105.51M, Peak:105.51M | Scene, ViewLayer | Updating Particle Systems | Copying Particles to device
Fra:6 Mem:126.69M (Peak 148.65M) | Time:00:00.25 | Mem:105.51M, Peak:105.51M | Scene, ViewLayer | Updating Meshes
Fra:6 Mem:126.69M (Peak 148.65M) | Time:00:00.25 | Mem:105.51M, Peak:105.51M | Scene, ViewLayer | Updating Objects | Applying Static Transformations
Fra:6 Mem:126.69M (Peak 148.65M) | Time:00:00.25 | Mem:105.51M, Peak:105.51M | Scene, ViewLayer | Updating Mesh | Computing attributes
Fra:6 Mem:126.70M (Peak 148.65M) | Time:00:00.25 | Mem:105.51M, Peak:105.51M | Scene, ViewLayer | Updating Mesh | Copying Attributes to device
Fra:6 Mem:126.70M (Peak 148.65M) | Time:00:00.25 | Mem:105.52M, Peak:105.52M | Scene, ViewLayer | Updating Scene BVH | Building
Fra:6 Mem:126.70M (Peak 148.65M) | Time:00:00.25 | Mem:105.52M, Peak:105.52M | Scene, ViewLayer | Updating Scene BVH | Building BVH
Fra:6 Mem:126.70M (Peak 148.65M) | Time:00:00.25 | Mem:105.53M, Peak:105.53M | Scene, ViewLayer | Updating Scene BVH | Building BVH 0%
Fra:6 Mem:126.70M (Peak 148.65M) | Time:00:00.25 | Mem:105.55M, Peak:105.57M | Scene, ViewLayer | Updating Scene BVH | Copying BVH to device
Fra:6 Mem:126.70M (Peak 148.65M) | Time:00:00.25 | Mem:105.55M, Peak:105.57M | Scene, ViewLayer | Updating Mesh | Computing normals
Fra:6 Mem:126.72M (Peak 148.65M) | Time:00:00.25 | Mem:105.55M, Peak:105.57M | Scene, ViewLayer | Updating Mesh | Copying Mesh to device
Fra:6 Mem:126.72M (Peak 148.65M) | Time:00:00.25 | Mem:105.57M, Peak:105.57M | Scene, ViewLayer | Updating Objects Flags
Fra:6 Mem:126.72M (Peak 148.65M) | Time:00:00.25 | Mem:105.57M, Peak:105.57M | Scene, ViewLayer | Updating Primitive Offsets
Fra:6 Mem:126.72M (Peak 148.65M) | Time:00:00.25 | Mem:105.57M, Peak:105.57M | Scene, ViewLayer | Updating Images
Fra:6 Mem:126.72M (Peak 148.65M) | Time:00:00.25 | Mem:105.57M, Peak:105.57M | Scene, ViewLayer | Updating Camera Volume
Fra:6 Mem:126.72M (Peak 148.65M) | Time:00:00.25 | Mem:105.57M, Peak:105.57M | Scene, ViewLayer | Updating Lookup Tables
Fra:6 Mem:126.72M (Peak 148.65M) | Time:00:00.25 | Mem:105.65M, Peak:105.65M | Scene, ViewLayer | Updating Lights
Fra:6 Mem:126.72M (Peak 148.65M) | Time:00:00.25 | Mem:105.65M, Peak:105.65M | Scene, ViewLayer | Updating Lights | Computing tree
Fra:6 Mem:126.73M (Peak 148.65M) | Time:00:00.25 | Mem:105.66M, Peak:105.66M | Scene, ViewLayer | Updating Integrator
Fra:6 Mem:126.73M (Peak 148.65M) | Time:00:00.25 | Mem:105.66M, Peak:105.66M | Scene, ViewLayer | Updating Film
Fra:6 Mem:126.73M (Peak 148.65M) | Time:00:00.25 | Mem:105.58M, Peak:105.66M | Scene, ViewLayer | Updating Lookup Tables
Fra:6 Mem:126.73M (Peak 148.65M) | Time:00:00.25 | Mem:105.67M, Peak:105.67M | Scene, ViewLayer | Updating Baking
Fra:6 Mem:126.73M (Peak 148.65M) | Time:00:00.25 | Mem:105.67M, Peak:105.67M | Scene, ViewLayer | Updating Device | Writing constant memory
Fra:6 Mem:126.74M (Peak 148.65M) | Time:00:00.25 | Mem:105.67M, Peak:105.67M | Scene, ViewLayer | Sample 0/16
Fra:6 Mem:132.94M (Peak 148.65M) | Time:00:00.60 | Remaining:00:05.15 | Mem:111.86M, Peak:111.86M | Scene, ViewLayer | Sample 1/16
Fra:6 Mem:135.68M (Peak 148.65M) | Time:00:05.56 | Mem:111.86M, Peak:111.86M | Scene, ViewLayer | Sample 16/16
Fra:6 Mem:135.68M (Peak 148.65M) | Time:00:05.56 | Mem:111.86M, Peak:111.86M | Scene, ViewLayer | Finished
Fra:6 Mem:23.76M (Peak 148.65M) | Time:00:05.56 | Compositing
Saved: 'work/preview-frames/mj/frame_0006.png'
Time: 00:05.64 (Saving: 00:00.03)

Fra:7 Mem:22.05M (Peak 22.05M) | Time:00:00.00 | Mem:0.00M, Peak:0.00M | Scene, ViewLayer | Synchronizing object | 柔光主灯
Fra:7 Mem:22.05M (Peak 22.05M) | Time:00:00.00 | Mem:0.00M, Peak:0.00M | Scene, ViewLayer | Synchronizing object | 正面均匀补光
Fra:7 Mem:22.05M (Peak 22.05M) | Time:00:00.00 | Mem:0.00M, Peak:0.00M | Scene, ViewLayer | Synchronizing object | 顶部金光
Fra:7 Mem:22.06M (Peak 22.06M) | Time:00:00.00 | Mem:0.00M, Peak:0.00M | Scene, ViewLayer | Synchronizing object | 主体平面 · 完整视差合成
Fra:7 Mem:22.06M (Peak 22.06M) | Time:00:00.00 | Mem:0.00M, Peak:0.00M | Scene, ViewLayer | Synchronizing object | 外圈 · 全息压边
Fra:7 Mem:22.08M (Peak 22.08M) | Time:00:00.00 | Mem:0.00M, Peak:0.00M | Scene, ViewLayer | Synchronizing object | 文字平面 · Alpha PNG
Fra:7 Mem:22.09M (Peak 22.09M) | Time:00:00.00 | Mem:0.00M, Peak:0.00M | Scene, ViewLayer | Initializing
Fra:7 Mem:22.07M (Peak 22.09M) | Time:00:00.00 | Mem:0.00M, Peak:0.00M | Scene, ViewLayer | Updating Images | Loading text.png
Fra:7 Mem:22.07M (Peak 22.09M) | Time:00:00.00 | Mem:0.00M, Peak:0.00M | Scene, ViewLayer | Updating Images | Loading subject.png
Fra:7 Mem:64.27M (Peak 85.36M) | Time:00:00.09 | Mem:21.09M, Peak:21.09M | Scene, ViewLayer | Updating Images | Loading lineart.png
Fra:7 Mem:85.36M (Peak 106.47M) | Time:00:00.13 | Mem:42.19M, Peak:42.19M | Scene, ViewLayer | Updating Images | Loading background.png
Fra:7 Mem:126.57M (Peak 148.65M) | Time:00:00.26 | Mem:105.47M, Peak:105.47M | Scene, ViewLayer | Waiting for render to start
Fra:7 Mem:126.57M (Peak 148.65M) | Time:00:00.26 | Mem:105.47M, Peak:105.47M | Scene, ViewLayer | Updating Scene
Fra:7 Mem:126.57M (Peak 148.65M) | Time:00:00.26 | Mem:105.47M, Peak:105.47M | Scene, ViewLayer | Updating Shaders
Fra:7 Mem:126.57M (Peak 148.65M) | Time:00:00.26 | Mem:105.47M, Peak:105.47M | Scene, ViewLayer | Loading render kernels (may take a few minutes the first time)
Fra:7 Mem:126.69M (Peak 148.65M) | Time:00:00.26 | Mem:105.50M, Peak:105.50M | Scene, ViewLayer | Updating Procedurals
Fra:7 Mem:126.69M (Peak 148.65M) | Time:00:00.26 | Mem:105.50M, Peak:105.50M | Scene, ViewLayer | Updating Background
Fra:7 Mem:126.69M (Peak 148.65M) | Time:00:00.26 | Mem:105.50M, Peak:105.50M | Scene, ViewLayer | Updating Camera
Fra:7 Mem:126.69M (Peak 148.65M) | Time:00:00.26 | Mem:105.50M, Peak:105.50M | Scene, ViewLayer | Updating Meshes Flags
Fra:7 Mem:126.69M (Peak 148.65M) | Time:00:00.26 | Mem:105.50M, Peak:105.50M | Scene, ViewLayer | Updating Objects
Fra:7 Mem:126.69M (Peak 148.65M) | Time:00:00.26 | Mem:105.50M, Peak:105.50M | Scene, ViewLayer | Updating Objects | Copying Transformations to device
Fra:7 Mem:126.69M (Peak 148.65M) | Time:00:00.26 | Mem:105.51M, Peak:105.51M | Scene, ViewLayer | Updating Particle Systems
Fra:7 Mem:126.69M (Peak 148.65M) | Time:00:00.26 | Mem:105.51M, Peak:105.51M | Scene, ViewLayer | Updating Particle Systems | Copying Particles to device
Fra:7 Mem:126.69M (Peak 148.65M) | Time:00:00.26 | Mem:105.51M, Peak:105.51M | Scene, ViewLayer | Updating Meshes
Fra:7 Mem:126.69M (Peak 148.65M) | Time:00:00.26 | Mem:105.51M, Peak:105.51M | Scene, ViewLayer | Updating Objects | Applying Static Transformations
Fra:7 Mem:126.69M (Peak 148.65M) | Time:00:00.26 | Mem:105.51M, Peak:105.51M | Scene, ViewLayer | Updating Mesh | Computing attributes
Fra:7 Mem:126.70M (Peak 148.65M) | Time:00:00.26 | Mem:105.51M, Peak:105.51M | Scene, ViewLayer | Updating Mesh | Copying Attributes to device
Fra:7 Mem:126.70M (Peak 148.65M) | Time:00:00.26 | Mem:105.52M, Peak:105.52M | Scene, ViewLayer | Updating Scene BVH | Building
Fra:7 Mem:126.70M (Peak 148.65M) | Time:00:00.26 | Mem:105.52M, Peak:105.52M | Scene, ViewLayer | Updating Scene BVH | Building BVH
Fra:7 Mem:126.70M (Peak 148.65M) | Time:00:00.26 | Mem:105.53M, Peak:105.53M | Scene, ViewLayer | Updating Scene BVH | Building BVH 0%
Fra:7 Mem:126.70M (Peak 148.65M) | Time:00:00.26 | Mem:105.56M, Peak:105.57M | Scene, ViewLayer | Updating Scene BVH | Copying BVH to device
Fra:7 Mem:126.70M (Peak 148.65M) | Time:00:00.26 | Mem:105.56M, Peak:105.57M | Scene, ViewLayer | Updating Mesh | Computing normals
Fra:7 Mem:126.72M (Peak 148.65M) | Time:00:00.26 | Mem:105.56M, Peak:105.57M | Scene, ViewLayer | Updating Mesh | Copying Mesh to device
Fra:7 Mem:126.72M (Peak 148.65M) | Time:00:00.26 | Mem:105.57M, Peak:105.57M | Scene, ViewLayer | Updating Objects Flags
Fra:7 Mem:126.72M (Peak 148.65M) | Time:00:00.26 | Mem:105.57M, Peak:105.57M | Scene, ViewLayer | Updating Primitive Offsets
Fra:7 Mem:126.72M (Peak 148.65M) | Time:00:00.26 | Mem:105.57M, Peak:105.57M | Scene, ViewLayer | Updating Images
Fra:7 Mem:126.72M (Peak 148.65M) | Time:00:00.26 | Mem:105.57M, Peak:105.57M | Scene, ViewLayer | Updating Camera Volume
Fra:7 Mem:126.72M (Peak 148.65M) | Time:00:00.26 | Mem:105.57M, Peak:105.57M | Scene, ViewLayer | Updating Lookup Tables
Fra:7 Mem:126.72M (Peak 148.65M) | Time:00:00.26 | Mem:105.65M, Peak:105.65M | Scene, ViewLayer | Updating Lights
Fra:7 Mem:126.72M (Peak 148.65M) | Time:00:00.26 | Mem:105.65M, Peak:105.65M | Scene, ViewLayer | Updating Lights | Computing tree
Fra:7 Mem:126.73M (Peak 148.65M) | Time:00:00.26 | Mem:105.66M, Peak:105.66M | Scene, ViewLayer | Updating Integrator
Fra:7 Mem:126.73M (Peak 148.65M) | Time:00:00.26 | Mem:105.66M, Peak:105.66M | Scene, ViewLayer | Updating Film
Fra:7 Mem:126.73M (Peak 148.65M) | Time:00:00.26 | Mem:105.58M, Peak:105.66M | Scene, ViewLayer | Updating Lookup Tables
Fra:7 Mem:126.73M (Peak 148.65M) | Time:00:00.26 | Mem:105.67M, Peak:105.67M | Scene, ViewLayer | Updating Baking
Fra:7 Mem:126.73M (Peak 148.65M) | Time:00:00.26 | Mem:105.67M, Peak:105.67M | Scene, ViewLayer | Updating Device | Writing constant memory
Fra:7 Mem:126.74M (Peak 148.65M) | Time:00:00.26 | Mem:105.67M, Peak:105.67M | Scene, ViewLayer | Sample 0/16
Fra:7 Mem:132.94M (Peak 148.65M) | Time:00:00.60 | Remaining:00:05.07 | Mem:111.86M, Peak:111.86M | Scene, ViewLayer | Sample 1/16
Fra:7 Mem:135.68M (Peak 148.65M) | Time:00:05.54 | Mem:111.86M, Peak:111.86M | Scene, ViewLayer | Sample 16/16
Fra:7 Mem:135.68M (Peak 148.65M) | Time:00:05.54 | Mem:111.86M, Peak:111.86M | Scene, ViewLayer | Finished
Fra:7 Mem:23.76M (Peak 148.65M) | Time:00:05.54 | Compositing
Saved: 'work/preview-frames/mj/frame_0007.png'
Time: 00:05.62 (Saving: 00:00.03)

Fra:8 Mem:22.05M (Peak 22.05M) | Time:00:00.00 | Mem:0.00M, Peak:0.00M | Scene, ViewLayer | Synchronizing object | 柔光主灯
Fra:8 Mem:22.05M (Peak 22.05M) | Time:00:00.00 | Mem:0.00M, Peak:0.00M | Scene, ViewLayer | Synchronizing object | 正面均匀补光
Fra:8 Mem:22.05M (Peak 22.05M) | Time:00:00.00 | Mem:0.00M, Peak:0.00M | Scene, ViewLayer | Synchronizing object | 顶部金光
Fra:8 Mem:22.05M (Peak 22.05M) | Time:00:00.00 | Mem:0.00M, Peak:0.00M | Scene, ViewLayer | Synchronizing object | 主体平面 · 完整视差合成
Fra:8 Mem:22.07M (Peak 22.07M) | Time:00:00.00 | Mem:0.00M, Peak:0.00M | Scene, ViewLayer | Synchronizing object | 外圈 · 全息压边
Fra:8 Mem:22.09M (Peak 22.09M) | Time:00:00.00 | Mem:0.00M, Peak:0.00M | Scene, ViewLayer | Synchronizing object | 文字平面 · Alpha PNG
Fra:8 Mem:22.09M (Peak 22.09M) | Time:00:00.00 | Mem:0.00M, Peak:0.00M | Scene, ViewLayer | Initializing
Fra:8 Mem:22.07M (Peak 22.09M) | Time:00:00.00 | Mem:0.00M, Peak:0.00M | Scene, ViewLayer | Updating Images | Loading text.png
Fra:8 Mem:22.07M (Peak 22.09M) | Time:00:00.00 | Mem:0.00M, Peak:0.00M | Scene, ViewLayer | Updating Images | Loading subject.png
Fra:8 Mem:64.27M (Peak 85.36M) | Time:00:00.09 | Mem:21.09M, Peak:21.09M | Scene, ViewLayer | Updating Images | Loading lineart.png
Fra:8 Mem:85.36M (Peak 106.47M) | Time:00:00.12 | Mem:42.19M, Peak:42.19M | Scene, ViewLayer | Updating Images | Loading background.png
Fra:8 Mem:126.57M (Peak 148.65M) | Time:00:00.25 | Mem:105.47M, Peak:105.47M | Scene, ViewLayer | Waiting for render to start
Fra:8 Mem:126.57M (Peak 148.65M) | Time:00:00.25 | Mem:105.47M, Peak:105.47M | Scene, ViewLayer | Updating Scene
Fra:8 Mem:126.57M (Peak 148.65M) | Time:00:00.25 | Mem:105.47M, Peak:105.47M | Scene, ViewLayer | Updating Shaders
Fra:8 Mem:126.57M (Peak 148.65M) | Time:00:00.25 | Mem:105.47M, Peak:105.47M | Scene, ViewLayer | Loading render kernels (may take a few minutes the first time)
Fra:8 Mem:126.69M (Peak 148.65M) | Time:00:00.25 | Mem:105.50M, Peak:105.50M | Scene, ViewLayer | Updating Procedurals
Fra:8 Mem:126.69M (Peak 148.65M) | Time:00:00.25 | Mem:105.50M, Peak:105.50M | Scene, ViewLayer | Updating Background
Fra:8 Mem:126.69M (Peak 148.65M) | Time:00:00.25 | Mem:105.50M, Peak:105.50M | Scene, ViewLayer | Updating Camera
Fra:8 Mem:126.69M (Peak 148.65M) | Time:00:00.25 | Mem:105.50M, Peak:105.50M | Scene, ViewLayer | Updating Meshes Flags
Fra:8 Mem:126.69M (Peak 148.65M) | Time:00:00.25 | Mem:105.50M, Peak:105.50M | Scene, ViewLayer | Updating Objects
Fra:8 Mem:126.69M (Peak 148.65M) | Time:00:00.25 | Mem:105.50M, Peak:105.50M | Scene, ViewLayer | Updating Objects | Copying Transformations to device
Fra:8 Mem:126.69M (Peak 148.65M) | Time:00:00.25 | Mem:105.51M, Peak:105.51M | Scene, ViewLayer | Updating Particle Systems
Fra:8 Mem:126.69M (Peak 148.65M) | Time:00:00.25 | Mem:105.51M, Peak:105.51M | Scene, ViewLayer | Updating Particle Systems | Copying Particles to device
Fra:8 Mem:126.69M (Peak 148.65M) | Time:00:00.25 | Mem:105.51M, Peak:105.51M | Scene, ViewLayer | Updating Meshes
Fra:8 Mem:126.69M (Peak 148.65M) | Time:00:00.25 | Mem:105.51M, Peak:105.51M | Scene, ViewLayer | Updating Objects | Applying Static Transformations
Fra:8 Mem:126.69M (Peak 148.65M) | Time:00:00.25 | Mem:105.51M, Peak:105.51M | Scene, ViewLayer | Updating Mesh | Computing attributes
Fra:8 Mem:126.70M (Peak 148.65M) | Time:00:00.25 | Mem:105.51M, Peak:105.51M | Scene, ViewLayer | Updating Mesh | Copying Attributes to device
Fra:8 Mem:126.70M (Peak 148.65M) | Time:00:00.25 | Mem:105.52M, Peak:105.52M | Scene, ViewLayer | Updating Scene BVH | Building
Fra:8 Mem:126.70M (Peak 148.65M) | Time:00:00.25 | Mem:105.52M, Peak:105.52M | Scene, ViewLayer | Updating Scene BVH | Building BVH
Fra:8 Mem:126.70M (Peak 148.65M) | Time:00:00.25 | Mem:105.53M, Peak:105.53M | Scene, ViewLayer | Updating Scene BVH | Building BVH 0%
Fra:8 Mem:126.70M (Peak 148.65M) | Time:00:00.25 | Mem:105.56M, Peak:105.57M | Scene, ViewLayer | Updating Scene BVH | Copying BVH to device
Fra:8 Mem:126.70M (Peak 148.65M) | Time:00:00.25 | Mem:105.56M, Peak:105.57M | Scene, ViewLayer | Updating Mesh | Computing normals
Fra:8 Mem:126.72M (Peak 148.65M) | Time:00:00.25 | Mem:105.56M, Peak:105.57M | Scene, ViewLayer | Updating Mesh | Copying Mesh to device
Fra:8 Mem:126.72M (Peak 148.65M) | Time:00:00.25 | Mem:105.57M, Peak:105.57M | Scene, ViewLayer | Updating Objects Flags
Fra:8 Mem:126.72M (Peak 148.65M) | Time:00:00.25 | Mem:105.57M, Peak:105.57M | Scene, ViewLayer | Updating Primitive Offsets
Fra:8 Mem:126.72M (Peak 148.65M) | Time:00:00.25 | Mem:105.57M, Peak:105.57M | Scene, ViewLayer | Updating Images
Fra:8 Mem:126.72M (Peak 148.65M) | Time:00:00.25 | Mem:105.57M, Peak:105.57M | Scene, ViewLayer | Updating Camera Volume
Fra:8 Mem:126.72M (Peak 148.65M) | Time:00:00.25 | Mem:105.57M, Peak:105.57M | Scene, ViewLayer | Updating Lookup Tables
Fra:8 Mem:126.72M (Peak 148.65M) | Time:00:00.25 | Mem:105.65M, Peak:105.65M | Scene, ViewLayer | Updating Lights
Fra:8 Mem:126.72M (Peak 148.65M) | Time:00:00.25 | Mem:105.65M, Peak:105.65M | Scene, ViewLayer | Updating Lights | Computing tree
Fra:8 Mem:126.73M (Peak 148.65M) | Time:00:00.25 | Mem:105.66M, Peak:105.66M | Scene, ViewLayer | Updating Integrator
Fra:8 Mem:126.73M (Peak 148.65M) | Time:00:00.25 | Mem:105.66M, Peak:105.66M | Scene, ViewLayer | Updating Film
Fra:8 Mem:126.73M (Peak 148.65M) | Time:00:00.25 | Mem:105.58M, Peak:105.66M | Scene, ViewLayer | Updating Lookup Tables
Fra:8 Mem:126.73M (Peak 148.65M) | Time:00:00.25 | Mem:105.67M, Peak:105.67M | Scene, ViewLayer | Updating Baking
Fra:8 Mem:126.73M (Peak 148.65M) | Time:00:00.25 | Mem:105.67M, Peak:105.67M | Scene, ViewLayer | Updating Device | Writing constant memory
Fra:8 Mem:126.74M (Peak 148.65M) | Time:00:00.25 | Mem:105.67M, Peak:105.67M | Scene, ViewLayer | Sample 0/16
Fra:8 Mem:132.94M (Peak 148.65M) | Time:00:00.61 | Remaining:00:05.44 | Mem:111.86M, Peak:111.86M | Scene, ViewLayer | Sample 1/16
Fra:8 Mem:135.68M (Peak 148.65M) | Time:00:05.85 | Mem:111.86M, Peak:111.86M | Scene, ViewLayer | Sample 16/16
Fra:8 Mem:135.68M (Peak 148.65M) | Time:00:05.85 | Mem:111.86M, Peak:111.86M | Scene, ViewLayer | Finished
Fra:8 Mem:23.76M (Peak 148.65M) | Time:00:05.86 | Compositing
Saved: 'work/preview-frames/mj/frame_0008.png'
Time: 00:05.94 (Saving: 00:00.03)

Fra:9 Mem:22.05M (Peak 22.05M) | Time:00:00.00 | Mem:0.00M, Peak:0.00M | Scene, ViewLayer | Synchronizing object | 柔光主灯
Fra:9 Mem:22.05M (Peak 22.05M) | Time:00:00.00 | Mem:0.00M, Peak:0.00M | Scene, ViewLayer | Synchronizing object | 内圈 · 古金细边
Fra:9 Mem:22.05M (Peak 22.05M) | Time:00:00.00 | Mem:0.00M, Peak:0.00M | Scene, ViewLayer | Synchronizing object | 正面均匀补光
Fra:9 Mem:22.05M (Peak 22.05M) | Time:00:00.00 | Mem:0.00M, Peak:0.00M | Scene, ViewLayer | Synchronizing object | 顶部金光
Fra:9 Mem:22.06M (Peak 22.06M) | Time:00:00.00 | Mem:0.00M, Peak:0.00M | Scene, ViewLayer | Synchronizing object | 主体平面 · 完整视差合成
Fra:9 Mem:22.06M (Peak 22.06M) | Time:00:00.00 | Mem:0.00M, Peak:0.00M | Scene, ViewLayer | Synchronizing object | 外圈 · 全息压边
Fra:9 Mem:22.08M (Peak 22.08M) | Time:00:00.00 | Mem:0.00M, Peak:0.00M | Scene, ViewLayer | Synchronizing object | 文字平面 · Alpha PNG
Fra:9 Mem:22.09M (Peak 22.09M) | Time:00:00.00 | Mem:0.00M, Peak:0.00M | Scene, ViewLayer | Initializing
Fra:9 Mem:22.07M (Peak 22.09M) | Time:00:00.00 | Mem:0.00M, Peak:0.00M | Scene, ViewLayer | Updating Images | Loading text.png
Fra:9 Mem:22.07M (Peak 22.09M) | Time:00:00.00 | Mem:0.00M, Peak:0.00M | Scene, ViewLayer | Updating Images | Loading subject.png
Fra:9 Mem:64.27M (Peak 85.36M) | Time:00:00.09 | Mem:21.09M, Peak:21.09M | Scene, ViewLayer | Updating Images | Loading lineart.png
Fra:9 Mem:85.36M (Peak 106.47M) | Time:00:00.12 | Mem:42.19M, Peak:42.19M | Scene, ViewLayer | Updating Images | Loading background.png
Fra:9 Mem:126.57M (Peak 148.65M) | Time:00:00.24 | Mem:105.47M, Peak:105.47M | Scene, ViewLayer | Waiting for render to start
Fra:9 Mem:126.57M (Peak 148.65M) | Time:00:00.24 | Mem:105.47M, Peak:105.47M | Scene, ViewLayer | Updating Scene
Fra:9 Mem:126.57M (Peak 148.65M) | Time:00:00.24 | Mem:105.47M, Peak:105.47M | Scene, ViewLayer | Updating Shaders
Fra:9 Mem:126.57M (Peak 148.65M) | Time:00:00.24 | Mem:105.47M, Peak:105.47M | Scene, ViewLayer | Loading render kernels (may take a few minutes the first time)
Fra:9 Mem:126.69M (Peak 148.65M) | Time:00:00.24 | Mem:105.50M, Peak:105.50M | Scene, ViewLayer | Updating Procedurals
Fra:9 Mem:126.69M (Peak 148.65M) | Time:00:00.24 | Mem:105.50M, Peak:105.50M | Scene, ViewLayer | Updating Background
Fra:9 Mem:126.69M (Peak 148.65M) | Time:00:00.24 | Mem:105.50M, Peak:105.50M | Scene, ViewLayer | Updating Camera
Fra:9 Mem:126.69M (Peak 148.65M) | Time:00:00.24 | Mem:105.50M, Peak:105.50M | Scene, ViewLayer | Updating Meshes Flags
Fra:9 Mem:126.69M (Peak 148.65M) | Time:00:00.24 | Mem:105.50M, Peak:105.50M | Scene, ViewLayer | Updating Objects
Fra:9 Mem:126.69M (Peak 148.65M) | Time:00:00.24 | Mem:105.50M, Peak:105.50M | Scene, ViewLayer | Updating Objects | Copying Transformations to device
Fra:9 Mem:126.69M (Peak 148.65M) | Time:00:00.24 | Mem:105.51M, Peak:105.51M | Scene, ViewLayer | Updating Particle Systems
Fra:9 Mem:126.69M (Peak 148.65M) | Time:00:00.24 | Mem:105.51M, Peak:105.51M | Scene, ViewLayer | Updating Particle Systems | Copying Particles to device
Fra:9 Mem:126.69M (Peak 148.65M) | Time:00:00.24 | Mem:105.51M, Peak:105.51M | Scene, ViewLayer | Updating Meshes
Fra:9 Mem:126.69M (Peak 148.65M) | Time:00:00.24 | Mem:105.51M, Peak:105.51M | Scene, ViewLayer | Updating Objects | Applying Static Transformations
Fra:9 Mem:126.69M (Peak 148.65M) | Time:00:00.24 | Mem:105.51M, Peak:105.51M | Scene, ViewLayer | Updating Mesh | Computing attributes
Fra:9 Mem:126.70M (Peak 148.65M) | Time:00:00.24 | Mem:105.51M, Peak:105.51M | Scene, ViewLayer | Updating Mesh | Copying Attributes to device
Fra:9 Mem:126.70M (Peak 148.65M) | Time:00:00.24 | Mem:105.52M, Peak:105.52M | Scene, ViewLayer | Updating Scene BVH | Building
Fra:9 Mem:126.70M (Peak 148.65M) | Time:00:00.24 | Mem:105.52M, Peak:105.52M | Scene, ViewLayer | Updating Scene BVH | Building BVH
Fra:9 Mem:126.70M (Peak 148.65M) | Time:00:00.24 | Mem:105.53M, Peak:105.53M | Scene, ViewLayer | Updating Scene BVH | Building BVH 0%
Fra:9 Mem:126.70M (Peak 148.65M) | Time:00:00.24 | Mem:105.56M, Peak:105.57M | Scene, ViewLayer | Updating Scene BVH | Copying BVH to device
Fra:9 Mem:126.70M (Peak 148.65M) | Time:00:00.24 | Mem:105.56M, Peak:105.57M | Scene, ViewLayer | Updating Mesh | Computing normals
Fra:9 Mem:126.72M (Peak 148.65M) | Time:00:00.24 | Mem:105.56M, Peak:105.57M | Scene, ViewLayer | Updating Mesh | Copying Mesh to device
Fra:9 Mem:126.72M (Peak 148.65M) | Time:00:00.24 | Mem:105.57M, Peak:105.57M | Scene, ViewLayer | Updating Objects Flags
Fra:9 Mem:126.72M (Peak 148.65M) | Time:00:00.24 | Mem:105.57M, Peak:105.57M | Scene, ViewLayer | Updating Primitive Offsets
Fra:9 Mem:126.72M (Peak 148.65M) | Time:00:00.24 | Mem:105.57M, Peak:105.57M | Scene, ViewLayer | Updating Images
Fra:9 Mem:126.72M (Peak 148.65M) | Time:00:00.24 | Mem:105.57M, Peak:105.57M | Scene, ViewLayer | Updating Camera Volume
Fra:9 Mem:126.72M (Peak 148.65M) | Time:00:00.24 | Mem:105.57M, Peak:105.57M | Scene, ViewLayer | Updating Lookup Tables
Fra:9 Mem:126.72M (Peak 148.65M) | Time:00:00.24 | Mem:105.65M, Peak:105.65M | Scene, ViewLayer | Updating Lights
Fra:9 Mem:126.72M (Peak 148.65M) | Time:00:00.24 | Mem:105.65M, Peak:105.65M | Scene, ViewLayer | Updating Lights | Computing tree
Fra:9 Mem:126.73M (Peak 148.65M) | Time:00:00.24 | Mem:105.66M, Peak:105.66M | Scene, ViewLayer | Updating Integrator
Fra:9 Mem:126.73M (Peak 148.65M) | Time:00:00.24 | Mem:105.66M, Peak:105.66M | Scene, ViewLayer | Updating Film
Fra:9 Mem:126.73M (Peak 148.65M) | Time:00:00.24 | Mem:105.58M, Peak:105.66M | Scene, ViewLayer | Updating Lookup Tables
Fra:9 Mem:126.73M (Peak 148.65M) | Time:00:00.24 | Mem:105.67M, Peak:105.67M | Scene, ViewLayer | Updating Baking
Fra:9 Mem:126.73M (Peak 148.65M) | Time:00:00.24 | Mem:105.67M, Peak:105.67M | Scene, ViewLayer | Updating Device | Writing constant memory
Fra:9 Mem:126.74M (Peak 148.65M) | Time:00:00.24 | Mem:105.67M, Peak:105.67M | Scene, ViewLayer | Sample 0/16
Fra:9 Mem:132.94M (Peak 148.65M) | Time:00:00.60 | Remaining:00:05.40 | Mem:111.86M, Peak:111.86M | Scene, ViewLayer | Sample 1/16
Fra:9 Mem:135.68M (Peak 148.65M) | Time:00:05.84 | Mem:111.86M, Peak:111.86M | Scene, ViewLayer | Sample 16/16
Fra:9 Mem:135.68M (Peak 148.65M) | Time:00:05.84 | Mem:111.86M, Peak:111.86M | Scene, ViewLayer | Finished
Fra:9 Mem:23.76M (Peak 148.65M) | Time:00:05.84 | Compositing
Saved: 'work/preview-frames/mj/frame_0009.png'
Time: 00:05.93 (Saving: 00:00.03)

Fra:10 Mem:22.05M (Peak 22.05M) | Time:00:00.00 | Mem:0.00M, Peak:0.00M | Scene, ViewLayer | Synchronizing object | 柔光主灯
Fra:10 Mem:22.05M (Peak 22.05M) | Time:00:00.00 | Mem:0.00M, Peak:0.00M | Scene, ViewLayer | Synchronizing object | 内圈 · 古金细边
Fra:10 Mem:22.05M (Peak 22.05M) | Time:00:00.00 | Mem:0.00M, Peak:0.00M | Scene, ViewLayer | Synchronizing object | 正面均匀补光
Fra:10 Mem:22.05M (Peak 22.05M) | Time:00:00.00 | Mem:0.00M, Peak:0.00M | Scene, ViewLayer | Synchronizing object | 顶部金光
Fra:10 Mem:22.06M (Peak 22.06M) | Time:00:00.00 | Mem:0.00M, Peak:0.00M | Scene, ViewLayer | Synchronizing object | 主体平面 · 完整视差合成
Fra:10 Mem:22.06M (Peak 22.06M) | Time:00:00.00 | Mem:0.00M, Peak:0.00M | Scene, ViewLayer | Synchronizing object | 外圈 · 全息压边
Fra:10 Mem:22.08M (Peak 22.08M) | Time:00:00.00 | Mem:0.00M, Peak:0.00M | Scene, ViewLayer | Synchronizing object | 文字平面 · Alpha PNG
Fra:10 Mem:22.09M (Peak 22.09M) | Time:00:00.00 | Mem:0.00M, Peak:0.00M | Scene, ViewLayer | Initializing
Fra:10 Mem:22.07M (Peak 22.09M) | Time:00:00.00 | Mem:0.00M, Peak:0.00M | Scene, ViewLayer | Updating Images | Loading text.png
Fra:10 Mem:22.07M (Peak 22.09M) | Time:00:00.00 | Mem:0.00M, Peak:0.00M | Scene, ViewLayer | Updating Images | Loading subject.png
Fra:10 Mem:64.27M (Peak 85.36M) | Time:00:00.09 | Mem:21.09M, Peak:21.09M | Scene, ViewLayer | Updating Images | Loading lineart.png
Fra:10 Mem:85.36M (Peak 106.47M) | Time:00:00.12 | Mem:42.19M, Peak:42.19M | Scene, ViewLayer | Updating Images | Loading background.png
Fra:10 Mem:126.57M (Peak 148.65M) | Time:00:00.24 | Mem:105.47M, Peak:105.47M | Scene, ViewLayer | Waiting for render to start
Fra:10 Mem:126.57M (Peak 148.65M) | Time:00:00.24 | Mem:105.47M, Peak:105.47M | Scene, ViewLayer | Updating Scene
Fra:10 Mem:126.57M (Peak 148.65M) | Time:00:00.24 | Mem:105.47M, Peak:105.47M | Scene, ViewLayer | Updating Shaders
Fra:10 Mem:126.57M (Peak 148.65M) | Time:00:00.24 | Mem:105.47M, Peak:105.47M | Scene, ViewLayer | Loading render kernels (may take a few minutes the first time)
Fra:10 Mem:126.69M (Peak 148.65M) | Time:00:00.24 | Mem:105.50M, Peak:105.50M | Scene, ViewLayer | Updating Procedurals
Fra:10 Mem:126.69M (Peak 148.65M) | Time:00:00.24 | Mem:105.50M, Peak:105.50M | Scene, ViewLayer | Updating Background
Fra:10 Mem:126.69M (Peak 148.65M) | Time:00:00.24 | Mem:105.50M, Peak:105.50M | Scene, ViewLayer | Updating Camera
Fra:10 Mem:126.69M (Peak 148.65M) | Time:00:00.24 | Mem:105.50M, Peak:105.50M | Scene, ViewLayer | Updating Meshes Flags
Fra:10 Mem:126.69M (Peak 148.65M) | Time:00:00.24 | Mem:105.50M, Peak:105.50M | Scene, ViewLayer | Updating Objects
Fra:10 Mem:126.69M (Peak 148.65M) | Time:00:00.24 | Mem:105.50M, Peak:105.50M | Scene, ViewLayer | Updating Objects | Copying Transformations to device
Fra:10 Mem:126.69M (Peak 148.65M) | Time:00:00.24 | Mem:105.51M, Peak:105.51M | Scene, ViewLayer | Updating Particle Systems
Fra:10 Mem:126.69M (Peak 148.65M) | Time:00:00.24 | Mem:105.51M, Peak:105.51M | Scene, ViewLayer | Updating Particle Systems | Copying Particles to device
Fra:10 Mem:126.69M (Peak 148.65M) | Time:00:00.24 | Mem:105.51M, Peak:105.51M | Scene, ViewLayer | Updating Meshes
Fra:10 Mem:126.69M (Peak 148.65M) | Time:00:00.24 | Mem:105.51M, Peak:105.51M | Scene, ViewLayer | Updating Objects | Applying Static Transformations
Fra:10 Mem:126.69M (Peak 148.65M) | Time:00:00.24 | Mem:105.51M, Peak:105.51M | Scene, ViewLayer | Updating Mesh | Computing attributes
Fra:10 Mem:126.70M (Peak 148.65M) | Time:00:00.24 | Mem:105.51M, Peak:105.51M | Scene, ViewLayer | Updating Mesh | Copying Attributes to device
Fra:10 Mem:126.70M (Peak 148.65M) | Time:00:00.24 | Mem:105.52M, Peak:105.52M | Scene, ViewLayer | Updating Scene BVH | Building
Fra:10 Mem:126.70M (Peak 148.65M) | Time:00:00.24 | Mem:105.52M, Peak:105.52M | Scene, ViewLayer | Updating Scene BVH | Building BVH
Fra:10 Mem:126.70M (Peak 148.65M) | Time:00:00.24 | Mem:105.53M, Peak:105.53M | Scene, ViewLayer | Updating Scene BVH | Building BVH 0%
Fra:10 Mem:126.70M (Peak 148.65M) | Time:00:00.24 | Mem:105.56M, Peak:105.57M | Scene, ViewLayer | Updating Scene BVH | Copying BVH to device
Fra:10 Mem:126.70M (Peak 148.65M) | Time:00:00.24 | Mem:105.56M, Peak:105.57M | Scene, ViewLayer | Updating Mesh | Computing normals
Fra:10 Mem:126.72M (Peak 148.65M) | Time:00:00.24 | Mem:105.56M, Peak:105.57M | Scene, ViewLayer | Updating Mesh | Copying Mesh to device
Fra:10 Mem:126.72M (Peak 148.65M) | Time:00:00.24 | Mem:105.57M, Peak:105.57M | Scene, ViewLayer | Updating Objects Flags
Fra:10 Mem:126.72M (Peak 148.65M) | Time:00:00.24 | Mem:105.57M, Peak:105.57M | Scene, ViewLayer | Updating Primitive Offsets
Fra:10 Mem:126.72M (Peak 148.65M) | Time:00:00.24 | Mem:105.57M, Peak:105.57M | Scene, ViewLayer | Updating Images
Fra:10 Mem:126.72M (Peak 148.65M) | Time:00:00.24 | Mem:105.57M, Peak:105.57M | Scene, ViewLayer | Updating Camera Volume
Fra:10 Mem:126.72M (Peak 148.65M) | Time:00:00.24 | Mem:105.57M, Peak:105.57M | Scene, ViewLayer | Updating Lookup Tables
Fra:10 Mem:126.72M (Peak 148.65M) | Time:00:00.24 | Mem:105.65M, Peak:105.65M | Scene, ViewLayer | Updating Lights
Fra:10 Mem:126.72M (Peak 148.65M) | Time:00:00.24 | Mem:105.65M, Peak:105.65M | Scene, ViewLayer | Updating Lights | Computing tree
Fra:10 Mem:126.73M (Peak 148.65M) | Time:00:00.24 | Mem:105.66M, Peak:105.66M | Scene, ViewLayer | Updating Integrator
Fra:10 Mem:126.73M (Peak 148.65M) | Time:00:00.24 | Mem:105.66M, Peak:105.66M | Scene, ViewLayer | Updating Film
Fra:10 Mem:126.73M (Peak 148.65M) | Time:00:00.24 | Mem:105.58M, Peak:105.66M | Scene, ViewLayer | Updating Lookup Tables
Fra:10 Mem:126.73M (Peak 148.65M) | Time:00:00.24 | Mem:105.67M, Peak:105.67M | Scene, ViewLayer | Updating Baking
Fra:10 Mem:126.73M (Peak 148.65M) | Time:00:00.24 | Mem:105.67M, Peak:105.67M | Scene, ViewLayer | Updating Device | Writing constant memory
Fra:10 Mem:126.74M (Peak 148.65M) | Time:00:00.24 | Mem:105.67M, Peak:105.67M | Scene, ViewLayer | Sample 0/16
Fra:10 Mem:132.94M (Peak 148.65M) | Time:00:00.61 | Remaining:00:05.48 | Mem:111.86M, Peak:111.86M | Scene, ViewLayer | Sample 1/16
Fra:10 Mem:135.68M (Peak 148.65M) | Time:00:05.93 | Mem:111.86M, Peak:111.86M | Scene, ViewLayer | Sample 16/16
Fra:10 Mem:135.68M (Peak 148.65M) | Time:00:05.93 | Mem:111.86M, Peak:111.86M | Scene, ViewLayer | Finished
Fra:10 Mem:23.76M (Peak 148.65M) | Time:00:05.94 | Compositing
Saved: 'work/preview-frames/mj/frame_0010.png'
Time: 00:06.02 (Saving: 00:00.03)

Fra:11 Mem:22.05M (Peak 22.05M) | Time:00:00.00 | Mem:0.00M, Peak:0.00M | Scene, ViewLayer | Synchronizing object | 柔光主灯
Fra:11 Mem:22.05M (Peak 22.05M) | Time:00:00.00 | Mem:0.00M, Peak:0.00M | Scene, ViewLayer | Synchronizing object | 内圈 · 古金细边
Fra:11 Mem:22.05M (Peak 22.05M) | Time:00:00.00 | Mem:0.00M, Peak:0.00M | Scene, ViewLayer | Synchronizing object | 正面均匀补光
Fra:11 Mem:22.06M (Peak 22.06M) | Time:00:00.00 | Mem:0.00M, Peak:0.00M | Scene, ViewLayer | Synchronizing object | 顶部金光
Fra:11 Mem:22.06M (Peak 22.06M) | Time:00:00.00 | Mem:0.00M, Peak:0.00M | Scene, ViewLayer | Synchronizing object | 主体平面 · 完整视差合成
Fra:11 Mem:22.06M (Peak 22.06M) | Time:00:00.00 | Mem:0.00M, Peak:0.00M | Scene, ViewLayer | Synchronizing object | 外圈 · 全息压边
Fra:11 Mem:22.08M (Peak 22.08M) | Time:00:00.00 | Mem:0.00M, Peak:0.00M | Scene, ViewLayer | Synchronizing object | 文字平面 · Alpha PNG
Fra:11 Mem:22.09M (Peak 22.09M) | Time:00:00.00 | Mem:0.00M, Peak:0.00M | Scene, ViewLayer | Initializing
Fra:11 Mem:22.07M (Peak 22.09M) | Time:00:00.00 | Mem:0.00M, Peak:0.00M | Scene, ViewLayer | Updating Images | Loading text.png
Fra:11 Mem:22.07M (Peak 22.09M) | Time:00:00.00 | Mem:0.00M, Peak:0.00M | Scene, ViewLayer | Updating Images | Loading subject.png
Fra:11 Mem:64.27M (Peak 85.36M) | Time:00:00.09 | Mem:21.09M, Peak:21.09M | Scene, ViewLayer | Updating Images | Loading lineart.png
Fra:11 Mem:85.36M (Peak 106.47M) | Time:00:00.12 | Mem:42.19M, Peak:42.19M | Scene, ViewLayer | Updating Images | Loading background.png
Fra:11 Mem:126.57M (Peak 148.65M) | Time:00:00.25 | Mem:105.47M, Peak:105.47M | Scene, ViewLayer | Waiting for render to start
Fra:11 Mem:126.57M (Peak 148.65M) | Time:00:00.25 | Mem:105.47M, Peak:105.47M | Scene, ViewLayer | Updating Scene
Fra:11 Mem:126.57M (Peak 148.65M) | Time:00:00.25 | Mem:105.47M, Peak:105.47M | Scene, ViewLayer | Updating Shaders
Fra:11 Mem:126.57M (Peak 148.65M) | Time:00:00.25 | Mem:105.47M, Peak:105.47M | Scene, ViewLayer | Loading render kernels (may take a few minutes the first time)
Fra:11 Mem:126.69M (Peak 148.65M) | Time:00:00.25 | Mem:105.50M, Peak:105.50M | Scene, ViewLayer | Updating Procedurals
Fra:11 Mem:126.69M (Peak 148.65M) | Time:00:00.25 | Mem:105.50M, Peak:105.50M | Scene, ViewLayer | Updating Background
Fra:11 Mem:126.69M (Peak 148.65M) | Time:00:00.25 | Mem:105.50M, Peak:105.50M | Scene, ViewLayer | Updating Camera
Fra:11 Mem:126.69M (Peak 148.65M) | Time:00:00.25 | Mem:105.50M, Peak:105.50M | Scene, ViewLayer | Updating Meshes Flags
Fra:11 Mem:126.69M (Peak 148.65M) | Time:00:00.25 | Mem:105.50M, Peak:105.50M | Scene, ViewLayer | Updating Objects
Fra:11 Mem:126.69M (Peak 148.65M) | Time:00:00.25 | Mem:105.50M, Peak:105.50M | Scene, ViewLayer | Updating Objects | Copying Transformations to device
Fra:11 Mem:126.69M (Peak 148.65M) | Time:00:00.25 | Mem:105.51M, Peak:105.51M | Scene, ViewLayer | Updating Particle Systems
Fra:11 Mem:126.69M (Peak 148.65M) | Time:00:00.25 | Mem:105.51M, Peak:105.51M | Scene, ViewLayer | Updating Particle Systems | Copying Particles to device
Fra:11 Mem:126.69M (Peak 148.65M) | Time:00:00.25 | Mem:105.51M, Peak:105.51M | Scene, ViewLayer | Updating Meshes
Fra:11 Mem:126.69M (Peak 148.65M) | Time:00:00.25 | Mem:105.51M, Peak:105.51M | Scene, ViewLayer | Updating Objects | Applying Static Transformations
Fra:11 Mem:126.69M (Peak 148.65M) | Time:00:00.25 | Mem:105.51M, Peak:105.51M | Scene, ViewLayer | Updating Mesh | Computing attributes
Fra:11 Mem:126.70M (Peak 148.65M) | Time:00:00.25 | Mem:105.51M, Peak:105.51M | Scene, ViewLayer | Updating Mesh | Copying Attributes to device
Fra:11 Mem:126.70M (Peak 148.65M) | Time:00:00.25 | Mem:105.52M, Peak:105.52M | Scene, ViewLayer | Updating Scene BVH | Building
Fra:11 Mem:126.70M (Peak 148.65M) | Time:00:00.25 | Mem:105.52M, Peak:105.52M | Scene, ViewLayer | Updating Scene BVH | Building BVH
Fra:11 Mem:126.70M (Peak 148.65M) | Time:00:00.25 | Mem:105.53M, Peak:105.53M | Scene, ViewLayer | Updating Scene BVH | Building BVH 0%
Fra:11 Mem:126.70M (Peak 148.65M) | Time:00:00.25 | Mem:105.55M, Peak:105.57M | Scene, ViewLayer | Updating Scene BVH | Copying BVH to device
Fra:11 Mem:126.70M (Peak 148.65M) | Time:00:00.25 | Mem:105.55M, Peak:105.57M | Scene, ViewLayer | Updating Mesh | Computing normals
Fra:11 Mem:126.72M (Peak 148.65M) | Time:00:00.25 | Mem:105.55M, Peak:105.57M | Scene, ViewLayer | Updating Mesh | Copying Mesh to device
Fra:11 Mem:126.72M (Peak 148.65M) | Time:00:00.25 | Mem:105.57M, Peak:105.57M | Scene, ViewLayer | Updating Objects Flags
Fra:11 Mem:126.72M (Peak 148.65M) | Time:00:00.25 | Mem:105.57M, Peak:105.57M | Scene, ViewLayer | Updating Primitive Offsets
Fra:11 Mem:126.72M (Peak 148.65M) | Time:00:00.25 | Mem:105.57M, Peak:105.57M | Scene, ViewLayer | Updating Images
Fra:11 Mem:126.72M (Peak 148.65M) | Time:00:00.25 | Mem:105.57M, Peak:105.57M | Scene, ViewLayer | Updating Camera Volume
Fra:11 Mem:126.72M (Peak 148.65M) | Time:00:00.25 | Mem:105.57M, Peak:105.57M | Scene, ViewLayer | Updating Lookup Tables
Fra:11 Mem:126.72M (Peak 148.65M) | Time:00:00.25 | Mem:105.65M, Peak:105.65M | Scene, ViewLayer | Updating Lights
Fra:11 Mem:126.72M (Peak 148.65M) | Time:00:00.25 | Mem:105.65M, Peak:105.65M | Scene, ViewLayer | Updating Lights | Computing tree
Fra:11 Mem:126.73M (Peak 148.65M) | Time:00:00.25 | Mem:105.66M, Peak:105.66M | Scene, ViewLayer | Updating Integrator
Fra:11 Mem:126.73M (Peak 148.65M) | Time:00:00.25 | Mem:105.66M, Peak:105.66M | Scene, ViewLayer | Updating Film
Fra:11 Mem:126.73M (Peak 148.65M) | Time:00:00.25 | Mem:105.58M, Peak:105.66M | Scene, ViewLayer | Updating Lookup Tables
Fra:11 Mem:126.73M (Peak 148.65M) | Time:00:00.25 | Mem:105.67M, Peak:105.67M | Scene, ViewLayer | Updating Baking
Fra:11 Mem:126.73M (Peak 148.65M) | Time:00:00.25 | Mem:105.67M, Peak:105.67M | Scene, ViewLayer | Updating Device | Writing constant memory
Fra:11 Mem:126.74M (Peak 148.65M) | Time:00:00.25 | Mem:105.67M, Peak:105.67M | Scene, ViewLayer | Sample 0/16
Fra:11 Mem:132.94M (Peak 148.65M) | Time:00:00.63 | Remaining:00:05.63 | Mem:111.86M, Peak:111.86M | Scene, ViewLayer | Sample 1/16
Fra:11 Mem:135.68M (Peak 148.65M) | Time:00:05.97 | Mem:111.86M, Peak:111.86M | Scene, ViewLayer | Sample 16/16
Fra:11 Mem:135.68M (Peak 148.65M) | Time:00:05.97 | Mem:111.86M, Peak:111.86M | Scene, ViewLayer | Finished
Fra:11 Mem:23.76M (Peak 148.65M) | Time:00:05.97 | Compositing
Saved: 'work/preview-frames/mj/frame_0011.png'
Time: 00:06.06 (Saving: 00:00.04)

Fra:12 Mem:22.05M (Peak 22.05M) | Time:00:00.00 | Mem:0.00M, Peak:0.00M | Scene, ViewLayer | Synchronizing object | 柔光主灯
Fra:12 Mem:22.05M (Peak 22.05M) | Time:00:00.00 | Mem:0.00M, Peak:0.00M | Scene, ViewLayer | Synchronizing object | 内圈 · 古金细边
Fra:12 Mem:22.05M (Peak 22.05M) | Time:00:00.00 | Mem:0.00M, Peak:0.00M | Scene, ViewLayer | Synchronizing object | 正面均匀补光
Fra:12 Mem:22.05M (Peak 22.05M) | Time:00:00.00 | Mem:0.00M, Peak:0.00M | Scene, ViewLayer | Synchronizing object | 顶部金光
Fra:12 Mem:22.06M (Peak 22.06M) | Time:00:00.00 | Mem:0.00M, Peak:0.00M | Scene, ViewLayer | Synchronizing object | 主体平面 · 完整视差合成
Fra:12 Mem:22.06M (Peak 22.06M) | Time:00:00.00 | Mem:0.00M, Peak:0.00M | Scene, ViewLayer | Synchronizing object | 外圈 · 全息压边
Fra:12 Mem:22.08M (Peak 22.08M) | Time:00:00.00 | Mem:0.00M, Peak:0.00M | Scene, ViewLayer | Synchronizing object | 文字平面 · Alpha PNG
Fra:12 Mem:22.09M (Peak 22.09M) | Time:00:00.00 | Mem:0.00M, Peak:0.00M | Scene, ViewLayer | Initializing
Fra:12 Mem:22.07M (Peak 22.09M) | Time:00:00.00 | Mem:0.00M, Peak:0.00M | Scene, ViewLayer | Updating Images | Loading text.png
Fra:12 Mem:22.07M (Peak 22.09M) | Time:00:00.00 | Mem:0.00M, Peak:0.00M | Scene, ViewLayer | Updating Images | Loading subject.png
Fra:12 Mem:64.27M (Peak 85.36M) | Time:00:00.09 | Mem:21.09M, Peak:21.09M | Scene, ViewLayer | Updating Images | Loading lineart.png
Fra:12 Mem:85.36M (Peak 106.47M) | Time:00:00.12 | Mem:42.19M, Peak:42.19M | Scene, ViewLayer | Updating Images | Loading background.png
Fra:12 Mem:126.57M (Peak 148.65M) | Time:00:00.25 | Mem:105.47M, Peak:105.47M | Scene, ViewLayer | Waiting for render to start
Fra:12 Mem:126.57M (Peak 148.65M) | Time:00:00.25 | Mem:105.47M, Peak:105.47M | Scene, ViewLayer | Updating Scene
Fra:12 Mem:126.57M (Peak 148.65M) | Time:00:00.25 | Mem:105.47M, Peak:105.47M | Scene, ViewLayer | Updating Shaders
Fra:12 Mem:126.57M (Peak 148.65M) | Time:00:00.25 | Mem:105.47M, Peak:105.47M | Scene, ViewLayer | Loading render kernels (may take a few minutes the first time)
Fra:12 Mem:126.69M (Peak 148.65M) | Time:00:00.25 | Mem:105.50M, Peak:105.50M | Scene, ViewLayer | Updating Procedurals
Fra:12 Mem:126.69M (Peak 148.65M) | Time:00:00.25 | Mem:105.50M, Peak:105.50M | Scene, ViewLayer | Updating Background
Fra:12 Mem:126.69M (Peak 148.65M) | Time:00:00.25 | Mem:105.50M, Peak:105.50M | Scene, ViewLayer | Updating Camera
Fra:12 Mem:126.69M (Peak 148.65M) | Time:00:00.25 | Mem:105.50M, Peak:105.50M | Scene, ViewLayer | Updating Meshes Flags
Fra:12 Mem:126.69M (Peak 148.65M) | Time:00:00.25 | Mem:105.50M, Peak:105.50M | Scene, ViewLayer | Updating Objects
Fra:12 Mem:126.69M (Peak 148.65M) | Time:00:00.25 | Mem:105.50M, Peak:105.50M | Scene, ViewLayer | Updating Objects | Copying Transformations to device
Fra:12 Mem:126.69M (Peak 148.65M) | Time:00:00.25 | Mem:105.51M, Peak:105.51M | Scene, ViewLayer | Updating Particle Systems
Fra:12 Mem:126.69M (Peak 148.65M) | Time:00:00.25 | Mem:105.51M, Peak:105.51M | Scene, ViewLayer | Updating Particle Systems | Copying Particles to device
Fra:12 Mem:126.69M (Peak 148.65M) | Time:00:00.25 | Mem:105.51M, Peak:105.51M | Scene, ViewLayer | Updating Meshes
Fra:12 Mem:126.69M (Peak 148.65M) | Time:00:00.25 | Mem:105.51M, Peak:105.51M | Scene, ViewLayer | Updating Objects | Applying Static Transformations
Fra:12 Mem:126.69M (Peak 148.65M) | Time:00:00.25 | Mem:105.51M, Peak:105.51M | Scene, ViewLayer | Updating Mesh | Computing attributes
Fra:12 Mem:126.70M (Peak 148.65M) | Time:00:00.25 | Mem:105.51M, Peak:105.51M | Scene, ViewLayer | Updating Mesh | Copying Attributes to device
Fra:12 Mem:126.70M (Peak 148.65M) | Time:00:00.25 | Mem:105.52M, Peak:105.52M | Scene, ViewLayer | Updating Scene BVH | Building
Fra:12 Mem:126.70M (Peak 148.65M) | Time:00:00.25 | Mem:105.52M, Peak:105.52M | Scene, ViewLayer | Updating Scene BVH | Building BVH
Fra:12 Mem:126.70M (Peak 148.65M) | Time:00:00.25 | Mem:105.53M, Peak:105.53M | Scene, ViewLayer | Updating Scene BVH | Building BVH 0%
Fra:12 Mem:126.70M (Peak 148.65M) | Time:00:00.25 | Mem:105.56M, Peak:105.57M | Scene, ViewLayer | Updating Scene BVH | Copying BVH to device
Fra:12 Mem:126.70M (Peak 148.65M) | Time:00:00.25 | Mem:105.56M, Peak:105.57M | Scene, ViewLayer | Updating Mesh | Computing normals
Fra:12 Mem:126.72M (Peak 148.65M) | Time:00:00.25 | Mem:105.56M, Peak:105.57M | Scene, ViewLayer | Updating Mesh | Copying Mesh to device
Fra:12 Mem:126.72M (Peak 148.65M) | Time:00:00.25 | Mem:105.57M, Peak:105.57M | Scene, ViewLayer | Updating Objects Flags
Fra:12 Mem:126.72M (Peak 148.65M) | Time:00:00.25 | Mem:105.57M, Peak:105.57M | Scene, ViewLayer | Updating Primitive Offsets
Fra:12 Mem:126.72M (Peak 148.65M) | Time:00:00.25 | Mem:105.57M, Peak:105.57M | Scene, ViewLayer | Updating Images
Fra:12 Mem:126.72M (Peak 148.65M) | Time:00:00.25 | Mem:105.57M, Peak:105.57M | Scene, ViewLayer | Updating Camera Volume
Fra:12 Mem:126.72M (Peak 148.65M) | Time:00:00.25 | Mem:105.57M, Peak:105.57M | Scene, ViewLayer | Updating Lookup Tables
Fra:12 Mem:126.72M (Peak 148.65M) | Time:00:00.25 | Mem:105.65M, Peak:105.65M | Scene, ViewLayer | Updating Lights
Fra:12 Mem:126.72M (Peak 148.65M) | Time:00:00.25 | Mem:105.65M, Peak:105.65M | Scene, ViewLayer | Updating Lights | Computing tree
Fra:12 Mem:126.73M (Peak 148.65M) | Time:00:00.25 | Mem:105.66M, Peak:105.66M | Scene, ViewLayer | Updating Integrator
Fra:12 Mem:126.73M (Peak 148.65M) | Time:00:00.25 | Mem:105.66M, Peak:105.66M | Scene, ViewLayer | Updating Film
Fra:12 Mem:126.73M (Peak 148.65M) | Time:00:00.25 | Mem:105.58M, Peak:105.66M | Scene, ViewLayer | Updating Lookup Tables
Fra:12 Mem:126.73M (Peak 148.65M) | Time:00:00.25 | Mem:105.67M, Peak:105.67M | Scene, ViewLayer | Updating Baking
Fra:12 Mem:126.73M (Peak 148.65M) | Time:00:00.25 | Mem:105.67M, Peak:105.67M | Scene, ViewLayer | Updating Device | Writing constant memory
Fra:12 Mem:126.74M (Peak 148.65M) | Time:00:00.25 | Mem:105.67M, Peak:105.67M | Scene, ViewLayer | Sample 0/16
Fra:12 Mem:132.94M (Peak 148.65M) | Time:00:00.61 | Remaining:00:05.49 | Mem:111.86M, Peak:111.86M | Scene, ViewLayer | Sample 1/16
Fra:12 Mem:135.68M (Peak 148.65M) | Time:00:05.92 | Mem:111.86M, Peak:111.86M | Scene, ViewLayer | Sample 16/16
Fra:12 Mem:135.68M (Peak 148.65M) | Time:00:05.92 | Mem:111.86M, Peak:111.86M | Scene, ViewLayer | Finished
Fra:12 Mem:23.76M (Peak 148.65M) | Time:00:05.92 | Compositing
Saved: 'work/preview-frames/mj/frame_0012.png'
Time: 00:06.00 (Saving: 00:00.03)

Fra:13 Mem:22.05M (Peak 22.05M) | Time:00:00.00 | Mem:0.00M, Peak:0.00M | Scene, ViewLayer | Synchronizing object | 柔光主灯
Fra:13 Mem:22.05M (Peak 22.05M) | Time:00:00.00 | Mem:0.00M, Peak:0.00M | Scene, ViewLayer | Synchronizing object | 内圈 · 古金细边
Fra:13 Mem:22.05M (Peak 22.05M) | Time:00:00.00 | Mem:0.00M, Peak:0.00M | Scene, ViewLayer | Synchronizing object | 正面均匀补光
Fra:13 Mem:22.06M (Peak 22.06M) | Time:00:00.00 | Mem:0.00M, Peak:0.00M | Scene, ViewLayer | Synchronizing object | 顶部金光
Fra:13 Mem:22.06M (Peak 22.06M) | Time:00:00.00 | Mem:0.00M, Peak:0.00M | Scene, ViewLayer | Synchronizing object | 主体平面 · 完整视差合成
Fra:13 Mem:22.06M (Peak 22.06M) | Time:00:00.00 | Mem:0.00M, Peak:0.00M | Scene, ViewLayer | Synchronizing object | 外圈 · 全息压边
Fra:13 Mem:22.08M (Peak 22.08M) | Time:00:00.00 | Mem:0.00M, Peak:0.00M | Scene, ViewLayer | Synchronizing object | 文字平面 · Alpha PNG
Fra:13 Mem:22.09M (Peak 22.09M) | Time:00:00.00 | Mem:0.00M, Peak:0.00M | Scene, ViewLayer | Initializing
Fra:13 Mem:22.07M (Peak 22.09M) | Time:00:00.00 | Mem:0.00M, Peak:0.00M | Scene, ViewLayer | Updating Images | Loading text.png
Fra:13 Mem:22.07M (Peak 22.09M) | Time:00:00.00 | Mem:0.00M, Peak:0.00M | Scene, ViewLayer | Updating Images | Loading subject.png
Fra:13 Mem:64.27M (Peak 85.36M) | Time:00:00.09 | Mem:21.09M, Peak:21.09M | Scene, ViewLayer | Updating Images | Loading lineart.png
Fra:13 Mem:85.36M (Peak 106.47M) | Time:00:00.12 | Mem:42.19M, Peak:42.19M | Scene, ViewLayer | Updating Images | Loading background.png
Fra:13 Mem:126.57M (Peak 148.65M) | Time:00:00.25 | Mem:105.47M, Peak:105.47M | Scene, ViewLayer | Waiting for render to start
Fra:13 Mem:126.57M (Peak 148.65M) | Time:00:00.25 | Mem:105.47M, Peak:105.47M | Scene, ViewLayer | Updating Scene
Fra:13 Mem:126.57M (Peak 148.65M) | Time:00:00.25 | Mem:105.47M, Peak:105.47M | Scene, ViewLayer | Updating Shaders
Fra:13 Mem:126.57M (Peak 148.65M) | Time:00:00.25 | Mem:105.47M, Peak:105.47M | Scene, ViewLayer | Loading render kernels (may take a few minutes the first time)
Fra:13 Mem:126.69M (Peak 148.65M) | Time:00:00.25 | Mem:105.50M, Peak:105.50M | Scene, ViewLayer | Updating Procedurals
Fra:13 Mem:126.69M (Peak 148.65M) | Time:00:00.25 | Mem:105.50M, Peak:105.50M | Scene, ViewLayer | Updating Background
Fra:13 Mem:126.69M (Peak 148.65M) | Time:00:00.25 | Mem:105.50M, Peak:105.50M | Scene, ViewLayer | Updating Camera
Fra:13 Mem:126.69M (Peak 148.65M) | Time:00:00.25 | Mem:105.50M, Peak:105.50M | Scene, ViewLayer | Updating Meshes Flags
Fra:13 Mem:126.69M (Peak 148.65M) | Time:00:00.25 | Mem:105.50M, Peak:105.50M | Scene, ViewLayer | Updating Objects
Fra:13 Mem:126.69M (Peak 148.65M) | Time:00:00.25 | Mem:105.50M, Peak:105.50M | Scene, ViewLayer | Updating Objects | Copying Transformations to device
Fra:13 Mem:126.69M (Peak 148.65M) | Time:00:00.25 | Mem:105.51M, Peak:105.51M | Scene, ViewLayer | Updating Particle Systems
Fra:13 Mem:126.69M (Peak 148.65M) | Time:00:00.25 | Mem:105.51M, Peak:105.51M | Scene, ViewLayer | Updating Particle Systems | Copying Particles to device
Fra:13 Mem:126.69M (Peak 148.65M) | Time:00:00.25 | Mem:105.51M, Peak:105.51M | Scene, ViewLayer | Updating Meshes
Fra:13 Mem:126.69M (Peak 148.65M) | Time:00:00.25 | Mem:105.51M, Peak:105.51M | Scene, ViewLayer | Updating Objects | Applying Static Transformations
Fra:13 Mem:126.69M (Peak 148.65M) | Time:00:00.25 | Mem:105.51M, Peak:105.51M | Scene, ViewLayer | Updating Mesh | Computing attributes
Fra:13 Mem:126.70M (Peak 148.65M) | Time:00:00.25 | Mem:105.51M, Peak:105.51M | Scene, ViewLayer | Updating Mesh | Copying Attributes to device
Fra:13 Mem:126.70M (Peak 148.65M) | Time:00:00.25 | Mem:105.52M, Peak:105.52M | Scene, ViewLayer | Updating Scene BVH | Building
Fra:13 Mem:126.70M (Peak 148.65M) | Time:00:00.25 | Mem:105.52M, Peak:105.52M | Scene, ViewLayer | Updating Scene BVH | Building BVH
Fra:13 Mem:126.70M (Peak 148.65M) | Time:00:00.25 | Mem:105.53M, Peak:105.53M | Scene, ViewLayer | Updating Scene BVH | Building BVH 0%
Fra:13 Mem:126.70M (Peak 148.65M) | Time:00:00.25 | Mem:105.56M, Peak:105.57M | Scene, ViewLayer | Updating Scene BVH | Copying BVH to device
Fra:13 Mem:126.70M (Peak 148.65M) | Time:00:00.25 | Mem:105.56M, Peak:105.57M | Scene, ViewLayer | Updating Mesh | Computing normals
Fra:13 Mem:126.72M (Peak 148.65M) | Time:00:00.25 | Mem:105.56M, Peak:105.57M | Scene, ViewLayer | Updating Mesh | Copying Mesh to device
Fra:13 Mem:126.72M (Peak 148.65M) | Time:00:00.25 | Mem:105.57M, Peak:105.57M | Scene, ViewLayer | Updating Objects Flags
Fra:13 Mem:126.72M (Peak 148.65M) | Time:00:00.25 | Mem:105.57M, Peak:105.57M | Scene, ViewLayer | Updating Primitive Offsets
Fra:13 Mem:126.72M (Peak 148.65M) | Time:00:00.25 | Mem:105.57M, Peak:105.57M | Scene, ViewLayer | Updating Images
Fra:13 Mem:126.72M (Peak 148.65M) | Time:00:00.25 | Mem:105.57M, Peak:105.57M | Scene, ViewLayer | Updating Camera Volume
Fra:13 Mem:126.72M (Peak 148.65M) | Time:00:00.25 | Mem:105.57M, Peak:105.57M | Scene, ViewLayer | Updating Lookup Tables
Fra:13 Mem:126.72M (Peak 148.65M) | Time:00:00.25 | Mem:105.65M, Peak:105.65M | Scene, ViewLayer | Updating Lights
Fra:13 Mem:126.72M (Peak 148.65M) | Time:00:00.25 | Mem:105.65M, Peak:105.65M | Scene, ViewLayer | Updating Lights | Computing tree
Fra:13 Mem:126.73M (Peak 148.65M) | Time:00:00.25 | Mem:105.66M, Peak:105.66M | Scene, ViewLayer | Updating Integrator
Fra:13 Mem:126.73M (Peak 148.65M) | Time:00:00.25 | Mem:105.66M, Peak:105.66M | Scene, ViewLayer | Updating Film
Fra:13 Mem:126.73M (Peak 148.65M) | Time:00:00.25 | Mem:105.58M, Peak:105.66M | Scene, ViewLayer | Updating Lookup Tables
Fra:13 Mem:126.73M (Peak 148.65M) | Time:00:00.25 | Mem:105.67M, Peak:105.67M | Scene, ViewLayer | Updating Baking
Fra:13 Mem:126.73M (Peak 148.65M) | Time:00:00.25 | Mem:105.67M, Peak:105.67M | Scene, ViewLayer | Updating Device | Writing constant memory
Fra:13 Mem:126.74M (Peak 148.65M) | Time:00:00.25 | Mem:105.67M, Peak:105.67M | Scene, ViewLayer | Sample 0/16
Fra:13 Mem:132.94M (Peak 148.65M) | Time:00:00.61 | Remaining:00:05.46 | Mem:111.86M, Peak:111.86M | Scene, ViewLayer | Sample 1/16
Fra:13 Mem:135.68M (Peak 148.65M) | Time:00:05.88 | Mem:111.86M, Peak:111.86M | Scene, ViewLayer | Sample 16/16
Fra:13 Mem:135.68M (Peak 148.65M) | Time:00:05.88 | Mem:111.86M, Peak:111.86M | Scene, ViewLayer | Finished
Fra:13 Mem:23.76M (Peak 148.65M) | Time:00:05.88 | Compositing
Saved: 'work/preview-frames/mj/frame_0013.png'
Time: 00:05.99 (Saving: 00:00.05)

Fra:14 Mem:22.05M (Peak 22.05M) | Time:00:00.00 | Mem:0.00M, Peak:0.00M | Scene, ViewLayer | Synchronizing object | 柔光主灯
Fra:14 Mem:22.05M (Peak 22.05M) | Time:00:00.00 | Mem:0.00M, Peak:0.00M | Scene, ViewLayer | Synchronizing object | 内圈 · 古金细边
Fra:14 Mem:22.06M (Peak 22.06M) | Time:00:00.00 | Mem:0.00M, Peak:0.00M | Scene, ViewLayer | Synchronizing object | 正面均匀补光
Fra:14 Mem:22.06M (Peak 22.06M) | Time:00:00.00 | Mem:0.00M, Peak:0.00M | Scene, ViewLayer | Synchronizing object | 顶部金光
Fra:14 Mem:22.06M (Peak 22.06M) | Time:00:00.00 | Mem:0.00M, Peak:0.00M | Scene, ViewLayer | Synchronizing object | 主体平面 · 完整视差合成
Fra:14 Mem:22.06M (Peak 22.06M) | Time:00:00.00 | Mem:0.00M, Peak:0.00M | Scene, ViewLayer | Synchronizing object | 外圈 · 全息压边
Fra:14 Mem:22.08M (Peak 22.08M) | Time:00:00.00 | Mem:0.00M, Peak:0.00M | Scene, ViewLayer | Synchronizing object | 文字平面 · Alpha PNG
Fra:14 Mem:22.09M (Peak 22.09M) | Time:00:00.00 | Mem:0.00M, Peak:0.00M | Scene, ViewLayer | Initializing
Fra:14 Mem:22.07M (Peak 22.09M) | Time:00:00.00 | Mem:0.00M, Peak:0.00M | Scene, ViewLayer | Updating Images | Loading text.png
Fra:14 Mem:22.07M (Peak 22.09M) | Time:00:00.00 | Mem:0.00M, Peak:0.00M | Scene, ViewLayer | Updating Images | Loading subject.png
Fra:14 Mem:64.27M (Peak 85.36M) | Time:00:00.09 | Mem:21.09M, Peak:21.09M | Scene, ViewLayer | Updating Images | Loading lineart.png
Fra:14 Mem:85.36M (Peak 106.47M) | Time:00:00.12 | Mem:42.19M, Peak:42.19M | Scene, ViewLayer | Updating Images | Loading background.png
Fra:14 Mem:126.57M (Peak 148.65M) | Time:00:00.25 | Mem:105.47M, Peak:105.47M | Scene, ViewLayer | Waiting for render to start
Fra:14 Mem:126.57M (Peak 148.65M) | Time:00:00.25 | Mem:105.47M, Peak:105.47M | Scene, ViewLayer | Updating Scene
Fra:14 Mem:126.57M (Peak 148.65M) | Time:00:00.25 | Mem:105.47M, Peak:105.47M | Scene, ViewLayer | Updating Shaders
Fra:14 Mem:126.57M (Peak 148.65M) | Time:00:00.25 | Mem:105.47M, Peak:105.47M | Scene, ViewLayer | Loading render kernels (may take a few minutes the first time)
Fra:14 Mem:126.69M (Peak 148.65M) | Time:00:00.25 | Mem:105.50M, Peak:105.50M | Scene, ViewLayer | Updating Procedurals
Fra:14 Mem:126.69M (Peak 148.65M) | Time:00:00.25 | Mem:105.50M, Peak:105.50M | Scene, ViewLayer | Updating Background
Fra:14 Mem:126.69M (Peak 148.65M) | Time:00:00.25 | Mem:105.50M, Peak:105.50M | Scene, ViewLayer | Updating Camera
Fra:14 Mem:126.69M (Peak 148.65M) | Time:00:00.25 | Mem:105.50M, Peak:105.50M | Scene, ViewLayer | Updating Meshes Flags
Fra:14 Mem:126.69M (Peak 148.65M) | Time:00:00.25 | Mem:105.50M, Peak:105.50M | Scene, ViewLayer | Updating Objects
Fra:14 Mem:126.69M (Peak 148.65M) | Time:00:00.25 | Mem:105.50M, Peak:105.50M | Scene, ViewLayer | Updating Objects | Copying Transformations to device
Fra:14 Mem:126.69M (Peak 148.65M) | Time:00:00.25 | Mem:105.51M, Peak:105.51M | Scene, ViewLayer | Updating Particle Systems
Fra:14 Mem:126.69M (Peak 148.65M) | Time:00:00.25 | Mem:105.51M, Peak:105.51M | Scene, ViewLayer | Updating Particle Systems | Copying Particles to device
Fra:14 Mem:126.69M (Peak 148.65M) | Time:00:00.25 | Mem:105.51M, Peak:105.51M | Scene, ViewLayer | Updating Meshes
Fra:14 Mem:126.69M (Peak 148.65M) | Time:00:00.25 | Mem:105.51M, Peak:105.51M | Scene, ViewLayer | Updating Objects | Applying Static Transformations
Fra:14 Mem:126.69M (Peak 148.65M) | Time:00:00.25 | Mem:105.51M, Peak:105.51M | Scene, ViewLayer | Updating Mesh | Computing attributes
Fra:14 Mem:126.70M (Peak 148.65M) | Time:00:00.25 | Mem:105.51M, Peak:105.51M | Scene, ViewLayer | Updating Mesh | Copying Attributes to device
Fra:14 Mem:126.70M (Peak 148.65M) | Time:00:00.25 | Mem:105.52M, Peak:105.52M | Scene, ViewLayer | Updating Scene BVH | Building
Fra:14 Mem:126.70M (Peak 148.65M) | Time:00:00.25 | Mem:105.52M, Peak:105.52M | Scene, ViewLayer | Updating Scene BVH | Building BVH
Fra:14 Mem:126.70M (Peak 148.65M) | Time:00:00.25 | Mem:105.53M, Peak:105.53M | Scene, ViewLayer | Updating Scene BVH | Building BVH 0%
Fra:14 Mem:126.70M (Peak 148.65M) | Time:00:00.25 | Mem:105.56M, Peak:105.57M | Scene, ViewLayer | Updating Scene BVH | Copying BVH to device
Fra:14 Mem:126.70M (Peak 148.65M) | Time:00:00.25 | Mem:105.56M, Peak:105.57M | Scene, ViewLayer | Updating Mesh | Computing normals
Fra:14 Mem:126.72M (Peak 148.65M) | Time:00:00.25 | Mem:105.56M, Peak:105.57M | Scene, ViewLayer | Updating Mesh | Copying Mesh to device
Fra:14 Mem:126.72M (Peak 148.65M) | Time:00:00.25 | Mem:105.57M, Peak:105.57M | Scene, ViewLayer | Updating Objects Flags
Fra:14 Mem:126.72M (Peak 148.65M) | Time:00:00.25 | Mem:105.57M, Peak:105.57M | Scene, ViewLayer | Updating Primitive Offsets
Fra:14 Mem:126.72M (Peak 148.65M) | Time:00:00.25 | Mem:105.57M, Peak:105.57M | Scene, ViewLayer | Updating Images
Fra:14 Mem:126.72M (Peak 148.65M) | Time:00:00.25 | Mem:105.57M, Peak:105.57M | Scene, ViewLayer | Updating Camera Volume
Fra:14 Mem:126.72M (Peak 148.65M) | Time:00:00.25 | Mem:105.57M, Peak:105.57M | Scene, ViewLayer | Updating Lookup Tables
Fra:14 Mem:126.72M (Peak 148.65M) | Time:00:00.25 | Mem:105.65M, Peak:105.65M | Scene, ViewLayer | Updating Lights
Fra:14 Mem:126.72M (Peak 148.65M) | Time:00:00.25 | Mem:105.65M, Peak:105.65M | Scene, ViewLayer | Updating Lights | Computing tree
Fra:14 Mem:126.73M (Peak 148.65M) | Time:00:00.25 | Mem:105.66M, Peak:105.66M | Scene, ViewLayer | Updating Integrator
Fra:14 Mem:126.73M (Peak 148.65M) | Time:00:00.25 | Mem:105.66M, Peak:105.66M | Scene, ViewLayer | Updating Film
Fra:14 Mem:126.73M (Peak 148.65M) | Time:00:00.25 | Mem:105.58M, Peak:105.66M | Scene, ViewLayer | Updating Lookup Tables
Fra:14 Mem:126.73M (Peak 148.65M) | Time:00:00.25 | Mem:105.67M, Peak:105.67M | Scene, ViewLayer | Updating Baking
Fra:14 Mem:126.73M (Peak 148.65M) | Time:00:00.25 | Mem:105.67M, Peak:105.67M | Scene, ViewLayer | Updating Device | Writing constant memory
Fra:14 Mem:126.74M (Peak 148.65M) | Time:00:00.25 | Mem:105.67M, Peak:105.67M | Scene, ViewLayer | Sample 0/16
Fra:14 Mem:132.94M (Peak 148.65M) | Time:00:00.61 | Remaining:00:05.47 | Mem:111.86M, Peak:111.86M | Scene, ViewLayer | Sample 1/16
Fra:14 Mem:135.68M (Peak 148.65M) | Time:00:05.94 | Mem:111.86M, Peak:111.86M | Scene, ViewLayer | Sample 16/16
Fra:14 Mem:135.68M (Peak 148.65M) | Time:00:05.94 | Mem:111.86M, Peak:111.86M | Scene, ViewLayer | Finished
Fra:14 Mem:23.76M (Peak 148.65M) | Time:00:05.95 | Compositing
Saved: 'work/preview-frames/mj/frame_0014.png'
Time: 00:06.03 (Saving: 00:00.03)

Fra:15 Mem:22.05M (Peak 22.05M) | Time:00:00.00 | Mem:0.00M, Peak:0.00M | Scene, ViewLayer | Synchronizing object | 柔光主灯
Fra:15 Mem:22.05M (Peak 22.05M) | Time:00:00.00 | Mem:0.00M, Peak:0.00M | Scene, ViewLayer | Synchronizing object | 正面均匀补光
Fra:15 Mem:22.06M (Peak 22.06M) | Time:00:00.00 | Mem:0.00M, Peak:0.00M | Scene, ViewLayer | Synchronizing object | 顶部金光
Fra:15 Mem:22.06M (Peak 22.06M) | Time:00:00.00 | Mem:0.00M, Peak:0.00M | Scene, ViewLayer | Synchronizing object | 主体平面 · 完整视差合成
Fra:15 Mem:22.08M (Peak 22.08M) | Time:00:00.00 | Mem:0.00M, Peak:0.00M | Scene, ViewLayer | Synchronizing object | 文字平面 · Alpha PNG
Fra:15 Mem:22.07M (Peak 22.08M) | Time:00:00.00 | Mem:0.00M, Peak:0.00M | Scene, ViewLayer | Synchronizing object | 外圈 · 全息压边
Fra:15 Mem:22.09M (Peak 22.09M) | Time:00:00.00 | Mem:0.00M, Peak:0.00M | Scene, ViewLayer | Initializing
Fra:15 Mem:22.07M (Peak 22.09M) | Time:00:00.00 | Mem:0.00M, Peak:0.00M | Scene, ViewLayer | Updating Images | Loading text.png
Fra:15 Mem:22.07M (Peak 22.09M) | Time:00:00.00 | Mem:0.00M, Peak:0.00M | Scene, ViewLayer | Updating Images | Loading subject.png
Fra:15 Mem:64.27M (Peak 85.36M) | Time:00:00.09 | Mem:21.09M, Peak:21.09M | Scene, ViewLayer | Updating Images | Loading lineart.png
Fra:15 Mem:85.36M (Peak 106.47M) | Time:00:00.12 | Mem:42.19M, Peak:42.19M | Scene, ViewLayer | Updating Images | Loading background.png
Fra:15 Mem:126.57M (Peak 148.65M) | Time:00:00.24 | Mem:105.47M, Peak:105.47M | Scene, ViewLayer | Waiting for render to start
Fra:15 Mem:126.57M (Peak 148.65M) | Time:00:00.24 | Mem:105.47M, Peak:105.47M | Scene, ViewLayer | Updating Scene
Fra:15 Mem:126.57M (Peak 148.65M) | Time:00:00.24 | Mem:105.47M, Peak:105.47M | Scene, ViewLayer | Updating Shaders
Fra:15 Mem:126.57M (Peak 148.65M) | Time:00:00.24 | Mem:105.47M, Peak:105.47M | Scene, ViewLayer | Loading render kernels (may take a few minutes the first time)
Fra:15 Mem:126.69M (Peak 148.65M) | Time:00:00.24 | Mem:105.50M, Peak:105.50M | Scene, ViewLayer | Updating Procedurals
Fra:15 Mem:126.69M (Peak 148.65M) | Time:00:00.24 | Mem:105.50M, Peak:105.50M | Scene, ViewLayer | Updating Background
Fra:15 Mem:126.69M (Peak 148.65M) | Time:00:00.24 | Mem:105.50M, Peak:105.50M | Scene, ViewLayer | Updating Camera
Fra:15 Mem:126.69M (Peak 148.65M) | Time:00:00.24 | Mem:105.50M, Peak:105.50M | Scene, ViewLayer | Updating Meshes Flags
Fra:15 Mem:126.69M (Peak 148.65M) | Time:00:00.24 | Mem:105.50M, Peak:105.50M | Scene, ViewLayer | Updating Objects
Fra:15 Mem:126.69M (Peak 148.65M) | Time:00:00.24 | Mem:105.50M, Peak:105.50M | Scene, ViewLayer | Updating Objects | Copying Transformations to device
Fra:15 Mem:126.69M (Peak 148.65M) | Time:00:00.24 | Mem:105.51M, Peak:105.51M | Scene, ViewLayer | Updating Particle Systems
Fra:15 Mem:126.69M (Peak 148.65M) | Time:00:00.24 | Mem:105.51M, Peak:105.51M | Scene, ViewLayer | Updating Particle Systems | Copying Particles to device
Fra:15 Mem:126.69M (Peak 148.65M) | Time:00:00.24 | Mem:105.51M, Peak:105.51M | Scene, ViewLayer | Updating Meshes
Fra:15 Mem:126.69M (Peak 148.65M) | Time:00:00.24 | Mem:105.51M, Peak:105.51M | Scene, ViewLayer | Updating Objects | Applying Static Transformations
Fra:15 Mem:126.69M (Peak 148.65M) | Time:00:00.24 | Mem:105.51M, Peak:105.51M | Scene, ViewLayer | Updating Mesh | Computing attributes
Fra:15 Mem:126.70M (Peak 148.65M) | Time:00:00.24 | Mem:105.51M, Peak:105.51M | Scene, ViewLayer | Updating Mesh | Copying Attributes to device
Fra:15 Mem:126.70M (Peak 148.65M) | Time:00:00.24 | Mem:105.52M, Peak:105.52M | Scene, ViewLayer | Updating Scene BVH | Building
Fra:15 Mem:126.70M (Peak 148.65M) | Time:00:00.24 | Mem:105.52M, Peak:105.52M | Scene, ViewLayer | Updating Scene BVH | Building BVH
Fra:15 Mem:126.70M (Peak 148.65M) | Time:00:00.24 | Mem:105.53M, Peak:105.53M | Scene, ViewLayer | Updating Scene BVH | Building BVH 0%
Fra:15 Mem:126.70M (Peak 148.65M) | Time:00:00.24 | Mem:105.56M, Peak:105.57M | Scene, ViewLayer | Updating Scene BVH | Copying BVH to device
Fra:15 Mem:126.70M (Peak 148.65M) | Time:00:00.24 | Mem:105.56M, Peak:105.57M | Scene, ViewLayer | Updating Mesh | Computing normals
Fra:15 Mem:126.72M (Peak 148.65M) | Time:00:00.24 | Mem:105.56M, Peak:105.57M | Scene, ViewLayer | Updating Mesh | Copying Mesh to device
Fra:15 Mem:126.72M (Peak 148.65M) | Time:00:00.24 | Mem:105.57M, Peak:105.57M | Scene, ViewLayer | Updating Objects Flags
Fra:15 Mem:126.72M (Peak 148.65M) | Time:00:00.24 | Mem:105.57M, Peak:105.57M | Scene, ViewLayer | Updating Primitive Offsets
Fra:15 Mem:126.72M (Peak 148.65M) | Time:00:00.24 | Mem:105.57M, Peak:105.57M | Scene, ViewLayer | Updating Images
Fra:15 Mem:126.72M (Peak 148.65M) | Time:00:00.24 | Mem:105.57M, Peak:105.57M | Scene, ViewLayer | Updating Camera Volume
Fra:15 Mem:126.72M (Peak 148.65M) | Time:00:00.24 | Mem:105.57M, Peak:105.57M | Scene, ViewLayer | Updating Lookup Tables
Fra:15 Mem:126.72M (Peak 148.65M) | Time:00:00.24 | Mem:105.66M, Peak:105.66M | Scene, ViewLayer | Updating Lights
Fra:15 Mem:126.72M (Peak 148.65M) | Time:00:00.24 | Mem:105.66M, Peak:105.66M | Scene, ViewLayer | Updating Lights | Computing tree
Fra:15 Mem:126.73M (Peak 148.65M) | Time:00:00.24 | Mem:105.67M, Peak:105.67M | Scene, ViewLayer | Updating Integrator
Fra:15 Mem:126.73M (Peak 148.65M) | Time:00:00.24 | Mem:105.67M, Peak:105.67M | Scene, ViewLayer | Updating Film
Fra:15 Mem:126.73M (Peak 148.65M) | Time:00:00.24 | Mem:105.59M, Peak:105.67M | Scene, ViewLayer | Updating Lookup Tables
Fra:15 Mem:126.73M (Peak 148.65M) | Time:00:00.24 | Mem:105.67M, Peak:105.67M | Scene, ViewLayer | Updating Baking
Fra:15 Mem:126.73M (Peak 148.65M) | Time:00:00.24 | Mem:105.67M, Peak:105.67M | Scene, ViewLayer | Updating Device | Writing constant memory
Fra:15 Mem:126.74M (Peak 148.65M) | Time:00:00.24 | Mem:105.67M, Peak:105.67M | Scene, ViewLayer | Sample 0/16
Fra:15 Mem:132.94M (Peak 148.65M) | Time:00:00.61 | Remaining:00:05.50 | Mem:111.86M, Peak:111.86M | Scene, ViewLayer | Sample 1/16
Fra:15 Mem:135.68M (Peak 148.65M) | Time:00:05.91 | Mem:111.86M, Peak:111.86M | Scene, ViewLayer | Sample 16/16
Fra:15 Mem:135.68M (Peak 148.65M) | Time:00:05.91 | Mem:111.86M, Peak:111.86M | Scene, ViewLayer | Finished
Fra:15 Mem:23.76M (Peak 148.65M) | Time:00:05.92 | Compositing
Saved: 'work/preview-frames/mj/frame_0015.png'
Time: 00:06.00 (Saving: 00:00.03)

Fra:16 Mem:22.05M (Peak 22.05M) | Time:00:00.00 | Mem:0.00M, Peak:0.00M | Scene, ViewLayer | Synchronizing object | 柔光主灯
Fra:16 Mem:22.06M (Peak 22.06M) | Time:00:00.00 | Mem:0.00M, Peak:0.00M | Scene, ViewLayer | Synchronizing object | 内圈 · 古金细边
Fra:16 Mem:22.06M (Peak 22.06M) | Time:00:00.00 | Mem:0.00M, Peak:0.00M | Scene, ViewLayer | Synchronizing object | 正面均匀补光
Fra:16 Mem:22.06M (Peak 22.06M) | Time:00:00.00 | Mem:0.00M, Peak:0.00M | Scene, ViewLayer | Synchronizing object | 顶部金光
Fra:16 Mem:22.06M (Peak 22.06M) | Time:00:00.00 | Mem:0.00M, Peak:0.00M | Scene, ViewLayer | Synchronizing object | 主体平面 · 完整视差合成
Fra:16 Mem:22.06M (Peak 22.06M) | Time:00:00.00 | Mem:0.00M, Peak:0.00M | Scene, ViewLayer | Synchronizing object | 外圈 · 全息压边
Fra:16 Mem:22.08M (Peak 22.08M) | Time:00:00.00 | Mem:0.00M, Peak:0.00M | Scene, ViewLayer | Synchronizing object | 文字平面 · Alpha PNG
Fra:16 Mem:22.09M (Peak 22.09M) | Time:00:00.00 | Mem:0.00M, Peak:0.00M | Scene, ViewLayer | Initializing
Fra:16 Mem:22.07M (Peak 22.09M) | Time:00:00.00 | Mem:0.00M, Peak:0.00M | Scene, ViewLayer | Updating Images | Loading text.png
Fra:16 Mem:22.07M (Peak 22.09M) | Time:00:00.00 | Mem:0.00M, Peak:0.00M | Scene, ViewLayer | Updating Images | Loading subject.png
Fra:16 Mem:64.27M (Peak 85.36M) | Time:00:00.09 | Mem:21.09M, Peak:21.09M | Scene, ViewLayer | Updating Images | Loading lineart.png
Fra:16 Mem:85.36M (Peak 106.47M) | Time:00:00.12 | Mem:42.19M, Peak:42.19M | Scene, ViewLayer | Updating Images | Loading background.png
Fra:16 Mem:126.57M (Peak 148.65M) | Time:00:00.24 | Mem:105.47M, Peak:105.47M | Scene, ViewLayer | Waiting for render to start
Fra:16 Mem:126.57M (Peak 148.65M) | Time:00:00.24 | Mem:105.47M, Peak:105.47M | Scene, ViewLayer | Updating Scene
Fra:16 Mem:126.57M (Peak 148.65M) | Time:00:00.24 | Mem:105.47M, Peak:105.47M | Scene, ViewLayer | Updating Shaders
Fra:16 Mem:126.57M (Peak 148.65M) | Time:00:00.24 | Mem:105.47M, Peak:105.47M | Scene, ViewLayer | Loading render kernels (may take a few minutes the first time)
Fra:16 Mem:126.69M (Peak 148.65M) | Time:00:00.24 | Mem:105.50M, Peak:105.50M | Scene, ViewLayer | Updating Procedurals
Fra:16 Mem:126.69M (Peak 148.65M) | Time:00:00.24 | Mem:105.50M, Peak:105.50M | Scene, ViewLayer | Updating Background
Fra:16 Mem:126.69M (Peak 148.65M) | Time:00:00.24 | Mem:105.50M, Peak:105.50M | Scene, ViewLayer | Updating Camera
Fra:16 Mem:126.69M (Peak 148.65M) | Time:00:00.24 | Mem:105.50M, Peak:105.50M | Scene, ViewLayer | Updating Meshes Flags
Fra:16 Mem:126.69M (Peak 148.65M) | Time:00:00.24 | Mem:105.50M, Peak:105.50M | Scene, ViewLayer | Updating Objects
Fra:16 Mem:126.69M (Peak 148.65M) | Time:00:00.24 | Mem:105.50M, Peak:105.50M | Scene, ViewLayer | Updating Objects | Copying Transformations to device
Fra:16 Mem:126.69M (Peak 148.65M) | Time:00:00.24 | Mem:105.51M, Peak:105.51M | Scene, ViewLayer | Updating Particle Systems
Fra:16 Mem:126.69M (Peak 148.65M) | Time:00:00.24 | Mem:105.51M, Peak:105.51M | Scene, ViewLayer | Updating Particle Systems | Copying Particles to device
Fra:16 Mem:126.69M (Peak 148.65M) | Time:00:00.24 | Mem:105.51M, Peak:105.51M | Scene, ViewLayer | Updating Meshes
Fra:16 Mem:126.69M (Peak 148.65M) | Time:00:00.24 | Mem:105.51M, Peak:105.51M | Scene, ViewLayer | Updating Objects | Applying Static Transformations
Fra:16 Mem:126.69M (Peak 148.65M) | Time:00:00.24 | Mem:105.51M, Peak:105.51M | Scene, ViewLayer | Updating Mesh | Computing attributes
Fra:16 Mem:126.70M (Peak 148.65M) | Time:00:00.24 | Mem:105.51M, Peak:105.51M | Scene, ViewLayer | Updating Mesh | Copying Attributes to device
Fra:16 Mem:126.70M (Peak 148.65M) | Time:00:00.24 | Mem:105.52M, Peak:105.52M | Scene, ViewLayer | Updating Scene BVH | Building
Fra:16 Mem:126.70M (Peak 148.65M) | Time:00:00.24 | Mem:105.52M, Peak:105.52M | Scene, ViewLayer | Updating Scene BVH | Building BVH
Fra:16 Mem:126.70M (Peak 148.65M) | Time:00:00.25 | Mem:105.53M, Peak:105.53M | Scene, ViewLayer | Updating Scene BVH | Building BVH 0%
Fra:16 Mem:126.70M (Peak 148.65M) | Time:00:00.25 | Mem:105.56M, Peak:105.57M | Scene, ViewLayer | Updating Scene BVH | Copying BVH to device
Fra:16 Mem:126.70M (Peak 148.65M) | Time:00:00.25 | Mem:105.56M, Peak:105.57M | Scene, ViewLayer | Updating Mesh | Computing normals
Fra:16 Mem:126.72M (Peak 148.65M) | Time:00:00.25 | Mem:105.56M, Peak:105.57M | Scene, ViewLayer | Updating Mesh | Copying Mesh to device
Fra:16 Mem:126.72M (Peak 148.65M) | Time:00:00.25 | Mem:105.57M, Peak:105.57M | Scene, ViewLayer | Updating Objects Flags
Fra:16 Mem:126.72M (Peak 148.65M) | Time:00:00.25 | Mem:105.57M, Peak:105.57M | Scene, ViewLayer | Updating Primitive Offsets
Fra:16 Mem:126.72M (Peak 148.65M) | Time:00:00.25 | Mem:105.57M, Peak:105.57M | Scene, ViewLayer | Updating Images
Fra:16 Mem:126.72M (Peak 148.65M) | Time:00:00.25 | Mem:105.57M, Peak:105.57M | Scene, ViewLayer | Updating Camera Volume
Fra:16 Mem:126.72M (Peak 148.65M) | Time:00:00.25 | Mem:105.57M, Peak:105.57M | Scene, ViewLayer | Updating Lookup Tables
Fra:16 Mem:126.72M (Peak 148.65M) | Time:00:00.25 | Mem:105.65M, Peak:105.65M | Scene, ViewLayer | Updating Lights
Fra:16 Mem:126.72M (Peak 148.65M) | Time:00:00.25 | Mem:105.65M, Peak:105.65M | Scene, ViewLayer | Updating Lights | Computing tree
Fra:16 Mem:126.73M (Peak 148.65M) | Time:00:00.25 | Mem:105.66M, Peak:105.66M | Scene, ViewLayer | Updating Integrator
Fra:16 Mem:126.73M (Peak 148.65M) | Time:00:00.25 | Mem:105.66M, Peak:105.66M | Scene, ViewLayer | Updating Film
Fra:16 Mem:126.73M (Peak 148.65M) | Time:00:00.25 | Mem:105.58M, Peak:105.66M | Scene, ViewLayer | Updating Lookup Tables
Fra:16 Mem:126.73M (Peak 148.65M) | Time:00:00.25 | Mem:105.67M, Peak:105.67M | Scene, ViewLayer | Updating Baking
Fra:16 Mem:126.73M (Peak 148.65M) | Time:00:00.25 | Mem:105.67M, Peak:105.67M | Scene, ViewLayer | Updating Device | Writing constant memory
Fra:16 Mem:126.74M (Peak 148.65M) | Time:00:00.25 | Mem:105.67M, Peak:105.67M | Scene, ViewLayer | Sample 0/16
Fra:16 Mem:132.94M (Peak 148.65M) | Time:00:00.61 | Remaining:00:05.46 | Mem:111.86M, Peak:111.86M | Scene, ViewLayer | Sample 1/16
Fra:16 Mem:135.68M (Peak 148.65M) | Time:00:05.95 | Mem:111.86M, Peak:111.86M | Scene, ViewLayer | Sample 16/16
Fra:16 Mem:135.68M (Peak 148.65M) | Time:00:05.95 | Mem:111.86M, Peak:111.86M | Scene, ViewLayer | Finished
Fra:16 Mem:23.76M (Peak 148.65M) | Time:00:05.95 | Compositing
Saved: 'work/preview-frames/mj/frame_0016.png'
Time: 00:06.04 (Saving: 00:00.04)

Fra:17 Mem:22.05M (Peak 22.05M) | Time:00:00.00 | Mem:0.00M, Peak:0.00M | Scene, ViewLayer | Synchronizing object | 柔光主灯
Fra:17 Mem:22.05M (Peak 22.05M) | Time:00:00.00 | Mem:0.00M, Peak:0.00M | Scene, ViewLayer | Synchronizing object | 内圈 · 古金细边
Fra:17 Mem:22.06M (Peak 22.06M) | Time:00:00.00 | Mem:0.00M, Peak:0.00M | Scene, ViewLayer | Synchronizing object | 正面均匀补光
Fra:17 Mem:22.06M (Peak 22.06M) | Time:00:00.00 | Mem:0.00M, Peak:0.00M | Scene, ViewLayer | Synchronizing object | 顶部金光
Fra:17 Mem:22.06M (Peak 22.06M) | Time:00:00.00 | Mem:0.00M, Peak:0.00M | Scene, ViewLayer | Synchronizing object | 主体平面 · 完整视差合成
Fra:17 Mem:22.07M (Peak 22.07M) | Time:00:00.00 | Mem:0.00M, Peak:0.00M | Scene, ViewLayer | Synchronizing object | 外圈 · 全息压边
Fra:17 Mem:22.08M (Peak 22.08M) | Time:00:00.00 | Mem:0.00M, Peak:0.00M | Scene, ViewLayer | Synchronizing object | 文字平面 · Alpha PNG
Fra:17 Mem:22.09M (Peak 22.09M) | Time:00:00.00 | Mem:0.00M, Peak:0.00M | Scene, ViewLayer | Initializing
Fra:17 Mem:22.07M (Peak 22.09M) | Time:00:00.00 | Mem:0.00M, Peak:0.00M | Scene, ViewLayer | Updating Images | Loading text.png
Fra:17 Mem:22.07M (Peak 22.09M) | Time:00:00.00 | Mem:0.00M, Peak:0.00M | Scene, ViewLayer | Updating Images | Loading subject.png
Fra:17 Mem:64.27M (Peak 85.36M) | Time:00:00.09 | Mem:21.09M, Peak:21.09M | Scene, ViewLayer | Updating Images | Loading lineart.png
Fra:17 Mem:85.36M (Peak 106.47M) | Time:00:00.12 | Mem:42.19M, Peak:42.19M | Scene, ViewLayer | Updating Images | Loading background.png
Fra:17 Mem:126.57M (Peak 148.65M) | Time:00:00.24 | Mem:105.47M, Peak:105.47M | Scene, ViewLayer | Waiting for render to start
Fra:17 Mem:126.57M (Peak 148.65M) | Time:00:00.24 | Mem:105.47M, Peak:105.47M | Scene, ViewLayer | Updating Scene
Fra:17 Mem:126.57M (Peak 148.65M) | Time:00:00.24 | Mem:105.47M, Peak:105.47M | Scene, ViewLayer | Updating Shaders
Fra:17 Mem:126.57M (Peak 148.65M) | Time:00:00.25 | Mem:105.47M, Peak:105.47M | Scene, ViewLayer | Loading render kernels (may take a few minutes the first time)
Fra:17 Mem:126.69M (Peak 148.65M) | Time:00:00.25 | Mem:105.50M, Peak:105.50M | Scene, ViewLayer | Updating Procedurals
Fra:17 Mem:126.69M (Peak 148.65M) | Time:00:00.25 | Mem:105.50M, Peak:105.50M | Scene, ViewLayer | Updating Background
Fra:17 Mem:126.69M (Peak 148.65M) | Time:00:00.25 | Mem:105.50M, Peak:105.50M | Scene, ViewLayer | Updating Camera
Fra:17 Mem:126.69M (Peak 148.65M) | Time:00:00.25 | Mem:105.50M, Peak:105.50M | Scene, ViewLayer | Updating Meshes Flags
Fra:17 Mem:126.69M (Peak 148.65M) | Time:00:00.25 | Mem:105.50M, Peak:105.50M | Scene, ViewLayer | Updating Objects
Fra:17 Mem:126.69M (Peak 148.65M) | Time:00:00.25 | Mem:105.50M, Peak:105.50M | Scene, ViewLayer | Updating Objects | Copying Transformations to device
Fra:17 Mem:126.69M (Peak 148.65M) | Time:00:00.25 | Mem:105.51M, Peak:105.51M | Scene, ViewLayer | Updating Particle Systems
Fra:17 Mem:126.69M (Peak 148.65M) | Time:00:00.25 | Mem:105.51M, Peak:105.51M | Scene, ViewLayer | Updating Particle Systems | Copying Particles to device
Fra:17 Mem:126.69M (Peak 148.65M) | Time:00:00.25 | Mem:105.51M, Peak:105.51M | Scene, ViewLayer | Updating Meshes
Fra:17 Mem:126.69M (Peak 148.65M) | Time:00:00.25 | Mem:105.51M, Peak:105.51M | Scene, ViewLayer | Updating Objects | Applying Static Transformations
Fra:17 Mem:126.69M (Peak 148.65M) | Time:00:00.25 | Mem:105.51M, Peak:105.51M | Scene, ViewLayer | Updating Mesh | Computing attributes
Fra:17 Mem:126.70M (Peak 148.65M) | Time:00:00.25 | Mem:105.51M, Peak:105.51M | Scene, ViewLayer | Updating Mesh | Copying Attributes to device
Fra:17 Mem:126.70M (Peak 148.65M) | Time:00:00.25 | Mem:105.52M, Peak:105.52M | Scene, ViewLayer | Updating Scene BVH | Building
Fra:17 Mem:126.70M (Peak 148.65M) | Time:00:00.25 | Mem:105.52M, Peak:105.52M | Scene, ViewLayer | Updating Scene BVH | Building BVH
Fra:17 Mem:126.70M (Peak 148.65M) | Time:00:00.25 | Mem:105.53M, Peak:105.53M | Scene, ViewLayer | Updating Scene BVH | Building BVH 0%
Fra:17 Mem:126.70M (Peak 148.65M) | Time:00:00.25 | Mem:105.56M, Peak:105.57M | Scene, ViewLayer | Updating Scene BVH | Copying BVH to device
Fra:17 Mem:126.70M (Peak 148.65M) | Time:00:00.25 | Mem:105.56M, Peak:105.57M | Scene, ViewLayer | Updating Mesh | Computing normals
Fra:17 Mem:126.72M (Peak 148.65M) | Time:00:00.25 | Mem:105.56M, Peak:105.57M | Scene, ViewLayer | Updating Mesh | Copying Mesh to device
Fra:17 Mem:126.72M (Peak 148.65M) | Time:00:00.25 | Mem:105.57M, Peak:105.57M | Scene, ViewLayer | Updating Objects Flags
Fra:17 Mem:126.72M (Peak 148.65M) | Time:00:00.25 | Mem:105.57M, Peak:105.57M | Scene, ViewLayer | Updating Primitive Offsets
Fra:17 Mem:126.72M (Peak 148.65M) | Time:00:00.25 | Mem:105.57M, Peak:105.57M | Scene, ViewLayer | Updating Images
Fra:17 Mem:126.72M (Peak 148.65M) | Time:00:00.25 | Mem:105.57M, Peak:105.57M | Scene, ViewLayer | Updating Camera Volume
Fra:17 Mem:126.72M (Peak 148.65M) | Time:00:00.25 | Mem:105.57M, Peak:105.57M | Scene, ViewLayer | Updating Lookup Tables
Fra:17 Mem:126.72M (Peak 148.65M) | Time:00:00.25 | Mem:105.65M, Peak:105.65M | Scene, ViewLayer | Updating Lights
Fra:17 Mem:126.72M (Peak 148.65M) | Time:00:00.25 | Mem:105.65M, Peak:105.65M | Scene, ViewLayer | Updating Lights | Computing tree
Fra:17 Mem:126.73M (Peak 148.65M) | Time:00:00.25 | Mem:105.66M, Peak:105.66M | Scene, ViewLayer | Updating Integrator
Fra:17 Mem:126.73M (Peak 148.65M) | Time:00:00.25 | Mem:105.66M, Peak:105.66M | Scene, ViewLayer | Updating Film
Fra:17 Mem:126.73M (Peak 148.65M) | Time:00:00.25 | Mem:105.58M, Peak:105.66M | Scene, ViewLayer | Updating Lookup Tables
Fra:17 Mem:126.73M (Peak 148.65M) | Time:00:00.25 | Mem:105.67M, Peak:105.67M | Scene, ViewLayer | Updating Baking
Fra:17 Mem:126.73M (Peak 148.65M) | Time:00:00.25 | Mem:105.67M, Peak:105.67M | Scene, ViewLayer | Updating Device | Writing constant memory
Fra:17 Mem:126.74M (Peak 148.65M) | Time:00:00.25 | Mem:105.67M, Peak:105.67M | Scene, ViewLayer | Sample 0/16
Fra:17 Mem:132.94M (Peak 148.65M) | Time:00:00.61 | Remaining:00:05.51 | Mem:111.86M, Peak:111.86M | Scene, ViewLayer | Sample 1/16
Fra:17 Mem:135.68M (Peak 148.65M) | Time:00:05.93 | Mem:111.86M, Peak:111.86M | Scene, ViewLayer | Sample 16/16
Fra:17 Mem:135.68M (Peak 148.65M) | Time:00:05.93 | Mem:111.86M, Peak:111.86M | Scene, ViewLayer | Finished
Fra:17 Mem:23.76M (Peak 148.65M) | Time:00:05.94 | Compositing
Saved: 'work/preview-frames/mj/frame_0017.png'
Time: 00:06.02 (Saving: 00:00.03)

Fra:18 Mem:22.05M (Peak 22.05M) | Time:00:00.00 | Mem:0.00M, Peak:0.00M | Scene, ViewLayer | Synchronizing object | 柔光主灯
Fra:18 Mem:22.06M (Peak 22.06M) | Time:00:00.00 | Mem:0.00M, Peak:0.00M | Scene, ViewLayer | Synchronizing object | 内圈 · 古金细边
Fra:18 Mem:22.06M (Peak 22.06M) | Time:00:00.00 | Mem:0.00M, Peak:0.00M | Scene, ViewLayer | Synchronizing object | 正面均匀补光
Fra:18 Mem:22.06M (Peak 22.06M) | Time:00:00.00 | Mem:0.00M, Peak:0.00M | Scene, ViewLayer | Synchronizing object | 顶部金光
Fra:18 Mem:22.06M (Peak 22.06M) | Time:00:00.00 | Mem:0.00M, Peak:0.00M | Scene, ViewLayer | Synchronizing object | 主体平面 · 完整视差合成
Fra:18 Mem:22.06M (Peak 22.06M) | Time:00:00.00 | Mem:0.00M, Peak:0.00M | Scene, ViewLayer | Synchronizing object | 外圈 · 全息压边
Fra:18 Mem:22.08M (Peak 22.08M) | Time:00:00.00 | Mem:0.00M, Peak:0.00M | Scene, ViewLayer | Synchronizing object | 文字平面 · Alpha PNG
Fra:18 Mem:22.09M (Peak 22.09M) | Time:00:00.00 | Mem:0.00M, Peak:0.00M | Scene, ViewLayer | Initializing
Fra:18 Mem:22.07M (Peak 22.09M) | Time:00:00.00 | Mem:0.00M, Peak:0.00M | Scene, ViewLayer | Updating Images | Loading text.png
Fra:18 Mem:22.07M (Peak 22.09M) | Time:00:00.00 | Mem:0.00M, Peak:0.00M | Scene, ViewLayer | Updating Images | Loading subject.png
Fra:18 Mem:85.37M (Peak 106.46M) | Time:00:00.10 | Mem:21.09M, Peak:21.09M | Scene, ViewLayer | Updating Images | Loading lineart.png
Fra:18 Mem:85.36M (Peak 106.47M) | Time:00:00.12 | Mem:42.19M, Peak:42.19M | Scene, ViewLayer | Updating Images | Loading background.png
Fra:18 Mem:126.57M (Peak 148.65M) | Time:00:00.25 | Mem:105.47M, Peak:105.47M | Scene, ViewLayer | Waiting for render to start
Fra:18 Mem:126.57M (Peak 148.65M) | Time:00:00.25 | Mem:105.47M, Peak:105.47M | Scene, ViewLayer | Updating Scene
Fra:18 Mem:126.57M (Peak 148.65M) | Time:00:00.25 | Mem:105.47M, Peak:105.47M | Scene, ViewLayer | Updating Shaders
Fra:18 Mem:126.57M (Peak 148.65M) | Time:00:00.25 | Mem:105.47M, Peak:105.47M | Scene, ViewLayer | Loading render kernels (may take a few minutes the first time)
Fra:18 Mem:126.69M (Peak 148.65M) | Time:00:00.25 | Mem:105.50M, Peak:105.50M | Scene, ViewLayer | Updating Procedurals
Fra:18 Mem:126.69M (Peak 148.65M) | Time:00:00.25 | Mem:105.50M, Peak:105.50M | Scene, ViewLayer | Updating Background
Fra:18 Mem:126.69M (Peak 148.65M) | Time:00:00.25 | Mem:105.50M, Peak:105.50M | Scene, ViewLayer | Updating Camera
Fra:18 Mem:126.69M (Peak 148.65M) | Time:00:00.25 | Mem:105.50M, Peak:105.50M | Scene, ViewLayer | Updating Meshes Flags
Fra:18 Mem:126.69M (Peak 148.65M) | Time:00:00.25 | Mem:105.50M, Peak:105.50M | Scene, ViewLayer | Updating Objects
Fra:18 Mem:126.69M (Peak 148.65M) | Time:00:00.25 | Mem:105.50M, Peak:105.50M | Scene, ViewLayer | Updating Objects | Copying Transformations to device
Fra:18 Mem:126.69M (Peak 148.65M) | Time:00:00.25 | Mem:105.51M, Peak:105.51M | Scene, ViewLayer | Updating Particle Systems
Fra:18 Mem:126.69M (Peak 148.65M) | Time:00:00.25 | Mem:105.51M, Peak:105.51M | Scene, ViewLayer | Updating Particle Systems | Copying Particles to device
Fra:18 Mem:126.69M (Peak 148.65M) | Time:00:00.25 | Mem:105.51M, Peak:105.51M | Scene, ViewLayer | Updating Meshes
Fra:18 Mem:126.69M (Peak 148.65M) | Time:00:00.25 | Mem:105.51M, Peak:105.51M | Scene, ViewLayer | Updating Objects | Applying Static Transformations
Fra:18 Mem:126.69M (Peak 148.65M) | Time:00:00.25 | Mem:105.51M, Peak:105.51M | Scene, ViewLayer | Updating Mesh | Computing attributes
Fra:18 Mem:126.70M (Peak 148.65M) | Time:00:00.25 | Mem:105.51M, Peak:105.51M | Scene, ViewLayer | Updating Mesh | Copying Attributes to device
Fra:18 Mem:126.70M (Peak 148.65M) | Time:00:00.25 | Mem:105.52M, Peak:105.52M | Scene, ViewLayer | Updating Scene BVH | Building
Fra:18 Mem:126.70M (Peak 148.65M) | Time:00:00.25 | Mem:105.52M, Peak:105.52M | Scene, ViewLayer | Updating Scene BVH | Building BVH
Fra:18 Mem:126.70M (Peak 148.65M) | Time:00:00.25 | Mem:105.53M, Peak:105.53M | Scene, ViewLayer | Updating Scene BVH | Building BVH 0%
Fra:18 Mem:126.70M (Peak 148.65M) | Time:00:00.25 | Mem:105.56M, Peak:105.57M | Scene, ViewLayer | Updating Scene BVH | Copying BVH to device
Fra:18 Mem:126.70M (Peak 148.65M) | Time:00:00.25 | Mem:105.56M, Peak:105.57M | Scene, ViewLayer | Updating Mesh | Computing normals
Fra:18 Mem:126.72M (Peak 148.65M) | Time:00:00.25 | Mem:105.56M, Peak:105.57M | Scene, ViewLayer | Updating Mesh | Copying Mesh to device
Fra:18 Mem:126.72M (Peak 148.65M) | Time:00:00.25 | Mem:105.57M, Peak:105.57M | Scene, ViewLayer | Updating Objects Flags
Fra:18 Mem:126.72M (Peak 148.65M) | Time:00:00.25 | Mem:105.57M, Peak:105.57M | Scene, ViewLayer | Updating Primitive Offsets
Fra:18 Mem:126.72M (Peak 148.65M) | Time:00:00.25 | Mem:105.57M, Peak:105.57M | Scene, ViewLayer | Updating Images
Fra:18 Mem:126.72M (Peak 148.65M) | Time:00:00.25 | Mem:105.57M, Peak:105.57M | Scene, ViewLayer | Updating Camera Volume
Fra:18 Mem:126.72M (Peak 148.65M) | Time:00:00.25 | Mem:105.57M, Peak:105.57M | Scene, ViewLayer | Updating Lookup Tables
Fra:18 Mem:126.72M (Peak 148.65M) | Time:00:00.25 | Mem:105.65M, Peak:105.65M | Scene, ViewLayer | Updating Lights
Fra:18 Mem:126.72M (Peak 148.65M) | Time:00:00.25 | Mem:105.65M, Peak:105.65M | Scene, ViewLayer | Updating Lights | Computing tree
Fra:18 Mem:126.73M (Peak 148.65M) | Time:00:00.25 | Mem:105.66M, Peak:105.66M | Scene, ViewLayer | Updating Integrator
Fra:18 Mem:126.73M (Peak 148.65M) | Time:00:00.25 | Mem:105.66M, Peak:105.66M | Scene, ViewLayer | Updating Film
Fra:18 Mem:126.73M (Peak 148.65M) | Time:00:00.25 | Mem:105.58M, Peak:105.66M | Scene, ViewLayer | Updating Lookup Tables
Fra:18 Mem:126.73M (Peak 148.65M) | Time:00:00.25 | Mem:105.67M, Peak:105.67M | Scene, ViewLayer | Updating Baking
Fra:18 Mem:126.73M (Peak 148.65M) | Time:00:00.25 | Mem:105.67M, Peak:105.67M | Scene, ViewLayer | Updating Device | Writing constant memory
Fra:18 Mem:126.74M (Peak 148.65M) | Time:00:00.25 | Mem:105.67M, Peak:105.67M | Scene, ViewLayer | Sample 0/16
Fra:18 Mem:132.94M (Peak 148.65M) | Time:00:00.62 | Remaining:00:05.54 | Mem:111.86M, Peak:111.86M | Scene, ViewLayer | Sample 1/16
Fra:18 Mem:135.68M (Peak 148.65M) | Time:00:05.99 | Mem:111.86M, Peak:111.86M | Scene, ViewLayer | Sample 16/16
Fra:18 Mem:135.68M (Peak 148.65M) | Time:00:05.99 | Mem:111.86M, Peak:111.86M | Scene, ViewLayer | Finished
Fra:18 Mem:23.76M (Peak 148.65M) | Time:00:05.99 | Compositing
Saved: 'work/preview-frames/mj/frame_0018.png'
Time: 00:06.08 (Saving: 00:00.03)

Fra:19 Mem:22.05M (Peak 22.05M) | Time:00:00.00 | Mem:0.00M, Peak:0.00M | Scene, ViewLayer | Synchronizing object | 柔光主灯
Fra:19 Mem:22.06M (Peak 22.06M) | Time:00:00.00 | Mem:0.00M, Peak:0.00M | Scene, ViewLayer | Synchronizing object | 内圈 · 古金细边
Fra:19 Mem:22.06M (Peak 22.06M) | Time:00:00.00 | Mem:0.00M, Peak:0.00M | Scene, ViewLayer | Synchronizing object | 正面均匀补光
Fra:19 Mem:22.06M (Peak 22.06M) | Time:00:00.00 | Mem:0.00M, Peak:0.00M | Scene, ViewLayer | Synchronizing object | 顶部金光
Fra:19 Mem:22.06M (Peak 22.06M) | Time:00:00.00 | Mem:0.00M, Peak:0.00M | Scene, ViewLayer | Synchronizing object | 主体平面 · 完整视差合成
Fra:19 Mem:22.06M (Peak 22.06M) | Time:00:00.00 | Mem:0.00M, Peak:0.00M | Scene, ViewLayer | Synchronizing object | 外圈 · 全息压边
Fra:19 Mem:22.08M (Peak 22.08M) | Time:00:00.00 | Mem:0.00M, Peak:0.00M | Scene, ViewLayer | Synchronizing object | 文字平面 · Alpha PNG
Fra:19 Mem:22.09M (Peak 22.09M) | Time:00:00.00 | Mem:0.00M, Peak:0.00M | Scene, ViewLayer | Initializing
Fra:19 Mem:22.07M (Peak 22.09M) | Time:00:00.00 | Mem:0.00M, Peak:0.00M | Scene, ViewLayer | Updating Images | Loading text.png
Fra:19 Mem:22.07M (Peak 22.09M) | Time:00:00.00 | Mem:0.00M, Peak:0.00M | Scene, ViewLayer | Updating Images | Loading subject.png
Fra:19 Mem:85.37M (Peak 106.46M) | Time:00:00.10 | Mem:21.09M, Peak:21.09M | Scene, ViewLayer | Updating Images | Loading lineart.png
Fra:19 Mem:85.36M (Peak 106.47M) | Time:00:00.12 | Mem:42.19M, Peak:42.19M | Scene, ViewLayer | Updating Images | Loading background.png
Fra:19 Mem:126.57M (Peak 148.65M) | Time:00:00.25 | Mem:105.47M, Peak:105.47M | Scene, ViewLayer | Waiting for render to start
Fra:19 Mem:126.57M (Peak 148.65M) | Time:00:00.25 | Mem:105.47M, Peak:105.47M | Scene, ViewLayer | Updating Scene
Fra:19 Mem:126.57M (Peak 148.65M) | Time:00:00.25 | Mem:105.47M, Peak:105.47M | Scene, ViewLayer | Updating Shaders
Fra:19 Mem:126.57M (Peak 148.65M) | Time:00:00.25 | Mem:105.47M, Peak:105.47M | Scene, ViewLayer | Loading render kernels (may take a few minutes the first time)
Fra:19 Mem:126.69M (Peak 148.65M) | Time:00:00.25 | Mem:105.50M, Peak:105.50M | Scene, ViewLayer | Updating Procedurals
Fra:19 Mem:126.69M (Peak 148.65M) | Time:00:00.25 | Mem:105.50M, Peak:105.50M | Scene, ViewLayer | Updating Background
Fra:19 Mem:126.69M (Peak 148.65M) | Time:00:00.25 | Mem:105.50M, Peak:105.50M | Scene, ViewLayer | Updating Camera
Fra:19 Mem:126.69M (Peak 148.65M) | Time:00:00.25 | Mem:105.50M, Peak:105.50M | Scene, ViewLayer | Updating Meshes Flags
Fra:19 Mem:126.69M (Peak 148.65M) | Time:00:00.25 | Mem:105.50M, Peak:105.50M | Scene, ViewLayer | Updating Objects
Fra:19 Mem:126.69M (Peak 148.65M) | Time:00:00.25 | Mem:105.50M, Peak:105.50M | Scene, ViewLayer | Updating Objects | Copying Transformations to device
Fra:19 Mem:126.69M (Peak 148.65M) | Time:00:00.25 | Mem:105.51M, Peak:105.51M | Scene, ViewLayer | Updating Particle Systems
Fra:19 Mem:126.69M (Peak 148.65M) | Time:00:00.25 | Mem:105.51M, Peak:105.51M | Scene, ViewLayer | Updating Particle Systems | Copying Particles to device
Fra:19 Mem:126.69M (Peak 148.65M) | Time:00:00.25 | Mem:105.51M, Peak:105.51M | Scene, ViewLayer | Updating Meshes
Fra:19 Mem:126.69M (Peak 148.65M) | Time:00:00.25 | Mem:105.51M, Peak:105.51M | Scene, ViewLayer | Updating Objects | Applying Static Transformations
Fra:19 Mem:126.69M (Peak 148.65M) | Time:00:00.25 | Mem:105.51M, Peak:105.51M | Scene, ViewLayer | Updating Mesh | Computing attributes
Fra:19 Mem:126.71M (Peak 148.65M) | Time:00:00.25 | Mem:105.51M, Peak:105.51M | Scene, ViewLayer | Updating Mesh | Copying Attributes to device
Fra:19 Mem:126.70M (Peak 148.65M) | Time:00:00.25 | Mem:105.52M, Peak:105.52M | Scene, ViewLayer | Updating Scene BVH | Building
Fra:19 Mem:126.70M (Peak 148.65M) | Time:00:00.25 | Mem:105.52M, Peak:105.52M | Scene, ViewLayer | Updating Scene BVH | Building BVH
Fra:19 Mem:126.70M (Peak 148.65M) | Time:00:00.25 | Mem:105.53M, Peak:105.53M | Scene, ViewLayer | Updating Scene BVH | Building BVH 0%
Fra:19 Mem:126.70M (Peak 148.65M) | Time:00:00.25 | Mem:105.56M, Peak:105.57M | Scene, ViewLayer | Updating Scene BVH | Copying BVH to device
Fra:19 Mem:126.70M (Peak 148.65M) | Time:00:00.25 | Mem:105.56M, Peak:105.57M | Scene, ViewLayer | Updating Mesh | Computing normals
Fra:19 Mem:126.72M (Peak 148.65M) | Time:00:00.25 | Mem:105.56M, Peak:105.57M | Scene, ViewLayer | Updating Mesh | Copying Mesh to device
Fra:19 Mem:126.72M (Peak 148.65M) | Time:00:00.25 | Mem:105.57M, Peak:105.57M | Scene, ViewLayer | Updating Objects Flags
Fra:19 Mem:126.72M (Peak 148.65M) | Time:00:00.25 | Mem:105.57M, Peak:105.57M | Scene, ViewLayer | Updating Primitive Offsets
Fra:19 Mem:126.72M (Peak 148.65M) | Time:00:00.25 | Mem:105.57M, Peak:105.57M | Scene, ViewLayer | Updating Images
Fra:19 Mem:126.72M (Peak 148.65M) | Time:00:00.25 | Mem:105.57M, Peak:105.57M | Scene, ViewLayer | Updating Camera Volume
Fra:19 Mem:126.72M (Peak 148.65M) | Time:00:00.25 | Mem:105.57M, Peak:105.57M | Scene, ViewLayer | Updating Lookup Tables
Fra:19 Mem:126.72M (Peak 148.65M) | Time:00:00.25 | Mem:105.65M, Peak:105.65M | Scene, ViewLayer | Updating Lights
Fra:19 Mem:126.72M (Peak 148.65M) | Time:00:00.25 | Mem:105.65M, Peak:105.65M | Scene, ViewLayer | Updating Lights | Computing tree
Fra:19 Mem:126.73M (Peak 148.65M) | Time:00:00.25 | Mem:105.66M, Peak:105.66M | Scene, ViewLayer | Updating Integrator
Fra:19 Mem:126.73M (Peak 148.65M) | Time:00:00.25 | Mem:105.66M, Peak:105.66M | Scene, ViewLayer | Updating Film
Fra:19 Mem:126.73M (Peak 148.65M) | Time:00:00.25 | Mem:105.58M, Peak:105.66M | Scene, ViewLayer | Updating Lookup Tables
Fra:19 Mem:126.73M (Peak 148.65M) | Time:00:00.25 | Mem:105.67M, Peak:105.67M | Scene, ViewLayer | Updating Baking
Fra:19 Mem:126.73M (Peak 148.65M) | Time:00:00.25 | Mem:105.67M, Peak:105.67M | Scene, ViewLayer | Updating Device | Writing constant memory
Fra:19 Mem:126.74M (Peak 148.65M) | Time:00:00.25 | Mem:105.67M, Peak:105.67M | Scene, ViewLayer | Sample 0/16
Fra:19 Mem:132.94M (Peak 148.65M) | Time:00:00.62 | Remaining:00:05.58 | Mem:111.86M, Peak:111.86M | Scene, ViewLayer | Sample 1/16
Fra:19 Mem:135.68M (Peak 148.65M) | Time:00:05.98 | Mem:111.86M, Peak:111.86M | Scene, ViewLayer | Sample 16/16
Fra:19 Mem:135.68M (Peak 148.65M) | Time:00:05.98 | Mem:111.86M, Peak:111.86M | Scene, ViewLayer | Finished
Fra:19 Mem:23.76M (Peak 148.65M) | Time:00:05.99 | Compositing
Saved: 'work/preview-frames/mj/frame_0019.png'
Time: 00:06.07 (Saving: 00:00.03)

Fra:20 Mem:22.05M (Peak 22.05M) | Time:00:00.00 | Mem:0.00M, Peak:0.00M | Scene, ViewLayer | Synchronizing object | 柔光主灯
Fra:20 Mem:22.06M (Peak 22.06M) | Time:00:00.00 | Mem:0.00M, Peak:0.00M | Scene, ViewLayer | Synchronizing object | 内圈 · 古金细边
Fra:20 Mem:22.06M (Peak 22.06M) | Time:00:00.00 | Mem:0.00M, Peak:0.00M | Scene, ViewLayer | Synchronizing object | 正面均匀补光
Fra:20 Mem:22.06M (Peak 22.06M) | Time:00:00.00 | Mem:0.00M, Peak:0.00M | Scene, ViewLayer | Synchronizing object | 顶部金光
Fra:20 Mem:22.06M (Peak 22.06M) | Time:00:00.00 | Mem:0.00M, Peak:0.00M | Scene, ViewLayer | Synchronizing object | 主体平面 · 完整视差合成
Fra:20 Mem:22.06M (Peak 22.06M) | Time:00:00.00 | Mem:0.00M, Peak:0.00M | Scene, ViewLayer | Synchronizing object | 外圈 · 全息压边
Fra:20 Mem:22.08M (Peak 22.08M) | Time:00:00.00 | Mem:0.00M, Peak:0.00M | Scene, ViewLayer | Synchronizing object | 文字平面 · Alpha PNG
Fra:20 Mem:22.09M (Peak 22.09M) | Time:00:00.00 | Mem:0.00M, Peak:0.00M | Scene, ViewLayer | Initializing
Fra:20 Mem:22.07M (Peak 22.09M) | Time:00:00.00 | Mem:0.00M, Peak:0.00M | Scene, ViewLayer | Updating Images | Loading text.png
Fra:20 Mem:22.07M (Peak 22.09M) | Time:00:00.00 | Mem:0.00M, Peak:0.00M | Scene, ViewLayer | Updating Images | Loading subject.png
Fra:20 Mem:85.37M (Peak 106.46M) | Time:00:00.10 | Mem:21.09M, Peak:21.09M | Scene, ViewLayer | Updating Images | Loading lineart.png
Fra:20 Mem:85.36M (Peak 106.47M) | Time:00:00.12 | Mem:42.19M, Peak:42.19M | Scene, ViewLayer | Updating Images | Loading background.png
Fra:20 Mem:126.57M (Peak 148.65M) | Time:00:00.25 | Mem:105.47M, Peak:105.47M | Scene, ViewLayer | Waiting for render to start
Fra:20 Mem:126.57M (Peak 148.65M) | Time:00:00.25 | Mem:105.47M, Peak:105.47M | Scene, ViewLayer | Updating Scene
Fra:20 Mem:126.57M (Peak 148.65M) | Time:00:00.25 | Mem:105.47M, Peak:105.47M | Scene, ViewLayer | Updating Shaders
Fra:20 Mem:126.57M (Peak 148.65M) | Time:00:00.25 | Mem:105.47M, Peak:105.47M | Scene, ViewLayer | Loading render kernels (may take a few minutes the first time)
Fra:20 Mem:126.69M (Peak 148.65M) | Time:00:00.25 | Mem:105.50M, Peak:105.50M | Scene, ViewLayer | Updating Procedurals
Fra:20 Mem:126.69M (Peak 148.65M) | Time:00:00.25 | Mem:105.50M, Peak:105.50M | Scene, ViewLayer | Updating Background
Fra:20 Mem:126.69M (Peak 148.65M) | Time:00:00.25 | Mem:105.50M, Peak:105.50M | Scene, ViewLayer | Updating Camera
Fra:20 Mem:126.69M (Peak 148.65M) | Time:00:00.25 | Mem:105.50M, Peak:105.50M | Scene, ViewLayer | Updating Meshes Flags
Fra:20 Mem:126.69M (Peak 148.65M) | Time:00:00.25 | Mem:105.50M, Peak:105.50M | Scene, ViewLayer | Updating Objects
Fra:20 Mem:126.69M (Peak 148.65M) | Time:00:00.25 | Mem:105.50M, Peak:105.50M | Scene, ViewLayer | Updating Objects | Copying Transformations to device
Fra:20 Mem:126.69M (Peak 148.65M) | Time:00:00.25 | Mem:105.51M, Peak:105.51M | Scene, ViewLayer | Updating Particle Systems
Fra:20 Mem:126.69M (Peak 148.65M) | Time:00:00.25 | Mem:105.51M, Peak:105.51M | Scene, ViewLayer | Updating Particle Systems | Copying Particles to device
Fra:20 Mem:126.69M (Peak 148.65M) | Time:00:00.25 | Mem:105.51M, Peak:105.51M | Scene, ViewLayer | Updating Meshes
Fra:20 Mem:126.69M (Peak 148.65M) | Time:00:00.25 | Mem:105.51M, Peak:105.51M | Scene, ViewLayer | Updating Objects | Applying Static Transformations
Fra:20 Mem:126.69M (Peak 148.65M) | Time:00:00.25 | Mem:105.51M, Peak:105.51M | Scene, ViewLayer | Updating Mesh | Computing attributes
Fra:20 Mem:126.71M (Peak 148.65M) | Time:00:00.25 | Mem:105.51M, Peak:105.51M | Scene, ViewLayer | Updating Mesh | Copying Attributes to device
Fra:20 Mem:126.70M (Peak 148.65M) | Time:00:00.25 | Mem:105.52M, Peak:105.52M | Scene, ViewLayer | Updating Scene BVH | Building
Fra:20 Mem:126.70M (Peak 148.65M) | Time:00:00.25 | Mem:105.52M, Peak:105.52M | Scene, ViewLayer | Updating Scene BVH | Building BVH
Fra:20 Mem:126.70M (Peak 148.65M) | Time:00:00.25 | Mem:105.53M, Peak:105.53M | Scene, ViewLayer | Updating Scene BVH | Building BVH 0%
Fra:20 Mem:126.70M (Peak 148.65M) | Time:00:00.25 | Mem:105.55M, Peak:105.57M | Scene, ViewLayer | Updating Scene BVH | Copying BVH to device
Fra:20 Mem:126.70M (Peak 148.65M) | Time:00:00.25 | Mem:105.55M, Peak:105.57M | Scene, ViewLayer | Updating Mesh | Computing normals
Fra:20 Mem:126.72M (Peak 148.65M) | Time:00:00.25 | Mem:105.55M, Peak:105.57M | Scene, ViewLayer | Updating Mesh | Copying Mesh to device
Fra:20 Mem:126.72M (Peak 148.65M) | Time:00:00.25 | Mem:105.57M, Peak:105.57M | Scene, ViewLayer | Updating Objects Flags
Fra:20 Mem:126.72M (Peak 148.65M) | Time:00:00.25 | Mem:105.57M, Peak:105.57M | Scene, ViewLayer | Updating Primitive Offsets
Fra:20 Mem:126.72M (Peak 148.65M) | Time:00:00.25 | Mem:105.57M, Peak:105.57M | Scene, ViewLayer | Updating Images
Fra:20 Mem:126.72M (Peak 148.65M) | Time:00:00.25 | Mem:105.57M, Peak:105.57M | Scene, ViewLayer | Updating Camera Volume
Fra:20 Mem:126.72M (Peak 148.65M) | Time:00:00.25 | Mem:105.57M, Peak:105.57M | Scene, ViewLayer | Updating Lookup Tables
Fra:20 Mem:126.72M (Peak 148.65M) | Time:00:00.25 | Mem:105.65M, Peak:105.65M | Scene, ViewLayer | Updating Lights
Fra:20 Mem:126.72M (Peak 148.65M) | Time:00:00.25 | Mem:105.65M, Peak:105.65M | Scene, ViewLayer | Updating Lights | Computing tree
Fra:20 Mem:126.73M (Peak 148.65M) | Time:00:00.25 | Mem:105.66M, Peak:105.66M | Scene, ViewLayer | Updating Integrator
Fra:20 Mem:126.73M (Peak 148.65M) | Time:00:00.25 | Mem:105.66M, Peak:105.66M | Scene, ViewLayer | Updating Film
Fra:20 Mem:126.73M (Peak 148.65M) | Time:00:00.25 | Mem:105.58M, Peak:105.66M | Scene, ViewLayer | Updating Lookup Tables
Fra:20 Mem:126.73M (Peak 148.65M) | Time:00:00.25 | Mem:105.67M, Peak:105.67M | Scene, ViewLayer | Updating Baking
Fra:20 Mem:126.73M (Peak 148.65M) | Time:00:00.25 | Mem:105.67M, Peak:105.67M | Scene, ViewLayer | Updating Device | Writing constant memory
Fra:20 Mem:126.74M (Peak 148.65M) | Time:00:00.25 | Mem:105.67M, Peak:105.67M | Scene, ViewLayer | Sample 0/16
Fra:20 Mem:132.94M (Peak 148.65M) | Time:00:00.62 | Remaining:00:05.53 | Mem:111.86M, Peak:111.86M | Scene, ViewLayer | Sample 1/16
Fra:20 Mem:135.69M (Peak 148.65M) | Time:00:06.01 | Mem:111.86M, Peak:111.86M | Scene, ViewLayer | Sample 16/16
Fra:20 Mem:135.69M (Peak 148.65M) | Time:00:06.01 | Mem:111.86M, Peak:111.86M | Scene, ViewLayer | Finished
Fra:20 Mem:23.76M (Peak 148.65M) | Time:00:06.01 | Compositing
Saved: 'work/preview-frames/mj/frame_0020.png'
Time: 00:06.11 (Saving: 00:00.05)

Fra:21 Mem:22.05M (Peak 22.05M) | Time:00:00.00 | Mem:0.00M, Peak:0.00M | Scene, ViewLayer | Synchronizing object | 柔光主灯
Fra:21 Mem:22.06M (Peak 22.06M) | Time:00:00.00 | Mem:0.00M, Peak:0.00M | Scene, ViewLayer | Synchronizing object | 内圈 · 古金细边
Fra:21 Mem:22.06M (Peak 22.06M) | Time:00:00.00 | Mem:0.00M, Peak:0.00M | Scene, ViewLayer | Synchronizing object | 正面均匀补光
Fra:21 Mem:22.06M (Peak 22.06M) | Time:00:00.00 | Mem:0.00M, Peak:0.00M | Scene, ViewLayer | Synchronizing object | 顶部金光
Fra:21 Mem:22.06M (Peak 22.06M) | Time:00:00.00 | Mem:0.00M, Peak:0.00M | Scene, ViewLayer | Synchronizing object | 主体平面 · 完整视差合成
Fra:21 Mem:22.06M (Peak 22.06M) | Time:00:00.00 | Mem:0.00M, Peak:0.00M | Scene, ViewLayer | Synchronizing object | 外圈 · 全息压边
Fra:21 Mem:22.08M (Peak 22.08M) | Time:00:00.00 | Mem:0.00M, Peak:0.00M | Scene, ViewLayer | Synchronizing object | 文字平面 · Alpha PNG
Fra:21 Mem:22.09M (Peak 22.09M) | Time:00:00.00 | Mem:0.00M, Peak:0.00M | Scene, ViewLayer | Initializing
Fra:21 Mem:22.07M (Peak 22.09M) | Time:00:00.00 | Mem:0.00M, Peak:0.00M | Scene, ViewLayer | Updating Images | Loading text.png
Fra:21 Mem:22.07M (Peak 22.09M) | Time:00:00.00 | Mem:0.00M, Peak:0.00M | Scene, ViewLayer | Updating Images | Loading subject.png
Fra:21 Mem:64.27M (Peak 85.36M) | Time:00:00.09 | Mem:21.09M, Peak:21.09M | Scene, ViewLayer | Updating Images | Loading lineart.png
Fra:21 Mem:85.36M (Peak 106.47M) | Time:00:00.12 | Mem:42.19M, Peak:42.19M | Scene, ViewLayer | Updating Images | Loading background.png
Fra:21 Mem:126.57M (Peak 148.65M) | Time:00:00.24 | Mem:105.47M, Peak:105.47M | Scene, ViewLayer | Waiting for render to start
Fra:21 Mem:126.57M (Peak 148.65M) | Time:00:00.24 | Mem:105.47M, Peak:105.47M | Scene, ViewLayer | Updating Scene
Fra:21 Mem:126.57M (Peak 148.65M) | Time:00:00.24 | Mem:105.47M, Peak:105.47M | Scene, ViewLayer | Updating Shaders
Fra:21 Mem:126.57M (Peak 148.65M) | Time:00:00.24 | Mem:105.47M, Peak:105.47M | Scene, ViewLayer | Loading render kernels (may take a few minutes the first time)
Fra:21 Mem:126.69M (Peak 148.65M) | Time:00:00.24 | Mem:105.50M, Peak:105.50M | Scene, ViewLayer | Updating Procedurals
Fra:21 Mem:126.69M (Peak 148.65M) | Time:00:00.24 | Mem:105.50M, Peak:105.50M | Scene, ViewLayer | Updating Background
Fra:21 Mem:126.69M (Peak 148.65M) | Time:00:00.24 | Mem:105.50M, Peak:105.50M | Scene, ViewLayer | Updating Camera
Fra:21 Mem:126.69M (Peak 148.65M) | Time:00:00.24 | Mem:105.50M, Peak:105.50M | Scene, ViewLayer | Updating Meshes Flags
Fra:21 Mem:126.69M (Peak 148.65M) | Time:00:00.24 | Mem:105.50M, Peak:105.50M | Scene, ViewLayer | Updating Objects
Fra:21 Mem:126.69M (Peak 148.65M) | Time:00:00.24 | Mem:105.50M, Peak:105.50M | Scene, ViewLayer | Updating Objects | Copying Transformations to device
Fra:21 Mem:126.69M (Peak 148.65M) | Time:00:00.24 | Mem:105.51M, Peak:105.51M | Scene, ViewLayer | Updating Particle Systems
Fra:21 Mem:126.69M (Peak 148.65M) | Time:00:00.24 | Mem:105.51M, Peak:105.51M | Scene, ViewLayer | Updating Particle Systems | Copying Particles to device
Fra:21 Mem:126.69M (Peak 148.65M) | Time:00:00.24 | Mem:105.51M, Peak:105.51M | Scene, ViewLayer | Updating Meshes
Fra:21 Mem:126.69M (Peak 148.65M) | Time:00:00.24 | Mem:105.51M, Peak:105.51M | Scene, ViewLayer | Updating Objects | Applying Static Transformations
Fra:21 Mem:126.69M (Peak 148.65M) | Time:00:00.24 | Mem:105.51M, Peak:105.51M | Scene, ViewLayer | Updating Mesh | Computing attributes
Fra:21 Mem:126.71M (Peak 148.65M) | Time:00:00.24 | Mem:105.51M, Peak:105.51M | Scene, ViewLayer | Updating Mesh | Copying Attributes to device
Fra:21 Mem:126.70M (Peak 148.65M) | Time:00:00.24 | Mem:105.52M, Peak:105.52M | Scene, ViewLayer | Updating Scene BVH | Building
Fra:21 Mem:126.70M (Peak 148.65M) | Time:00:00.24 | Mem:105.52M, Peak:105.52M | Scene, ViewLayer | Updating Scene BVH | Building BVH
Fra:21 Mem:126.70M (Peak 148.65M) | Time:00:00.24 | Mem:105.53M, Peak:105.53M | Scene, ViewLayer | Updating Scene BVH | Building BVH 0%
Fra:21 Mem:126.70M (Peak 148.65M) | Time:00:00.24 | Mem:105.56M, Peak:105.57M | Scene, ViewLayer | Updating Scene BVH | Copying BVH to device
Fra:21 Mem:126.70M (Peak 148.65M) | Time:00:00.24 | Mem:105.56M, Peak:105.57M | Scene, ViewLayer | Updating Mesh | Computing normals
Fra:21 Mem:126.72M (Peak 148.65M) | Time:00:00.24 | Mem:105.56M, Peak:105.57M | Scene, ViewLayer | Updating Mesh | Copying Mesh to device
Fra:21 Mem:126.72M (Peak 148.65M) | Time:00:00.24 | Mem:105.57M, Peak:105.57M | Scene, ViewLayer | Updating Objects Flags
Fra:21 Mem:126.72M (Peak 148.65M) | Time:00:00.24 | Mem:105.57M, Peak:105.57M | Scene, ViewLayer | Updating Primitive Offsets
Fra:21 Mem:126.72M (Peak 148.65M) | Time:00:00.24 | Mem:105.57M, Peak:105.57M | Scene, ViewLayer | Updating Images
Fra:21 Mem:126.72M (Peak 148.65M) | Time:00:00.24 | Mem:105.57M, Peak:105.57M | Scene, ViewLayer | Updating Camera Volume
Fra:21 Mem:126.72M (Peak 148.65M) | Time:00:00.24 | Mem:105.57M, Peak:105.57M | Scene, ViewLayer | Updating Lookup Tables
Fra:21 Mem:126.72M (Peak 148.65M) | Time:00:00.24 | Mem:105.65M, Peak:105.65M | Scene, ViewLayer | Updating Lights
Fra:21 Mem:126.72M (Peak 148.65M) | Time:00:00.24 | Mem:105.65M, Peak:105.65M | Scene, ViewLayer | Updating Lights | Computing tree
Fra:21 Mem:126.73M (Peak 148.65M) | Time:00:00.25 | Mem:105.66M, Peak:105.66M | Scene, ViewLayer | Updating Integrator
Fra:21 Mem:126.73M (Peak 148.65M) | Time:00:00.25 | Mem:105.66M, Peak:105.66M | Scene, ViewLayer | Updating Film
Fra:21 Mem:126.73M (Peak 148.65M) | Time:00:00.25 | Mem:105.58M, Peak:105.66M | Scene, ViewLayer | Updating Lookup Tables
Fra:21 Mem:126.73M (Peak 148.65M) | Time:00:00.25 | Mem:105.67M, Peak:105.67M | Scene, ViewLayer | Updating Baking
Fra:21 Mem:126.73M (Peak 148.65M) | Time:00:00.25 | Mem:105.67M, Peak:105.67M | Scene, ViewLayer | Updating Device | Writing constant memory
Fra:21 Mem:126.74M (Peak 148.65M) | Time:00:00.25 | Mem:105.67M, Peak:105.67M | Scene, ViewLayer | Sample 0/16
Fra:21 Mem:132.94M (Peak 148.65M) | Time:00:00.62 | Remaining:00:05.58 | Mem:111.86M, Peak:111.86M | Scene, ViewLayer | Sample 1/16
Fra:21 Mem:135.69M (Peak 148.65M) | Time:00:05.93 | Mem:111.86M, Peak:111.86M | Scene, ViewLayer | Sample 16/16
Fra:21 Mem:135.69M (Peak 148.65M) | Time:00:05.93 | Mem:111.86M, Peak:111.86M | Scene, ViewLayer | Finished
Fra:21 Mem:23.76M (Peak 148.65M) | Time:00:05.94 | Compositing
Saved: 'work/preview-frames/mj/frame_0021.png'
Time: 00:06.03 (Saving: 00:00.04)

Fra:22 Mem:22.05M (Peak 22.05M) | Time:00:00.00 | Mem:0.00M, Peak:0.00M | Scene, ViewLayer | Synchronizing object | 柔光主灯
Fra:22 Mem:22.06M (Peak 22.06M) | Time:00:00.00 | Mem:0.00M, Peak:0.00M | Scene, ViewLayer | Synchronizing object | 内圈 · 古金细边
Fra:22 Mem:22.06M (Peak 22.06M) | Time:00:00.00 | Mem:0.00M, Peak:0.00M | Scene, ViewLayer | Synchronizing object | 正面均匀补光
Fra:22 Mem:22.06M (Peak 22.06M) | Time:00:00.00 | Mem:0.00M, Peak:0.00M | Scene, ViewLayer | Synchronizing object | 顶部金光
Fra:22 Mem:22.06M (Peak 22.06M) | Time:00:00.00 | Mem:0.00M, Peak:0.00M | Scene, ViewLayer | Synchronizing object | 外圈 · 全息压边
Fra:22 Mem:22.07M (Peak 22.07M) | Time:00:00.00 | Mem:0.00M, Peak:0.00M | Scene, ViewLayer | Synchronizing object | 文字平面 · Alpha PNG
Fra:22 Mem:22.08M (Peak 22.08M) | Time:00:00.00 | Mem:0.00M, Peak:0.00M | Scene, ViewLayer | Synchronizing object | 主体平面 · 完整视差合成
Fra:22 Mem:22.09M (Peak 22.09M) | Time:00:00.00 | Mem:0.00M, Peak:0.00M | Scene, ViewLayer | Initializing
Fra:22 Mem:22.07M (Peak 22.09M) | Time:00:00.00 | Mem:0.00M, Peak:0.00M | Scene, ViewLayer | Updating Images | Loading text.png
Fra:22 Mem:22.07M (Peak 22.09M) | Time:00:00.00 | Mem:0.00M, Peak:0.00M | Scene, ViewLayer | Updating Images | Loading subject.png
Fra:22 Mem:64.27M (Peak 85.36M) | Time:00:00.09 | Mem:21.09M, Peak:21.09M | Scene, ViewLayer | Updating Images | Loading lineart.png
Fra:22 Mem:85.36M (Peak 106.47M) | Time:00:00.12 | Mem:42.19M, Peak:42.19M | Scene, ViewLayer | Updating Images | Loading background.png
Fra:22 Mem:126.57M (Peak 148.65M) | Time:00:00.25 | Mem:105.47M, Peak:105.47M | Scene, ViewLayer | Waiting for render to start
Fra:22 Mem:126.57M (Peak 148.65M) | Time:00:00.25 | Mem:105.47M, Peak:105.47M | Scene, ViewLayer | Updating Scene
Fra:22 Mem:126.57M (Peak 148.65M) | Time:00:00.25 | Mem:105.47M, Peak:105.47M | Scene, ViewLayer | Updating Shaders
Fra:22 Mem:126.57M (Peak 148.65M) | Time:00:00.25 | Mem:105.47M, Peak:105.47M | Scene, ViewLayer | Loading render kernels (may take a few minutes the first time)
Fra:22 Mem:126.69M (Peak 148.65M) | Time:00:00.25 | Mem:105.50M, Peak:105.50M | Scene, ViewLayer | Updating Procedurals
Fra:22 Mem:126.69M (Peak 148.65M) | Time:00:00.25 | Mem:105.50M, Peak:105.50M | Scene, ViewLayer | Updating Background
Fra:22 Mem:126.69M (Peak 148.65M) | Time:00:00.25 | Mem:105.50M, Peak:105.50M | Scene, ViewLayer | Updating Camera
Fra:22 Mem:126.69M (Peak 148.65M) | Time:00:00.25 | Mem:105.50M, Peak:105.50M | Scene, ViewLayer | Updating Meshes Flags
Fra:22 Mem:126.69M (Peak 148.65M) | Time:00:00.25 | Mem:105.50M, Peak:105.50M | Scene, ViewLayer | Updating Objects
Fra:22 Mem:126.69M (Peak 148.65M) | Time:00:00.25 | Mem:105.50M, Peak:105.50M | Scene, ViewLayer | Updating Objects | Copying Transformations to device
Fra:22 Mem:126.69M (Peak 148.65M) | Time:00:00.25 | Mem:105.51M, Peak:105.51M | Scene, ViewLayer | Updating Particle Systems
Fra:22 Mem:126.69M (Peak 148.65M) | Time:00:00.25 | Mem:105.51M, Peak:105.51M | Scene, ViewLayer | Updating Particle Systems | Copying Particles to device
Fra:22 Mem:126.69M (Peak 148.65M) | Time:00:00.25 | Mem:105.51M, Peak:105.51M | Scene, ViewLayer | Updating Meshes
Fra:22 Mem:126.69M (Peak 148.65M) | Time:00:00.25 | Mem:105.51M, Peak:105.51M | Scene, ViewLayer | Updating Objects | Applying Static Transformations
Fra:22 Mem:126.69M (Peak 148.65M) | Time:00:00.25 | Mem:105.51M, Peak:105.51M | Scene, ViewLayer | Updating Mesh | Computing attributes
Fra:22 Mem:126.71M (Peak 148.65M) | Time:00:00.25 | Mem:105.51M, Peak:105.51M | Scene, ViewLayer | Updating Mesh | Copying Attributes to device
Fra:22 Mem:126.70M (Peak 148.65M) | Time:00:00.25 | Mem:105.52M, Peak:105.52M | Scene, ViewLayer | Updating Scene BVH | Building
Fra:22 Mem:126.70M (Peak 148.65M) | Time:00:00.25 | Mem:105.52M, Peak:105.52M | Scene, ViewLayer | Updating Scene BVH | Building BVH
Fra:22 Mem:126.70M (Peak 148.65M) | Time:00:00.25 | Mem:105.53M, Peak:105.53M | Scene, ViewLayer | Updating Scene BVH | Building BVH 0%
Fra:22 Mem:126.70M (Peak 148.65M) | Time:00:00.25 | Mem:105.55M, Peak:105.57M | Scene, ViewLayer | Updating Scene BVH | Copying BVH to device
Fra:22 Mem:126.70M (Peak 148.65M) | Time:00:00.25 | Mem:105.55M, Peak:105.57M | Scene, ViewLayer | Updating Mesh | Computing normals
Fra:22 Mem:126.72M (Peak 148.65M) | Time:00:00.25 | Mem:105.55M, Peak:105.57M | Scene, ViewLayer | Updating Mesh | Copying Mesh to device
Fra:22 Mem:126.72M (Peak 148.65M) | Time:00:00.25 | Mem:105.57M, Peak:105.57M | Scene, ViewLayer | Updating Objects Flags
Fra:22 Mem:126.72M (Peak 148.65M) | Time:00:00.25 | Mem:105.57M, Peak:105.57M | Scene, ViewLayer | Updating Primitive Offsets
Fra:22 Mem:126.72M (Peak 148.65M) | Time:00:00.25 | Mem:105.57M, Peak:105.57M | Scene, ViewLayer | Updating Images
Fra:22 Mem:126.72M (Peak 148.65M) | Time:00:00.25 | Mem:105.57M, Peak:105.57M | Scene, ViewLayer | Updating Camera Volume
Fra:22 Mem:126.72M (Peak 148.65M) | Time:00:00.25 | Mem:105.57M, Peak:105.57M | Scene, ViewLayer | Updating Lookup Tables
Fra:22 Mem:126.72M (Peak 148.65M) | Time:00:00.25 | Mem:105.65M, Peak:105.65M | Scene, ViewLayer | Updating Lights
Fra:22 Mem:126.72M (Peak 148.65M) | Time:00:00.25 | Mem:105.65M, Peak:105.65M | Scene, ViewLayer | Updating Lights | Computing tree
Fra:22 Mem:126.73M (Peak 148.65M) | Time:00:00.25 | Mem:105.66M, Peak:105.66M | Scene, ViewLayer | Updating Integrator
Fra:22 Mem:126.73M (Peak 148.65M) | Time:00:00.25 | Mem:105.66M, Peak:105.66M | Scene, ViewLayer | Updating Film
Fra:22 Mem:126.73M (Peak 148.65M) | Time:00:00.25 | Mem:105.58M, Peak:105.66M | Scene, ViewLayer | Updating Lookup Tables
Fra:22 Mem:126.73M (Peak 148.65M) | Time:00:00.25 | Mem:105.67M, Peak:105.67M | Scene, ViewLayer | Updating Baking
Fra:22 Mem:126.73M (Peak 148.65M) | Time:00:00.25 | Mem:105.67M, Peak:105.67M | Scene, ViewLayer | Updating Device | Writing constant memory
Fra:22 Mem:126.74M (Peak 148.65M) | Time:00:00.25 | Mem:105.67M, Peak:105.67M | Scene, ViewLayer | Sample 0/16
Fra:22 Mem:132.94M (Peak 148.65M) | Time:00:00.62 | Remaining:00:05.52 | Mem:111.86M, Peak:111.86M | Scene, ViewLayer | Sample 1/16
Fra:22 Mem:135.69M (Peak 148.65M) | Time:00:05.97 | Mem:111.86M, Peak:111.86M | Scene, ViewLayer | Sample 16/16
Fra:22 Mem:135.69M (Peak 148.65M) | Time:00:05.97 | Mem:111.86M, Peak:111.86M | Scene, ViewLayer | Finished
Fra:22 Mem:23.76M (Peak 148.65M) | Time:00:05.97 | Compositing
Saved: 'work/preview-frames/mj/frame_0022.png'
Time: 00:06.06 (Saving: 00:00.03)

Fra:23 Mem:22.05M (Peak 22.05M) | Time:00:00.00 | Mem:0.00M, Peak:0.00M | Scene, ViewLayer | Synchronizing object | 柔光主灯
Fra:23 Mem:22.06M (Peak 22.06M) | Time:00:00.00 | Mem:0.00M, Peak:0.00M | Scene, ViewLayer | Synchronizing object | 内圈 · 古金细边
Fra:23 Mem:22.06M (Peak 22.06M) | Time:00:00.00 | Mem:0.00M, Peak:0.00M | Scene, ViewLayer | Synchronizing object | 正面均匀补光
Fra:23 Mem:22.06M (Peak 22.06M) | Time:00:00.00 | Mem:0.00M, Peak:0.00M | Scene, ViewLayer | Synchronizing object | 顶部金光
Fra:23 Mem:22.06M (Peak 22.06M) | Time:00:00.00 | Mem:0.00M, Peak:0.00M | Scene, ViewLayer | Synchronizing object | 主体平面 · 完整视差合成
Fra:23 Mem:22.06M (Peak 22.06M) | Time:00:00.00 | Mem:0.00M, Peak:0.00M | Scene, ViewLayer | Synchronizing object | 外圈 · 全息压边
Fra:23 Mem:22.08M (Peak 22.08M) | Time:00:00.00 | Mem:0.00M, Peak:0.00M | Scene, ViewLayer | Synchronizing object | 文字平面 · Alpha PNG
Fra:23 Mem:22.09M (Peak 22.09M) | Time:00:00.00 | Mem:0.00M, Peak:0.00M | Scene, ViewLayer | Initializing
Fra:23 Mem:22.07M (Peak 22.09M) | Time:00:00.00 | Mem:0.00M, Peak:0.00M | Scene, ViewLayer | Updating Images | Loading text.png
Fra:23 Mem:22.07M (Peak 22.09M) | Time:00:00.00 | Mem:0.00M, Peak:0.00M | Scene, ViewLayer | Updating Images | Loading subject.png
Fra:23 Mem:64.27M (Peak 85.36M) | Time:00:00.09 | Mem:21.09M, Peak:21.09M | Scene, ViewLayer | Updating Images | Loading lineart.png
Fra:23 Mem:85.36M (Peak 106.47M) | Time:00:00.12 | Mem:42.19M, Peak:42.19M | Scene, ViewLayer | Updating Images | Loading background.png
Fra:23 Mem:126.57M (Peak 148.65M) | Time:00:00.25 | Mem:105.47M, Peak:105.47M | Scene, ViewLayer | Waiting for render to start
Fra:23 Mem:126.57M (Peak 148.65M) | Time:00:00.25 | Mem:105.47M, Peak:105.47M | Scene, ViewLayer | Updating Scene
Fra:23 Mem:126.57M (Peak 148.65M) | Time:00:00.25 | Mem:105.47M, Peak:105.47M | Scene, ViewLayer | Updating Shaders
Fra:23 Mem:126.57M (Peak 148.65M) | Time:00:00.25 | Mem:105.47M, Peak:105.47M | Scene, ViewLayer | Loading render kernels (may take a few minutes the first time)
Fra:23 Mem:126.69M (Peak 148.65M) | Time:00:00.25 | Mem:105.50M, Peak:105.50M | Scene, ViewLayer | Updating Procedurals
Fra:23 Mem:126.69M (Peak 148.65M) | Time:00:00.25 | Mem:105.50M, Peak:105.50M | Scene, ViewLayer | Updating Background
Fra:23 Mem:126.69M (Peak 148.65M) | Time:00:00.25 | Mem:105.50M, Peak:105.50M | Scene, ViewLayer | Updating Camera
Fra:23 Mem:126.69M (Peak 148.65M) | Time:00:00.25 | Mem:105.50M, Peak:105.50M | Scene, ViewLayer | Updating Meshes Flags
Fra:23 Mem:126.69M (Peak 148.65M) | Time:00:00.25 | Mem:105.50M, Peak:105.50M | Scene, ViewLayer | Updating Objects
Fra:23 Mem:126.69M (Peak 148.65M) | Time:00:00.25 | Mem:105.50M, Peak:105.50M | Scene, ViewLayer | Updating Objects | Copying Transformations to device
Fra:23 Mem:126.69M (Peak 148.65M) | Time:00:00.25 | Mem:105.51M, Peak:105.51M | Scene, ViewLayer | Updating Particle Systems
Fra:23 Mem:126.69M (Peak 148.65M) | Time:00:00.25 | Mem:105.51M, Peak:105.51M | Scene, ViewLayer | Updating Particle Systems | Copying Particles to device
Fra:23 Mem:126.69M (Peak 148.65M) | Time:00:00.25 | Mem:105.51M, Peak:105.51M | Scene, ViewLayer | Updating Meshes
Fra:23 Mem:126.69M (Peak 148.65M) | Time:00:00.25 | Mem:105.51M, Peak:105.51M | Scene, ViewLayer | Updating Objects | Applying Static Transformations
Fra:23 Mem:126.69M (Peak 148.65M) | Time:00:00.25 | Mem:105.51M, Peak:105.51M | Scene, ViewLayer | Updating Mesh | Computing attributes
Fra:23 Mem:126.71M (Peak 148.65M) | Time:00:00.25 | Mem:105.51M, Peak:105.51M | Scene, ViewLayer | Updating Mesh | Copying Attributes to device
Fra:23 Mem:126.70M (Peak 148.65M) | Time:00:00.25 | Mem:105.52M, Peak:105.52M | Scene, ViewLayer | Updating Scene BVH | Building
Fra:23 Mem:126.70M (Peak 148.65M) | Time:00:00.25 | Mem:105.52M, Peak:105.52M | Scene, ViewLayer | Updating Scene BVH | Building BVH
Fra:23 Mem:126.70M (Peak 148.65M) | Time:00:00.25 | Mem:105.53M, Peak:105.53M | Scene, ViewLayer | Updating Scene BVH | Building BVH 0%
Fra:23 Mem:126.70M (Peak 148.65M) | Time:00:00.25 | Mem:105.56M, Peak:105.57M | Scene, ViewLayer | Updating Scene BVH | Copying BVH to device
Fra:23 Mem:126.70M (Peak 148.65M) | Time:00:00.25 | Mem:105.56M, Peak:105.57M | Scene, ViewLayer | Updating Mesh | Computing normals
Fra:23 Mem:126.72M (Peak 148.65M) | Time:00:00.25 | Mem:105.56M, Peak:105.57M | Scene, ViewLayer | Updating Mesh | Copying Mesh to device
Fra:23 Mem:126.72M (Peak 148.65M) | Time:00:00.25 | Mem:105.57M, Peak:105.57M | Scene, ViewLayer | Updating Objects Flags
Fra:23 Mem:126.72M (Peak 148.65M) | Time:00:00.25 | Mem:105.57M, Peak:105.57M | Scene, ViewLayer | Updating Primitive Offsets
Fra:23 Mem:126.72M (Peak 148.65M) | Time:00:00.25 | Mem:105.57M, Peak:105.57M | Scene, ViewLayer | Updating Images
Fra:23 Mem:126.72M (Peak 148.65M) | Time:00:00.25 | Mem:105.57M, Peak:105.57M | Scene, ViewLayer | Updating Camera Volume
Fra:23 Mem:126.72M (Peak 148.65M) | Time:00:00.25 | Mem:105.57M, Peak:105.57M | Scene, ViewLayer | Updating Lookup Tables
Fra:23 Mem:126.72M (Peak 148.65M) | Time:00:00.25 | Mem:105.65M, Peak:105.65M | Scene, ViewLayer | Updating Lights
Fra:23 Mem:126.72M (Peak 148.65M) | Time:00:00.25 | Mem:105.65M, Peak:105.65M | Scene, ViewLayer | Updating Lights | Computing tree
Fra:23 Mem:126.73M (Peak 148.65M) | Time:00:00.25 | Mem:105.66M, Peak:105.66M | Scene, ViewLayer | Updating Integrator
Fra:23 Mem:126.73M (Peak 148.65M) | Time:00:00.25 | Mem:105.66M, Peak:105.66M | Scene, ViewLayer | Updating Film
Fra:23 Mem:126.74M (Peak 148.65M) | Time:00:00.25 | Mem:105.58M, Peak:105.66M | Scene, ViewLayer | Updating Lookup Tables
Fra:23 Mem:126.74M (Peak 148.65M) | Time:00:00.25 | Mem:105.67M, Peak:105.67M | Scene, ViewLayer | Updating Baking
Fra:23 Mem:126.74M (Peak 148.65M) | Time:00:00.25 | Mem:105.67M, Peak:105.67M | Scene, ViewLayer | Updating Device | Writing constant memory
Fra:23 Mem:126.74M (Peak 148.65M) | Time:00:00.25 | Mem:105.67M, Peak:105.67M | Scene, ViewLayer | Sample 0/16
Fra:23 Mem:132.94M (Peak 148.65M) | Time:00:00.61 | Remaining:00:05.48 | Mem:111.86M, Peak:111.86M | Scene, ViewLayer | Sample 1/16
Fra:23 Mem:135.69M (Peak 148.65M) | Time:00:05.95 | Mem:111.86M, Peak:111.86M | Scene, ViewLayer | Sample 16/16
Fra:23 Mem:135.69M (Peak 148.65M) | Time:00:05.95 | Mem:111.86M, Peak:111.86M | Scene, ViewLayer | Finished
Fra:23 Mem:23.76M (Peak 148.65M) | Time:00:05.95 | Compositing
Saved: 'work/preview-frames/mj/frame_0023.png'
Time: 00:06.04 (Saving: 00:00.03)

Fra:24 Mem:22.05M (Peak 22.05M) | Time:00:00.00 | Mem:0.00M, Peak:0.00M | Scene, ViewLayer | Synchronizing object | 柔光主灯
Fra:24 Mem:22.06M (Peak 22.06M) | Time:00:00.00 | Mem:0.00M, Peak:0.00M | Scene, ViewLayer | Synchronizing object | 内圈 · 古金细边
Fra:24 Mem:22.06M (Peak 22.06M) | Time:00:00.00 | Mem:0.00M, Peak:0.00M | Scene, ViewLayer | Synchronizing object | 正面均匀补光
Fra:24 Mem:22.06M (Peak 22.06M) | Time:00:00.00 | Mem:0.00M, Peak:0.00M | Scene, ViewLayer | Synchronizing object | 顶部金光
Fra:24 Mem:22.06M (Peak 22.06M) | Time:00:00.00 | Mem:0.00M, Peak:0.00M | Scene, ViewLayer | Synchronizing object | 主体平面 · 完整视差合成
Fra:24 Mem:22.06M (Peak 22.06M) | Time:00:00.00 | Mem:0.00M, Peak:0.00M | Scene, ViewLayer | Synchronizing object | 外圈 · 全息压边
Fra:24 Mem:22.08M (Peak 22.08M) | Time:00:00.00 | Mem:0.00M, Peak:0.00M | Scene, ViewLayer | Synchronizing object | 文字平面 · Alpha PNG
Fra:24 Mem:22.09M (Peak 22.09M) | Time:00:00.00 | Mem:0.00M, Peak:0.00M | Scene, ViewLayer | Initializing
Fra:24 Mem:22.07M (Peak 22.09M) | Time:00:00.00 | Mem:0.00M, Peak:0.00M | Scene, ViewLayer | Updating Images | Loading text.png
Fra:24 Mem:22.07M (Peak 22.09M) | Time:00:00.00 | Mem:0.00M, Peak:0.00M | Scene, ViewLayer | Updating Images | Loading subject.png
Fra:24 Mem:64.27M (Peak 85.36M) | Time:00:00.09 | Mem:21.09M, Peak:21.09M | Scene, ViewLayer | Updating Images | Loading lineart.png
Fra:24 Mem:85.36M (Peak 106.47M) | Time:00:00.12 | Mem:42.19M, Peak:42.19M | Scene, ViewLayer | Updating Images | Loading background.png
Fra:24 Mem:126.57M (Peak 148.65M) | Time:00:00.25 | Mem:105.47M, Peak:105.47M | Scene, ViewLayer | Waiting for render to start
Fra:24 Mem:126.57M (Peak 148.65M) | Time:00:00.25 | Mem:105.47M, Peak:105.47M | Scene, ViewLayer | Updating Scene
Fra:24 Mem:126.57M (Peak 148.65M) | Time:00:00.25 | Mem:105.47M, Peak:105.47M | Scene, ViewLayer | Updating Shaders
Fra:24 Mem:126.57M (Peak 148.65M) | Time:00:00.25 | Mem:105.47M, Peak:105.47M | Scene, ViewLayer | Loading render kernels (may take a few minutes the first time)
Fra:24 Mem:126.69M (Peak 148.65M) | Time:00:00.25 | Mem:105.50M, Peak:105.50M | Scene, ViewLayer | Updating Procedurals
Fra:24 Mem:126.69M (Peak 148.65M) | Time:00:00.25 | Mem:105.50M, Peak:105.50M | Scene, ViewLayer | Updating Background
Fra:24 Mem:126.69M (Peak 148.65M) | Time:00:00.25 | Mem:105.50M, Peak:105.50M | Scene, ViewLayer | Updating Camera
Fra:24 Mem:126.69M (Peak 148.65M) | Time:00:00.25 | Mem:105.50M, Peak:105.50M | Scene, ViewLayer | Updating Meshes Flags
Fra:24 Mem:126.69M (Peak 148.65M) | Time:00:00.25 | Mem:105.50M, Peak:105.50M | Scene, ViewLayer | Updating Objects
Fra:24 Mem:126.69M (Peak 148.65M) | Time:00:00.25 | Mem:105.50M, Peak:105.50M | Scene, ViewLayer | Updating Objects | Copying Transformations to device
Fra:24 Mem:126.69M (Peak 148.65M) | Time:00:00.25 | Mem:105.51M, Peak:105.51M | Scene, ViewLayer | Updating Particle Systems
Fra:24 Mem:126.69M (Peak 148.65M) | Time:00:00.25 | Mem:105.51M, Peak:105.51M | Scene, ViewLayer | Updating Particle Systems | Copying Particles to device
Fra:24 Mem:126.69M (Peak 148.65M) | Time:00:00.25 | Mem:105.51M, Peak:105.51M | Scene, ViewLayer | Updating Meshes
Fra:24 Mem:126.69M (Peak 148.65M) | Time:00:00.25 | Mem:105.51M, Peak:105.51M | Scene, ViewLayer | Updating Objects | Applying Static Transformations
Fra:24 Mem:126.69M (Peak 148.65M) | Time:00:00.25 | Mem:105.51M, Peak:105.51M | Scene, ViewLayer | Updating Mesh | Computing attributes
Fra:24 Mem:126.71M (Peak 148.65M) | Time:00:00.25 | Mem:105.51M, Peak:105.51M | Scene, ViewLayer | Updating Mesh | Copying Attributes to device
Fra:24 Mem:126.70M (Peak 148.65M) | Time:00:00.25 | Mem:105.52M, Peak:105.52M | Scene, ViewLayer | Updating Scene BVH | Building
Fra:24 Mem:126.70M (Peak 148.65M) | Time:00:00.25 | Mem:105.52M, Peak:105.52M | Scene, ViewLayer | Updating Scene BVH | Building BVH
Fra:24 Mem:126.70M (Peak 148.65M) | Time:00:00.25 | Mem:105.53M, Peak:105.53M | Scene, ViewLayer | Updating Scene BVH | Building BVH 0%
Fra:24 Mem:126.70M (Peak 148.65M) | Time:00:00.25 | Mem:105.56M, Peak:105.57M | Scene, ViewLayer | Updating Scene BVH | Copying BVH to device
Fra:24 Mem:126.70M (Peak 148.65M) | Time:00:00.25 | Mem:105.56M, Peak:105.57M | Scene, ViewLayer | Updating Mesh | Computing normals
Fra:24 Mem:126.72M (Peak 148.65M) | Time:00:00.25 | Mem:105.56M, Peak:105.57M | Scene, ViewLayer | Updating Mesh | Copying Mesh to device
Fra:24 Mem:126.72M (Peak 148.65M) | Time:00:00.25 | Mem:105.57M, Peak:105.57M | Scene, ViewLayer | Updating Objects Flags
Fra:24 Mem:126.72M (Peak 148.65M) | Time:00:00.25 | Mem:105.57M, Peak:105.57M | Scene, ViewLayer | Updating Primitive Offsets
Fra:24 Mem:126.72M (Peak 148.65M) | Time:00:00.25 | Mem:105.57M, Peak:105.57M | Scene, ViewLayer | Updating Images
Fra:24 Mem:126.72M (Peak 148.65M) | Time:00:00.25 | Mem:105.57M, Peak:105.57M | Scene, ViewLayer | Updating Camera Volume
Fra:24 Mem:126.72M (Peak 148.65M) | Time:00:00.25 | Mem:105.57M, Peak:105.57M | Scene, ViewLayer | Updating Lookup Tables
Fra:24 Mem:126.72M (Peak 148.65M) | Time:00:00.25 | Mem:105.65M, Peak:105.65M | Scene, ViewLayer | Updating Lights
Fra:24 Mem:126.72M (Peak 148.65M) | Time:00:00.25 | Mem:105.65M, Peak:105.65M | Scene, ViewLayer | Updating Lights | Computing tree
Fra:24 Mem:126.73M (Peak 148.65M) | Time:00:00.25 | Mem:105.66M, Peak:105.66M | Scene, ViewLayer | Updating Integrator
Fra:24 Mem:126.73M (Peak 148.65M) | Time:00:00.25 | Mem:105.66M, Peak:105.66M | Scene, ViewLayer | Updating Film
Fra:24 Mem:126.74M (Peak 148.65M) | Time:00:00.25 | Mem:105.58M, Peak:105.66M | Scene, ViewLayer | Updating Lookup Tables
Fra:24 Mem:126.74M (Peak 148.65M) | Time:00:00.25 | Mem:105.67M, Peak:105.67M | Scene, ViewLayer | Updating Baking
Fra:24 Mem:126.74M (Peak 148.65M) | Time:00:00.25 | Mem:105.67M, Peak:105.67M | Scene, ViewLayer | Updating Device | Writing constant memory
Fra:24 Mem:126.74M (Peak 148.65M) | Time:00:00.25 | Mem:105.67M, Peak:105.67M | Scene, ViewLayer | Sample 0/16
Fra:24 Mem:132.94M (Peak 148.65M) | Time:00:00.62 | Remaining:00:05.50 | Mem:111.86M, Peak:111.86M | Scene, ViewLayer | Sample 1/16
Fra:24 Mem:135.69M (Peak 148.65M) | Time:00:05.93 | Mem:111.86M, Peak:111.86M | Scene, ViewLayer | Sample 16/16
Fra:24 Mem:135.69M (Peak 148.65M) | Time:00:05.93 | Mem:111.86M, Peak:111.86M | Scene, ViewLayer | Finished
Fra:24 Mem:23.76M (Peak 148.65M) | Time:00:05.93 | Compositing
Saved: 'work/preview-frames/mj/frame_0024.png'
Time: 00:06.04 (Saving: 00:00.05)

Fra:25 Mem:22.05M (Peak 22.05M) | Time:00:00.00 | Mem:0.00M, Peak:0.00M | Scene, ViewLayer | Synchronizing object | 柔光主灯
Fra:25 Mem:22.06M (Peak 22.06M) | Time:00:00.00 | Mem:0.00M, Peak:0.00M | Scene, ViewLayer | Synchronizing object | 内圈 · 古金细边
Fra:25 Mem:22.06M (Peak 22.06M) | Time:00:00.00 | Mem:0.00M, Peak:0.00M | Scene, ViewLayer | Synchronizing object | 正面均匀补光
Fra:25 Mem:22.06M (Peak 22.06M) | Time:00:00.00 | Mem:0.00M, Peak:0.00M | Scene, ViewLayer | Synchronizing object | 顶部金光
Fra:25 Mem:22.06M (Peak 22.06M) | Time:00:00.00 | Mem:0.00M, Peak:0.00M | Scene, ViewLayer | Synchronizing object | 主体平面 · 完整视差合成
Fra:25 Mem:22.06M (Peak 22.06M) | Time:00:00.00 | Mem:0.00M, Peak:0.00M | Scene, ViewLayer | Synchronizing object | 外圈 · 全息压边
Fra:25 Mem:22.08M (Peak 22.08M) | Time:00:00.00 | Mem:0.00M, Peak:0.00M | Scene, ViewLayer | Synchronizing object | 文字平面 · Alpha PNG
Fra:25 Mem:22.09M (Peak 22.09M) | Time:00:00.00 | Mem:0.00M, Peak:0.00M | Scene, ViewLayer | Initializing
Fra:25 Mem:22.07M (Peak 22.09M) | Time:00:00.00 | Mem:0.00M, Peak:0.00M | Scene, ViewLayer | Updating Images | Loading text.png
Fra:25 Mem:22.07M (Peak 22.09M) | Time:00:00.00 | Mem:0.00M, Peak:0.00M | Scene, ViewLayer | Updating Images | Loading subject.png
Fra:25 Mem:64.27M (Peak 85.36M) | Time:00:00.09 | Mem:21.09M, Peak:21.09M | Scene, ViewLayer | Updating Images | Loading lineart.png
Fra:25 Mem:85.36M (Peak 106.47M) | Time:00:00.11 | Mem:42.19M, Peak:42.19M | Scene, ViewLayer | Updating Images | Loading background.png
Fra:25 Mem:126.57M (Peak 148.65M) | Time:00:00.24 | Mem:105.47M, Peak:105.47M | Scene, ViewLayer | Waiting for render to start
Fra:25 Mem:126.57M (Peak 148.65M) | Time:00:00.24 | Mem:105.47M, Peak:105.47M | Scene, ViewLayer | Updating Scene
Fra:25 Mem:126.57M (Peak 148.65M) | Time:00:00.24 | Mem:105.47M, Peak:105.47M | Scene, ViewLayer | Updating Shaders
Fra:25 Mem:126.57M (Peak 148.65M) | Time:00:00.24 | Mem:105.47M, Peak:105.47M | Scene, ViewLayer | Loading render kernels (may take a few minutes the first time)
Fra:25 Mem:126.69M (Peak 148.65M) | Time:00:00.24 | Mem:105.50M, Peak:105.50M | Scene, ViewLayer | Updating Procedurals
Fra:25 Mem:126.69M (Peak 148.65M) | Time:00:00.24 | Mem:105.50M, Peak:105.50M | Scene, ViewLayer | Updating Background
Fra:25 Mem:126.69M (Peak 148.65M) | Time:00:00.24 | Mem:105.50M, Peak:105.50M | Scene, ViewLayer | Updating Camera
Fra:25 Mem:126.69M (Peak 148.65M) | Time:00:00.24 | Mem:105.50M, Peak:105.50M | Scene, ViewLayer | Updating Meshes Flags
Fra:25 Mem:126.69M (Peak 148.65M) | Time:00:00.24 | Mem:105.50M, Peak:105.50M | Scene, ViewLayer | Updating Objects
Fra:25 Mem:126.69M (Peak 148.65M) | Time:00:00.24 | Mem:105.50M, Peak:105.50M | Scene, ViewLayer | Updating Objects | Copying Transformations to device
Fra:25 Mem:126.69M (Peak 148.65M) | Time:00:00.24 | Mem:105.51M, Peak:105.51M | Scene, ViewLayer | Updating Particle Systems
Fra:25 Mem:126.69M (Peak 148.65M) | Time:00:00.24 | Mem:105.51M, Peak:105.51M | Scene, ViewLayer | Updating Particle Systems | Copying Particles to device
Fra:25 Mem:126.69M (Peak 148.65M) | Time:00:00.24 | Mem:105.51M, Peak:105.51M | Scene, ViewLayer | Updating Meshes
Fra:25 Mem:126.69M (Peak 148.65M) | Time:00:00.24 | Mem:105.51M, Peak:105.51M | Scene, ViewLayer | Updating Objects | Applying Static Transformations
Fra:25 Mem:126.69M (Peak 148.65M) | Time:00:00.24 | Mem:105.51M, Peak:105.51M | Scene, ViewLayer | Updating Mesh | Computing attributes
Fra:25 Mem:126.71M (Peak 148.65M) | Time:00:00.24 | Mem:105.51M, Peak:105.51M | Scene, ViewLayer | Updating Mesh | Copying Attributes to device
Fra:25 Mem:126.70M (Peak 148.65M) | Time:00:00.24 | Mem:105.52M, Peak:105.52M | Scene, ViewLayer | Updating Scene BVH | Building
Fra:25 Mem:126.70M (Peak 148.65M) | Time:00:00.24 | Mem:105.52M, Peak:105.52M | Scene, ViewLayer | Updating Scene BVH | Building BVH
Fra:25 Mem:126.70M (Peak 148.65M) | Time:00:00.24 | Mem:105.53M, Peak:105.53M | Scene, ViewLayer | Updating Scene BVH | Building BVH 0%
Fra:25 Mem:126.70M (Peak 148.65M) | Time:00:00.24 | Mem:105.56M, Peak:105.57M | Scene, ViewLayer | Updating Scene BVH | Copying BVH to device
Fra:25 Mem:126.70M (Peak 148.65M) | Time:00:00.24 | Mem:105.56M, Peak:105.57M | Scene, ViewLayer | Updating Mesh | Computing normals
Fra:25 Mem:126.72M (Peak 148.65M) | Time:00:00.24 | Mem:105.56M, Peak:105.57M | Scene, ViewLayer | Updating Mesh | Copying Mesh to device
Fra:25 Mem:126.72M (Peak 148.65M) | Time:00:00.24 | Mem:105.57M, Peak:105.57M | Scene, ViewLayer | Updating Objects Flags
Fra:25 Mem:126.72M (Peak 148.65M) | Time:00:00.24 | Mem:105.57M, Peak:105.57M | Scene, ViewLayer | Updating Primitive Offsets
Fra:25 Mem:126.72M (Peak 148.65M) | Time:00:00.24 | Mem:105.57M, Peak:105.57M | Scene, ViewLayer | Updating Images
Fra:25 Mem:126.72M (Peak 148.65M) | Time:00:00.24 | Mem:105.57M, Peak:105.57M | Scene, ViewLayer | Updating Camera Volume
Fra:25 Mem:126.72M (Peak 148.65M) | Time:00:00.24 | Mem:105.57M, Peak:105.57M | Scene, ViewLayer | Updating Lookup Tables
Fra:25 Mem:126.72M (Peak 148.65M) | Time:00:00.24 | Mem:105.65M, Peak:105.65M | Scene, ViewLayer | Updating Lights
Fra:25 Mem:126.72M (Peak 148.65M) | Time:00:00.24 | Mem:105.65M, Peak:105.65M | Scene, ViewLayer | Updating Lights | Computing tree
Fra:25 Mem:126.73M (Peak 148.65M) | Time:00:00.25 | Mem:105.66M, Peak:105.66M | Scene, ViewLayer | Updating Integrator
Fra:25 Mem:126.73M (Peak 148.65M) | Time:00:00.25 | Mem:105.66M, Peak:105.66M | Scene, ViewLayer | Updating Film
Fra:25 Mem:126.74M (Peak 148.65M) | Time:00:00.25 | Mem:105.58M, Peak:105.66M | Scene, ViewLayer | Updating Lookup Tables
Fra:25 Mem:126.74M (Peak 148.65M) | Time:00:00.25 | Mem:105.67M, Peak:105.67M | Scene, ViewLayer | Updating Baking
Fra:25 Mem:126.74M (Peak 148.65M) | Time:00:00.25 | Mem:105.67M, Peak:105.67M | Scene, ViewLayer | Updating Device | Writing constant memory
Fra:25 Mem:126.74M (Peak 148.65M) | Time:00:00.25 | Mem:105.67M, Peak:105.67M | Scene, ViewLayer | Sample 0/16
Fra:25 Mem:132.94M (Peak 148.65M) | Time:00:00.61 | Remaining:00:05.48 | Mem:111.86M, Peak:111.86M | Scene, ViewLayer | Sample 1/16
Fra:25 Mem:135.69M (Peak 148.65M) | Time:00:05.98 | Mem:111.86M, Peak:111.86M | Scene, ViewLayer | Sample 16/16
Fra:25 Mem:135.69M (Peak 148.65M) | Time:00:05.98 | Mem:111.86M, Peak:111.86M | Scene, ViewLayer | Finished
Fra:25 Mem:23.76M (Peak 148.65M) | Time:00:05.98 | Compositing
Saved: 'work/preview-frames/mj/frame_0025.png'
Time: 00:06.07 (Saving: 00:00.03)

Fra:26 Mem:22.05M (Peak 22.05M) | Time:00:00.00 | Mem:0.00M, Peak:0.00M | Scene, ViewLayer | Synchronizing object | 柔光主灯
Fra:26 Mem:22.06M (Peak 22.06M) | Time:00:00.00 | Mem:0.00M, Peak:0.00M | Scene, ViewLayer | Synchronizing object | 正面均匀补光
Fra:26 Mem:22.06M (Peak 22.06M) | Time:00:00.00 | Mem:0.00M, Peak:0.00M | Scene, ViewLayer | Synchronizing object | 顶部金光
Fra:26 Mem:22.06M (Peak 22.06M) | Time:00:00.00 | Mem:0.00M, Peak:0.00M | Scene, ViewLayer | Synchronizing object | 主体平面 · 完整视差合成
Fra:26 Mem:22.06M (Peak 22.06M) | Time:00:00.00 | Mem:0.00M, Peak:0.00M | Scene, ViewLayer | Synchronizing object | 内圈 · 古金细边
Fra:26 Mem:22.08M (Peak 22.08M) | Time:00:00.00 | Mem:0.00M, Peak:0.00M | Scene, ViewLayer | Synchronizing object | 文字平面 · Alpha PNG
Fra:26 Mem:22.08M (Peak 22.08M) | Time:00:00.00 | Mem:0.00M, Peak:0.00M | Scene, ViewLayer | Synchronizing object | 外圈 · 全息压边
Fra:26 Mem:22.09M (Peak 22.09M) | Time:00:00.00 | Mem:0.00M, Peak:0.00M | Scene, ViewLayer | Initializing
Fra:26 Mem:22.07M (Peak 22.09M) | Time:00:00.00 | Mem:0.00M, Peak:0.00M | Scene, ViewLayer | Updating Images | Loading text.png
Fra:26 Mem:22.07M (Peak 22.09M) | Time:00:00.00 | Mem:0.00M, Peak:0.00M | Scene, ViewLayer | Updating Images | Loading subject.png
Fra:26 Mem:85.37M (Peak 106.46M) | Time:00:00.10 | Mem:21.09M, Peak:21.09M | Scene, ViewLayer | Updating Images | Loading lineart.png
Fra:26 Mem:85.36M (Peak 106.47M) | Time:00:00.12 | Mem:42.19M, Peak:42.19M | Scene, ViewLayer | Updating Images | Loading background.png
Fra:26 Mem:126.57M (Peak 148.65M) | Time:00:00.25 | Mem:105.47M, Peak:105.47M | Scene, ViewLayer | Waiting for render to start
Fra:26 Mem:126.57M (Peak 148.65M) | Time:00:00.25 | Mem:105.47M, Peak:105.47M | Scene, ViewLayer | Updating Scene
Fra:26 Mem:126.57M (Peak 148.65M) | Time:00:00.25 | Mem:105.47M, Peak:105.47M | Scene, ViewLayer | Updating Shaders
Fra:26 Mem:126.57M (Peak 148.65M) | Time:00:00.25 | Mem:105.47M, Peak:105.47M | Scene, ViewLayer | Loading render kernels (may take a few minutes the first time)
Fra:26 Mem:126.69M (Peak 148.65M) | Time:00:00.25 | Mem:105.50M, Peak:105.50M | Scene, ViewLayer | Updating Procedurals
Fra:26 Mem:126.69M (Peak 148.65M) | Time:00:00.25 | Mem:105.50M, Peak:105.50M | Scene, ViewLayer | Updating Background
Fra:26 Mem:126.69M (Peak 148.65M) | Time:00:00.25 | Mem:105.50M, Peak:105.50M | Scene, ViewLayer | Updating Camera
Fra:26 Mem:126.69M (Peak 148.65M) | Time:00:00.25 | Mem:105.50M, Peak:105.50M | Scene, ViewLayer | Updating Meshes Flags
Fra:26 Mem:126.69M (Peak 148.65M) | Time:00:00.25 | Mem:105.50M, Peak:105.50M | Scene, ViewLayer | Updating Objects
Fra:26 Mem:126.69M (Peak 148.65M) | Time:00:00.25 | Mem:105.50M, Peak:105.50M | Scene, ViewLayer | Updating Objects | Copying Transformations to device
Fra:26 Mem:126.69M (Peak 148.65M) | Time:00:00.25 | Mem:105.51M, Peak:105.51M | Scene, ViewLayer | Updating Particle Systems
Fra:26 Mem:126.69M (Peak 148.65M) | Time:00:00.25 | Mem:105.51M, Peak:105.51M | Scene, ViewLayer | Updating Particle Systems | Copying Particles to device
Fra:26 Mem:126.69M (Peak 148.65M) | Time:00:00.25 | Mem:105.51M, Peak:105.51M | Scene, ViewLayer | Updating Meshes
Fra:26 Mem:126.69M (Peak 148.65M) | Time:00:00.25 | Mem:105.51M, Peak:105.51M | Scene, ViewLayer | Updating Objects | Applying Static Transformations
Fra:26 Mem:126.69M (Peak 148.65M) | Time:00:00.25 | Mem:105.51M, Peak:105.51M | Scene, ViewLayer | Updating Mesh | Computing attributes
Fra:26 Mem:126.71M (Peak 148.65M) | Time:00:00.25 | Mem:105.51M, Peak:105.51M | Scene, ViewLayer | Updating Mesh | Copying Attributes to device
Fra:26 Mem:126.70M (Peak 148.65M) | Time:00:00.25 | Mem:105.52M, Peak:105.52M | Scene, ViewLayer | Updating Scene BVH | Building
Fra:26 Mem:126.70M (Peak 148.65M) | Time:00:00.25 | Mem:105.52M, Peak:105.52M | Scene, ViewLayer | Updating Scene BVH | Building BVH
Fra:26 Mem:126.70M (Peak 148.65M) | Time:00:00.25 | Mem:105.53M, Peak:105.53M | Scene, ViewLayer | Updating Scene BVH | Building BVH 0%
Fra:26 Mem:126.70M (Peak 148.65M) | Time:00:00.25 | Mem:105.55M, Peak:105.57M | Scene, ViewLayer | Updating Scene BVH | Copying BVH to device
Fra:26 Mem:126.70M (Peak 148.65M) | Time:00:00.25 | Mem:105.55M, Peak:105.57M | Scene, ViewLayer | Updating Mesh | Computing normals
Fra:26 Mem:126.72M (Peak 148.65M) | Time:00:00.25 | Mem:105.55M, Peak:105.57M | Scene, ViewLayer | Updating Mesh | Copying Mesh to device
Fra:26 Mem:126.72M (Peak 148.65M) | Time:00:00.25 | Mem:105.57M, Peak:105.57M | Scene, ViewLayer | Updating Objects Flags
Fra:26 Mem:126.72M (Peak 148.65M) | Time:00:00.25 | Mem:105.57M, Peak:105.57M | Scene, ViewLayer | Updating Primitive Offsets
Fra:26 Mem:126.72M (Peak 148.65M) | Time:00:00.25 | Mem:105.57M, Peak:105.57M | Scene, ViewLayer | Updating Images
Fra:26 Mem:126.72M (Peak 148.65M) | Time:00:00.25 | Mem:105.57M, Peak:105.57M | Scene, ViewLayer | Updating Camera Volume
Fra:26 Mem:126.72M (Peak 148.65M) | Time:00:00.25 | Mem:105.57M, Peak:105.57M | Scene, ViewLayer | Updating Lookup Tables
Fra:26 Mem:126.72M (Peak 148.65M) | Time:00:00.25 | Mem:105.65M, Peak:105.65M | Scene, ViewLayer | Updating Lights
Fra:26 Mem:126.72M (Peak 148.65M) | Time:00:00.25 | Mem:105.65M, Peak:105.65M | Scene, ViewLayer | Updating Lights | Computing tree
Fra:26 Mem:126.73M (Peak 148.65M) | Time:00:00.25 | Mem:105.66M, Peak:105.66M | Scene, ViewLayer | Updating Integrator
Fra:26 Mem:126.73M (Peak 148.65M) | Time:00:00.25 | Mem:105.66M, Peak:105.66M | Scene, ViewLayer | Updating Film
Fra:26 Mem:126.74M (Peak 148.65M) | Time:00:00.25 | Mem:105.58M, Peak:105.66M | Scene, ViewLayer | Updating Lookup Tables
Fra:26 Mem:126.74M (Peak 148.65M) | Time:00:00.25 | Mem:105.67M, Peak:105.67M | Scene, ViewLayer | Updating Baking
Fra:26 Mem:126.74M (Peak 148.65M) | Time:00:00.25 | Mem:105.67M, Peak:105.67M | Scene, ViewLayer | Updating Device | Writing constant memory
Fra:26 Mem:126.74M (Peak 148.65M) | Time:00:00.25 | Mem:105.67M, Peak:105.67M | Scene, ViewLayer | Sample 0/16
Fra:26 Mem:132.94M (Peak 148.65M) | Time:00:00.62 | Remaining:00:05.51 | Mem:111.86M, Peak:111.86M | Scene, ViewLayer | Sample 1/16
Fra:26 Mem:135.69M (Peak 148.65M) | Time:00:06.04 | Mem:111.86M, Peak:111.86M | Scene, ViewLayer | Sample 16/16
Fra:26 Mem:135.69M (Peak 148.65M) | Time:00:06.04 | Mem:111.86M, Peak:111.86M | Scene, ViewLayer | Finished
Fra:26 Mem:23.76M (Peak 148.65M) | Time:00:06.04 | Compositing
Saved: 'work/preview-frames/mj/frame_0026.png'
Time: 00:06.13 (Saving: 00:00.04)

Fra:27 Mem:22.06M (Peak 22.06M) | Time:00:00.00 | Mem:0.00M, Peak:0.00M | Scene, ViewLayer | Synchronizing object | 柔光主灯
Fra:27 Mem:22.06M (Peak 22.06M) | Time:00:00.00 | Mem:0.00M, Peak:0.00M | Scene, ViewLayer | Synchronizing object | 内圈 · 古金细边
Fra:27 Mem:22.06M (Peak 22.06M) | Time:00:00.00 | Mem:0.00M, Peak:0.00M | Scene, ViewLayer | Synchronizing object | 正面均匀补光
Fra:27 Mem:22.06M (Peak 22.06M) | Time:00:00.00 | Mem:0.00M, Peak:0.00M | Scene, ViewLayer | Synchronizing object | 顶部金光
Fra:27 Mem:22.06M (Peak 22.06M) | Time:00:00.00 | Mem:0.00M, Peak:0.00M | Scene, ViewLayer | Synchronizing object | 主体平面 · 完整视差合成
Fra:27 Mem:22.06M (Peak 22.06M) | Time:00:00.00 | Mem:0.00M, Peak:0.00M | Scene, ViewLayer | Synchronizing object | 外圈 · 全息压边
Fra:27 Mem:22.08M (Peak 22.08M) | Time:00:00.00 | Mem:0.00M, Peak:0.00M | Scene, ViewLayer | Synchronizing object | 文字平面 · Alpha PNG
Fra:27 Mem:22.09M (Peak 22.09M) | Time:00:00.00 | Mem:0.00M, Peak:0.00M | Scene, ViewLayer | Initializing
Fra:27 Mem:22.07M (Peak 22.09M) | Time:00:00.00 | Mem:0.00M, Peak:0.00M | Scene, ViewLayer | Updating Images | Loading text.png
Fra:27 Mem:22.07M (Peak 22.09M) | Time:00:00.00 | Mem:0.00M, Peak:0.00M | Scene, ViewLayer | Updating Images | Loading subject.png
Fra:27 Mem:64.27M (Peak 85.36M) | Time:00:00.10 | Mem:21.09M, Peak:21.09M | Scene, ViewLayer | Updating Images | Loading lineart.png
Fra:27 Mem:85.36M (Peak 106.47M) | Time:00:00.12 | Mem:42.19M, Peak:42.19M | Scene, ViewLayer | Updating Images | Loading background.png
Fra:27 Mem:126.57M (Peak 148.65M) | Time:00:00.25 | Mem:105.47M, Peak:105.47M | Scene, ViewLayer | Waiting for render to start
Fra:27 Mem:126.57M (Peak 148.65M) | Time:00:00.25 | Mem:105.47M, Peak:105.47M | Scene, ViewLayer | Updating Scene
Fra:27 Mem:126.57M (Peak 148.65M) | Time:00:00.25 | Mem:105.47M, Peak:105.47M | Scene, ViewLayer | Updating Shaders
Fra:27 Mem:126.57M (Peak 148.65M) | Time:00:00.25 | Mem:105.47M, Peak:105.47M | Scene, ViewLayer | Loading render kernels (may take a few minutes the first time)
Fra:27 Mem:126.69M (Peak 148.65M) | Time:00:00.25 | Mem:105.50M, Peak:105.50M | Scene, ViewLayer | Updating Procedurals
Fra:27 Mem:126.69M (Peak 148.65M) | Time:00:00.25 | Mem:105.50M, Peak:105.50M | Scene, ViewLayer | Updating Background
Fra:27 Mem:126.69M (Peak 148.65M) | Time:00:00.25 | Mem:105.50M, Peak:105.50M | Scene, ViewLayer | Updating Camera
Fra:27 Mem:126.69M (Peak 148.65M) | Time:00:00.25 | Mem:105.50M, Peak:105.50M | Scene, ViewLayer | Updating Meshes Flags
Fra:27 Mem:126.69M (Peak 148.65M) | Time:00:00.25 | Mem:105.50M, Peak:105.50M | Scene, ViewLayer | Updating Objects
Fra:27 Mem:126.69M (Peak 148.65M) | Time:00:00.25 | Mem:105.50M, Peak:105.50M | Scene, ViewLayer | Updating Objects | Copying Transformations to device
Fra:27 Mem:126.69M (Peak 148.65M) | Time:00:00.25 | Mem:105.51M, Peak:105.51M | Scene, ViewLayer | Updating Particle Systems
Fra:27 Mem:126.69M (Peak 148.65M) | Time:00:00.25 | Mem:105.51M, Peak:105.51M | Scene, ViewLayer | Updating Particle Systems | Copying Particles to device
Fra:27 Mem:126.69M (Peak 148.65M) | Time:00:00.25 | Mem:105.51M, Peak:105.51M | Scene, ViewLayer | Updating Meshes
Fra:27 Mem:126.69M (Peak 148.65M) | Time:00:00.25 | Mem:105.51M, Peak:105.51M | Scene, ViewLayer | Updating Objects | Applying Static Transformations
Fra:27 Mem:126.69M (Peak 148.65M) | Time:00:00.25 | Mem:105.51M, Peak:105.51M | Scene, ViewLayer | Updating Mesh | Computing attributes
Fra:27 Mem:126.71M (Peak 148.65M) | Time:00:00.25 | Mem:105.51M, Peak:105.51M | Scene, ViewLayer | Updating Mesh | Copying Attributes to device
Fra:27 Mem:126.70M (Peak 148.65M) | Time:00:00.25 | Mem:105.52M, Peak:105.52M | Scene, ViewLayer | Updating Scene BVH | Building
Fra:27 Mem:126.70M (Peak 148.65M) | Time:00:00.25 | Mem:105.52M, Peak:105.52M | Scene, ViewLayer | Updating Scene BVH | Building BVH
Fra:27 Mem:126.70M (Peak 148.65M) | Time:00:00.25 | Mem:105.53M, Peak:105.53M | Scene, ViewLayer | Updating Scene BVH | Building BVH 0%
Fra:27 Mem:126.70M (Peak 148.65M) | Time:00:00.25 | Mem:105.56M, Peak:105.57M | Scene, ViewLayer | Updating Scene BVH | Copying BVH to device
Fra:27 Mem:126.70M (Peak 148.65M) | Time:00:00.25 | Mem:105.56M, Peak:105.57M | Scene, ViewLayer | Updating Mesh | Computing normals
Fra:27 Mem:126.72M (Peak 148.65M) | Time:00:00.25 | Mem:105.56M, Peak:105.57M | Scene, ViewLayer | Updating Mesh | Copying Mesh to device
Fra:27 Mem:126.72M (Peak 148.65M) | Time:00:00.25 | Mem:105.57M, Peak:105.57M | Scene, ViewLayer | Updating Objects Flags
Fra:27 Mem:126.72M (Peak 148.65M) | Time:00:00.25 | Mem:105.57M, Peak:105.57M | Scene, ViewLayer | Updating Primitive Offsets
Fra:27 Mem:126.72M (Peak 148.65M) | Time:00:00.25 | Mem:105.57M, Peak:105.57M | Scene, ViewLayer | Updating Images
Fra:27 Mem:126.72M (Peak 148.65M) | Time:00:00.25 | Mem:105.57M, Peak:105.57M | Scene, ViewLayer | Updating Camera Volume
Fra:27 Mem:126.72M (Peak 148.65M) | Time:00:00.25 | Mem:105.57M, Peak:105.57M | Scene, ViewLayer | Updating Lookup Tables
Fra:27 Mem:126.72M (Peak 148.65M) | Time:00:00.25 | Mem:105.65M, Peak:105.65M | Scene, ViewLayer | Updating Lights
Fra:27 Mem:126.72M (Peak 148.65M) | Time:00:00.25 | Mem:105.65M, Peak:105.65M | Scene, ViewLayer | Updating Lights | Computing tree
Fra:27 Mem:126.73M (Peak 148.65M) | Time:00:00.25 | Mem:105.66M, Peak:105.66M | Scene, ViewLayer | Updating Integrator
Fra:27 Mem:126.73M (Peak 148.65M) | Time:00:00.25 | Mem:105.66M, Peak:105.66M | Scene, ViewLayer | Updating Film
Fra:27 Mem:126.74M (Peak 148.65M) | Time:00:00.25 | Mem:105.58M, Peak:105.66M | Scene, ViewLayer | Updating Lookup Tables
Fra:27 Mem:126.74M (Peak 148.65M) | Time:00:00.25 | Mem:105.67M, Peak:105.67M | Scene, ViewLayer | Updating Baking
Fra:27 Mem:126.74M (Peak 148.65M) | Time:00:00.25 | Mem:105.67M, Peak:105.67M | Scene, ViewLayer | Updating Device | Writing constant memory
Fra:27 Mem:126.74M (Peak 148.65M) | Time:00:00.25 | Mem:105.67M, Peak:105.67M | Scene, ViewLayer | Sample 0/16
Fra:27 Mem:132.94M (Peak 148.65M) | Time:00:00.61 | Remaining:00:05.42 | Mem:111.86M, Peak:111.86M | Scene, ViewLayer | Sample 1/16
Fra:27 Mem:135.69M (Peak 148.65M) | Time:00:05.95 | Mem:111.86M, Peak:111.86M | Scene, ViewLayer | Sample 16/16
Fra:27 Mem:135.69M (Peak 148.65M) | Time:00:05.95 | Mem:111.86M, Peak:111.86M | Scene, ViewLayer | Finished
Fra:27 Mem:23.76M (Peak 148.65M) | Time:00:05.95 | Compositing
Saved: 'work/preview-frames/mj/frame_0027.png'
Time: 00:06.04 (Saving: 00:00.03)

Fra:28 Mem:22.06M (Peak 22.06M) | Time:00:00.00 | Mem:0.00M, Peak:0.00M | Scene, ViewLayer | Synchronizing object | 柔光主灯
Fra:28 Mem:22.06M (Peak 22.06M) | Time:00:00.00 | Mem:0.00M, Peak:0.00M | Scene, ViewLayer | Synchronizing object | 正面均匀补光
Fra:28 Mem:22.06M (Peak 22.06M) | Time:00:00.00 | Mem:0.00M, Peak:0.00M | Scene, ViewLayer | Synchronizing object | 顶部金光
Fra:28 Mem:22.06M (Peak 22.06M) | Time:00:00.00 | Mem:0.00M, Peak:0.00M | Scene, ViewLayer | Synchronizing object | 主体平面 · 完整视差合成
Fra:28 Mem:22.07M (Peak 22.07M) | Time:00:00.00 | Mem:0.00M, Peak:0.00M | Scene, ViewLayer | Synchronizing object | 外圈 · 全息压边
Fra:28 Mem:22.08M (Peak 22.08M) | Time:00:00.00 | Mem:0.00M, Peak:0.00M | Scene, ViewLayer | Synchronizing object | 文字平面 · Alpha PNG
Fra:28 Mem:22.09M (Peak 22.09M) | Time:00:00.00 | Mem:0.00M, Peak:0.00M | Scene, ViewLayer | Initializing
Fra:28 Mem:22.07M (Peak 22.09M) | Time:00:00.00 | Mem:0.00M, Peak:0.00M | Scene, ViewLayer | Updating Images | Loading text.png
Fra:28 Mem:22.07M (Peak 22.09M) | Time:00:00.00 | Mem:0.00M, Peak:0.00M | Scene, ViewLayer | Updating Images | Loading subject.png
Fra:28 Mem:64.27M (Peak 85.36M) | Time:00:00.09 | Mem:21.09M, Peak:21.09M | Scene, ViewLayer | Updating Images | Loading lineart.png
Fra:28 Mem:85.36M (Peak 106.47M) | Time:00:00.12 | Mem:42.19M, Peak:42.19M | Scene, ViewLayer | Updating Images | Loading background.png
Fra:28 Mem:126.57M (Peak 148.65M) | Time:00:00.25 | Mem:105.47M, Peak:105.47M | Scene, ViewLayer | Waiting for render to start
Fra:28 Mem:126.57M (Peak 148.65M) | Time:00:00.25 | Mem:105.47M, Peak:105.47M | Scene, ViewLayer | Updating Scene
Fra:28 Mem:126.57M (Peak 148.65M) | Time:00:00.25 | Mem:105.47M, Peak:105.47M | Scene, ViewLayer | Updating Shaders
Fra:28 Mem:126.57M (Peak 148.65M) | Time:00:00.25 | Mem:105.47M, Peak:105.47M | Scene, ViewLayer | Loading render kernels (may take a few minutes the first time)
Fra:28 Mem:126.69M (Peak 148.65M) | Time:00:00.25 | Mem:105.50M, Peak:105.50M | Scene, ViewLayer | Updating Procedurals
Fra:28 Mem:126.69M (Peak 148.65M) | Time:00:00.25 | Mem:105.50M, Peak:105.50M | Scene, ViewLayer | Updating Background
Fra:28 Mem:126.69M (Peak 148.65M) | Time:00:00.25 | Mem:105.50M, Peak:105.50M | Scene, ViewLayer | Updating Camera
Fra:28 Mem:126.69M (Peak 148.65M) | Time:00:00.25 | Mem:105.50M, Peak:105.50M | Scene, ViewLayer | Updating Meshes Flags
Fra:28 Mem:126.69M (Peak 148.65M) | Time:00:00.25 | Mem:105.50M, Peak:105.50M | Scene, ViewLayer | Updating Objects
Fra:28 Mem:126.69M (Peak 148.65M) | Time:00:00.25 | Mem:105.50M, Peak:105.50M | Scene, ViewLayer | Updating Objects | Copying Transformations to device
Fra:28 Mem:126.69M (Peak 148.65M) | Time:00:00.25 | Mem:105.51M, Peak:105.51M | Scene, ViewLayer | Updating Particle Systems
Fra:28 Mem:126.69M (Peak 148.65M) | Time:00:00.25 | Mem:105.51M, Peak:105.51M | Scene, ViewLayer | Updating Particle Systems | Copying Particles to device
Fra:28 Mem:126.69M (Peak 148.65M) | Time:00:00.25 | Mem:105.51M, Peak:105.51M | Scene, ViewLayer | Updating Meshes
Fra:28 Mem:126.69M (Peak 148.65M) | Time:00:00.25 | Mem:105.51M, Peak:105.51M | Scene, ViewLayer | Updating Objects | Applying Static Transformations
Fra:28 Mem:126.69M (Peak 148.65M) | Time:00:00.25 | Mem:105.51M, Peak:105.51M | Scene, ViewLayer | Updating Mesh | Computing attributes
Fra:28 Mem:126.71M (Peak 148.65M) | Time:00:00.25 | Mem:105.51M, Peak:105.51M | Scene, ViewLayer | Updating Mesh | Copying Attributes to device
Fra:28 Mem:126.70M (Peak 148.65M) | Time:00:00.25 | Mem:105.52M, Peak:105.52M | Scene, ViewLayer | Updating Scene BVH | Building
Fra:28 Mem:126.71M (Peak 148.65M) | Time:00:00.25 | Mem:105.52M, Peak:105.52M | Scene, ViewLayer | Updating Scene BVH | Building BVH
Fra:28 Mem:126.71M (Peak 148.65M) | Time:00:00.25 | Mem:105.53M, Peak:105.53M | Scene, ViewLayer | Updating Scene BVH | Building BVH 0%
Fra:28 Mem:126.71M (Peak 148.65M) | Time:00:00.25 | Mem:105.56M, Peak:105.57M | Scene, ViewLayer | Updating Scene BVH | Copying BVH to device
Fra:28 Mem:126.71M (Peak 148.65M) | Time:00:00.25 | Mem:105.56M, Peak:105.57M | Scene, ViewLayer | Updating Mesh | Computing normals
Fra:28 Mem:126.72M (Peak 148.65M) | Time:00:00.25 | Mem:105.56M, Peak:105.57M | Scene, ViewLayer | Updating Mesh | Copying Mesh to device
Fra:28 Mem:126.72M (Peak 148.65M) | Time:00:00.25 | Mem:105.57M, Peak:105.57M | Scene, ViewLayer | Updating Objects Flags
Fra:28 Mem:126.72M (Peak 148.65M) | Time:00:00.25 | Mem:105.57M, Peak:105.57M | Scene, ViewLayer | Updating Primitive Offsets
Fra:28 Mem:126.72M (Peak 148.65M) | Time:00:00.25 | Mem:105.57M, Peak:105.57M | Scene, ViewLayer | Updating Images
Fra:28 Mem:126.72M (Peak 148.65M) | Time:00:00.25 | Mem:105.57M, Peak:105.57M | Scene, ViewLayer | Updating Camera Volume
Fra:28 Mem:126.72M (Peak 148.65M) | Time:00:00.25 | Mem:105.57M, Peak:105.57M | Scene, ViewLayer | Updating Lookup Tables
Fra:28 Mem:126.72M (Peak 148.65M) | Time:00:00.25 | Mem:105.65M, Peak:105.65M | Scene, ViewLayer | Updating Lights
Fra:28 Mem:126.72M (Peak 148.65M) | Time:00:00.25 | Mem:105.65M, Peak:105.65M | Scene, ViewLayer | Updating Lights | Computing tree
Fra:28 Mem:126.73M (Peak 148.65M) | Time:00:00.25 | Mem:105.66M, Peak:105.66M | Scene, ViewLayer | Updating Integrator
Fra:28 Mem:126.73M (Peak 148.65M) | Time:00:00.25 | Mem:105.66M, Peak:105.66M | Scene, ViewLayer | Updating Film
Fra:28 Mem:126.74M (Peak 148.65M) | Time:00:00.25 | Mem:105.58M, Peak:105.66M | Scene, ViewLayer | Updating Lookup Tables
Fra:28 Mem:126.74M (Peak 148.65M) | Time:00:00.25 | Mem:105.67M, Peak:105.67M | Scene, ViewLayer | Updating Baking
Fra:28 Mem:126.74M (Peak 148.65M) | Time:00:00.25 | Mem:105.67M, Peak:105.67M | Scene, ViewLayer | Updating Device | Writing constant memory
Fra:28 Mem:126.74M (Peak 148.65M) | Time:00:00.25 | Mem:105.67M, Peak:105.67M | Scene, ViewLayer | Sample 0/16
Fra:28 Mem:132.94M (Peak 148.65M) | Time:00:00.61 | Remaining:00:05.47 | Mem:111.86M, Peak:111.86M | Scene, ViewLayer | Sample 1/16
Fra:28 Mem:135.69M (Peak 148.65M) | Time:00:05.94 | Mem:111.86M, Peak:111.86M | Scene, ViewLayer | Sample 16/16
Fra:28 Mem:135.69M (Peak 148.65M) | Time:00:05.94 | Mem:111.86M, Peak:111.86M | Scene, ViewLayer | Finished
Fra:28 Mem:23.76M (Peak 148.65M) | Time:00:05.94 | Compositing
Saved: 'work/preview-frames/mj/frame_0028.png'
Time: 00:06.03 (Saving: 00:00.03)

Fra:29 Mem:22.06M (Peak 22.06M) | Time:00:00.00 | Mem:0.00M, Peak:0.00M | Scene, ViewLayer | Synchronizing object | 柔光主灯
Fra:29 Mem:22.06M (Peak 22.06M) | Time:00:00.00 | Mem:0.00M, Peak:0.00M | Scene, ViewLayer | Synchronizing object | 内圈 · 古金细边
Fra:29 Mem:22.06M (Peak 22.06M) | Time:00:00.00 | Mem:0.00M, Peak:0.00M | Scene, ViewLayer | Synchronizing object | 正面均匀补光
Fra:29 Mem:22.06M (Peak 22.06M) | Time:00:00.00 | Mem:0.00M, Peak:0.00M | Scene, ViewLayer | Synchronizing object | 顶部金光
Fra:29 Mem:22.06M (Peak 22.06M) | Time:00:00.00 | Mem:0.00M, Peak:0.00M | Scene, ViewLayer | Synchronizing object | 主体平面 · 完整视差合成
Fra:29 Mem:22.06M (Peak 22.06M) | Time:00:00.00 | Mem:0.00M, Peak:0.00M | Scene, ViewLayer | Synchronizing object | 外圈 · 全息压边
Fra:29 Mem:22.08M (Peak 22.08M) | Time:00:00.00 | Mem:0.00M, Peak:0.00M | Scene, ViewLayer | Synchronizing object | 文字平面 · Alpha PNG
Fra:29 Mem:22.09M (Peak 22.09M) | Time:00:00.00 | Mem:0.00M, Peak:0.00M | Scene, ViewLayer | Initializing
Fra:29 Mem:22.07M (Peak 22.09M) | Time:00:00.00 | Mem:0.00M, Peak:0.00M | Scene, ViewLayer | Updating Images | Loading text.png
Fra:29 Mem:22.07M (Peak 22.09M) | Time:00:00.00 | Mem:0.00M, Peak:0.00M | Scene, ViewLayer | Updating Images | Loading subject.png
Fra:29 Mem:85.37M (Peak 85.37M) | Time:00:00.10 | Mem:21.09M, Peak:21.09M | Scene, ViewLayer | Updating Images | Loading lineart.png
Fra:29 Mem:85.36M (Peak 106.47M) | Time:00:00.12 | Mem:42.19M, Peak:42.19M | Scene, ViewLayer | Updating Images | Loading background.png
Fra:29 Mem:126.57M (Peak 148.65M) | Time:00:00.25 | Mem:105.47M, Peak:105.47M | Scene, ViewLayer | Waiting for render to start
Fra:29 Mem:126.57M (Peak 148.65M) | Time:00:00.25 | Mem:105.47M, Peak:105.47M | Scene, ViewLayer | Updating Scene
Fra:29 Mem:126.57M (Peak 148.65M) | Time:00:00.25 | Mem:105.47M, Peak:105.47M | Scene, ViewLayer | Updating Shaders
Fra:29 Mem:126.57M (Peak 148.65M) | Time:00:00.25 | Mem:105.47M, Peak:105.47M | Scene, ViewLayer | Loading render kernels (may take a few minutes the first time)
Fra:29 Mem:126.69M (Peak 148.65M) | Time:00:00.25 | Mem:105.50M, Peak:105.50M | Scene, ViewLayer | Updating Procedurals
Fra:29 Mem:126.69M (Peak 148.65M) | Time:00:00.25 | Mem:105.50M, Peak:105.50M | Scene, ViewLayer | Updating Background
Fra:29 Mem:126.69M (Peak 148.65M) | Time:00:00.25 | Mem:105.50M, Peak:105.50M | Scene, ViewLayer | Updating Camera
Fra:29 Mem:126.69M (Peak 148.65M) | Time:00:00.25 | Mem:105.50M, Peak:105.50M | Scene, ViewLayer | Updating Meshes Flags
Fra:29 Mem:126.69M (Peak 148.65M) | Time:00:00.25 | Mem:105.50M, Peak:105.50M | Scene, ViewLayer | Updating Objects
Fra:29 Mem:126.69M (Peak 148.65M) | Time:00:00.25 | Mem:105.50M, Peak:105.50M | Scene, ViewLayer | Updating Objects | Copying Transformations to device
Fra:29 Mem:126.69M (Peak 148.65M) | Time:00:00.25 | Mem:105.51M, Peak:105.51M | Scene, ViewLayer | Updating Particle Systems
Fra:29 Mem:126.69M (Peak 148.65M) | Time:00:00.25 | Mem:105.51M, Peak:105.51M | Scene, ViewLayer | Updating Particle Systems | Copying Particles to device
Fra:29 Mem:126.69M (Peak 148.65M) | Time:00:00.25 | Mem:105.51M, Peak:105.51M | Scene, ViewLayer | Updating Meshes
Fra:29 Mem:126.69M (Peak 148.65M) | Time:00:00.25 | Mem:105.51M, Peak:105.51M | Scene, ViewLayer | Updating Objects | Applying Static Transformations
Fra:29 Mem:126.69M (Peak 148.65M) | Time:00:00.25 | Mem:105.51M, Peak:105.51M | Scene, ViewLayer | Updating Mesh | Computing attributes
Fra:29 Mem:126.71M (Peak 148.65M) | Time:00:00.25 | Mem:105.51M, Peak:105.51M | Scene, ViewLayer | Updating Mesh | Copying Attributes to device
Fra:29 Mem:126.71M (Peak 148.65M) | Time:00:00.25 | Mem:105.52M, Peak:105.52M | Scene, ViewLayer | Updating Scene BVH | Building
Fra:29 Mem:126.71M (Peak 148.65M) | Time:00:00.25 | Mem:105.52M, Peak:105.52M | Scene, ViewLayer | Updating Scene BVH | Building BVH
Fra:29 Mem:126.71M (Peak 148.65M) | Time:00:00.25 | Mem:105.53M, Peak:105.53M | Scene, ViewLayer | Updating Scene BVH | Building BVH 0%
Fra:29 Mem:126.71M (Peak 148.65M) | Time:00:00.25 | Mem:105.56M, Peak:105.57M | Scene, ViewLayer | Updating Scene BVH | Copying BVH to device
Fra:29 Mem:126.71M (Peak 148.65M) | Time:00:00.25 | Mem:105.56M, Peak:105.57M | Scene, ViewLayer | Updating Mesh | Computing normals
Fra:29 Mem:126.72M (Peak 148.65M) | Time:00:00.25 | Mem:105.56M, Peak:105.57M | Scene, ViewLayer | Updating Mesh | Copying Mesh to device
Fra:29 Mem:126.72M (Peak 148.65M) | Time:00:00.25 | Mem:105.57M, Peak:105.57M | Scene, ViewLayer | Updating Objects Flags
Fra:29 Mem:126.72M (Peak 148.65M) | Time:00:00.25 | Mem:105.57M, Peak:105.57M | Scene, ViewLayer | Updating Primitive Offsets
Fra:29 Mem:126.72M (Peak 148.65M) | Time:00:00.25 | Mem:105.57M, Peak:105.57M | Scene, ViewLayer | Updating Images
Fra:29 Mem:126.72M (Peak 148.65M) | Time:00:00.25 | Mem:105.57M, Peak:105.57M | Scene, ViewLayer | Updating Camera Volume
Fra:29 Mem:126.72M (Peak 148.65M) | Time:00:00.25 | Mem:105.57M, Peak:105.57M | Scene, ViewLayer | Updating Lookup Tables
Fra:29 Mem:126.72M (Peak 148.65M) | Time:00:00.25 | Mem:105.65M, Peak:105.65M | Scene, ViewLayer | Updating Lights
Fra:29 Mem:126.72M (Peak 148.65M) | Time:00:00.25 | Mem:105.65M, Peak:105.65M | Scene, ViewLayer | Updating Lights | Computing tree
Fra:29 Mem:126.73M (Peak 148.65M) | Time:00:00.25 | Mem:105.66M, Peak:105.66M | Scene, ViewLayer | Updating Integrator
Fra:29 Mem:126.73M (Peak 148.65M) | Time:00:00.25 | Mem:105.66M, Peak:105.66M | Scene, ViewLayer | Updating Film
Fra:29 Mem:126.74M (Peak 148.65M) | Time:00:00.25 | Mem:105.58M, Peak:105.66M | Scene, ViewLayer | Updating Lookup Tables
Fra:29 Mem:126.74M (Peak 148.65M) | Time:00:00.25 | Mem:105.67M, Peak:105.67M | Scene, ViewLayer | Updating Baking
Fra:29 Mem:126.74M (Peak 148.65M) | Time:00:00.25 | Mem:105.67M, Peak:105.67M | Scene, ViewLayer | Updating Device | Writing constant memory
Fra:29 Mem:126.74M (Peak 148.65M) | Time:00:00.25 | Mem:105.67M, Peak:105.67M | Scene, ViewLayer | Sample 0/16
Fra:29 Mem:132.94M (Peak 148.65M) | Time:00:00.61 | Remaining:00:05.43 | Mem:111.86M, Peak:111.86M | Scene, ViewLayer | Sample 1/16
Fra:29 Mem:135.69M (Peak 148.65M) | Time:00:05.88 | Mem:111.86M, Peak:111.86M | Scene, ViewLayer | Sample 16/16
Fra:29 Mem:135.69M (Peak 148.65M) | Time:00:05.88 | Mem:111.86M, Peak:111.86M | Scene, ViewLayer | Finished
Fra:29 Mem:23.76M (Peak 148.65M) | Time:00:05.89 | Compositing
Saved: 'work/preview-frames/mj/frame_0029.png'
Time: 00:05.97 (Saving: 00:00.03)

Fra:30 Mem:22.06M (Peak 22.06M) | Time:00:00.00 | Mem:0.00M, Peak:0.00M | Scene, ViewLayer | Synchronizing object | 柔光主灯
Fra:30 Mem:22.06M (Peak 22.06M) | Time:00:00.00 | Mem:0.00M, Peak:0.00M | Scene, ViewLayer | Synchronizing object | 内圈 · 古金细边
Fra:30 Mem:22.06M (Peak 22.06M) | Time:00:00.00 | Mem:0.00M, Peak:0.00M | Scene, ViewLayer | Synchronizing object | 正面均匀补光
Fra:30 Mem:22.06M (Peak 22.06M) | Time:00:00.00 | Mem:0.00M, Peak:0.00M | Scene, ViewLayer | Synchronizing object | 顶部金光
Fra:30 Mem:22.06M (Peak 22.06M) | Time:00:00.00 | Mem:0.00M, Peak:0.00M | Scene, ViewLayer | Synchronizing object | 主体平面 · 完整视差合成
Fra:30 Mem:22.06M (Peak 22.06M) | Time:00:00.00 | Mem:0.00M, Peak:0.00M | Scene, ViewLayer | Synchronizing object | 外圈 · 全息压边
Fra:30 Mem:22.08M (Peak 22.08M) | Time:00:00.00 | Mem:0.00M, Peak:0.00M | Scene, ViewLayer | Synchronizing object | 文字平面 · Alpha PNG
Fra:30 Mem:22.09M (Peak 22.09M) | Time:00:00.00 | Mem:0.00M, Peak:0.00M | Scene, ViewLayer | Initializing
Fra:30 Mem:22.07M (Peak 22.09M) | Time:00:00.00 | Mem:0.00M, Peak:0.00M | Scene, ViewLayer | Updating Images | Loading text.png
Fra:30 Mem:22.07M (Peak 22.09M) | Time:00:00.00 | Mem:0.00M, Peak:0.00M | Scene, ViewLayer | Updating Images | Loading subject.png
Fra:30 Mem:64.27M (Peak 85.36M) | Time:00:00.09 | Mem:21.09M, Peak:21.09M | Scene, ViewLayer | Updating Images | Loading lineart.png
Fra:30 Mem:85.36M (Peak 106.47M) | Time:00:00.12 | Mem:42.19M, Peak:42.19M | Scene, ViewLayer | Updating Images | Loading background.png
Fra:30 Mem:126.57M (Peak 148.65M) | Time:00:00.25 | Mem:105.47M, Peak:105.47M | Scene, ViewLayer | Waiting for render to start
Fra:30 Mem:126.57M (Peak 148.65M) | Time:00:00.25 | Mem:105.47M, Peak:105.47M | Scene, ViewLayer | Updating Scene
Fra:30 Mem:126.57M (Peak 148.65M) | Time:00:00.25 | Mem:105.47M, Peak:105.47M | Scene, ViewLayer | Updating Shaders
Fra:30 Mem:126.57M (Peak 148.65M) | Time:00:00.25 | Mem:105.47M, Peak:105.47M | Scene, ViewLayer | Loading render kernels (may take a few minutes the first time)
Fra:30 Mem:126.69M (Peak 148.65M) | Time:00:00.25 | Mem:105.50M, Peak:105.50M | Scene, ViewLayer | Updating Procedurals
Fra:30 Mem:126.69M (Peak 148.65M) | Time:00:00.25 | Mem:105.50M, Peak:105.50M | Scene, ViewLayer | Updating Background
Fra:30 Mem:126.69M (Peak 148.65M) | Time:00:00.25 | Mem:105.50M, Peak:105.50M | Scene, ViewLayer | Updating Camera
Fra:30 Mem:126.69M (Peak 148.65M) | Time:00:00.25 | Mem:105.50M, Peak:105.50M | Scene, ViewLayer | Updating Meshes Flags
Fra:30 Mem:126.69M (Peak 148.65M) | Time:00:00.25 | Mem:105.50M, Peak:105.50M | Scene, ViewLayer | Updating Objects
Fra:30 Mem:126.69M (Peak 148.65M) | Time:00:00.25 | Mem:105.50M, Peak:105.50M | Scene, ViewLayer | Updating Objects | Copying Transformations to device
Fra:30 Mem:126.69M (Peak 148.65M) | Time:00:00.25 | Mem:105.51M, Peak:105.51M | Scene, ViewLayer | Updating Particle Systems
Fra:30 Mem:126.69M (Peak 148.65M) | Time:00:00.25 | Mem:105.51M, Peak:105.51M | Scene, ViewLayer | Updating Particle Systems | Copying Particles to device
Fra:30 Mem:126.69M (Peak 148.65M) | Time:00:00.25 | Mem:105.51M, Peak:105.51M | Scene, ViewLayer | Updating Meshes
Fra:30 Mem:126.69M (Peak 148.65M) | Time:00:00.25 | Mem:105.51M, Peak:105.51M | Scene, ViewLayer | Updating Objects | Applying Static Transformations
Fra:30 Mem:126.69M (Peak 148.65M) | Time:00:00.25 | Mem:105.51M, Peak:105.51M | Scene, ViewLayer | Updating Mesh | Computing attributes
Fra:30 Mem:126.71M (Peak 148.65M) | Time:00:00.25 | Mem:105.51M, Peak:105.51M | Scene, ViewLayer | Updating Mesh | Copying Attributes to device
Fra:30 Mem:126.71M (Peak 148.65M) | Time:00:00.25 | Mem:105.52M, Peak:105.52M | Scene, ViewLayer | Updating Scene BVH | Building
Fra:30 Mem:126.71M (Peak 148.65M) | Time:00:00.25 | Mem:105.52M, Peak:105.52M | Scene, ViewLayer | Updating Scene BVH | Building BVH
Fra:30 Mem:126.71M (Peak 148.65M) | Time:00:00.25 | Mem:105.53M, Peak:105.53M | Scene, ViewLayer | Updating Scene BVH | Building BVH 0%
Fra:30 Mem:126.71M (Peak 148.65M) | Time:00:00.25 | Mem:105.56M, Peak:105.57M | Scene, ViewLayer | Updating Scene BVH | Copying BVH to device
Fra:30 Mem:126.71M (Peak 148.65M) | Time:00:00.25 | Mem:105.56M, Peak:105.57M | Scene, ViewLayer | Updating Mesh | Computing normals
Fra:30 Mem:126.72M (Peak 148.65M) | Time:00:00.25 | Mem:105.56M, Peak:105.57M | Scene, ViewLayer | Updating Mesh | Copying Mesh to device
Fra:30 Mem:126.72M (Peak 148.65M) | Time:00:00.25 | Mem:105.57M, Peak:105.57M | Scene, ViewLayer | Updating Objects Flags
Fra:30 Mem:126.72M (Peak 148.65M) | Time:00:00.25 | Mem:105.57M, Peak:105.57M | Scene, ViewLayer | Updating Primitive Offsets
Fra:30 Mem:126.72M (Peak 148.65M) | Time:00:00.25 | Mem:105.57M, Peak:105.57M | Scene, ViewLayer | Updating Images
Fra:30 Mem:126.72M (Peak 148.65M) | Time:00:00.25 | Mem:105.57M, Peak:105.57M | Scene, ViewLayer | Updating Camera Volume
Fra:30 Mem:126.72M (Peak 148.65M) | Time:00:00.25 | Mem:105.57M, Peak:105.57M | Scene, ViewLayer | Updating Lookup Tables
Fra:30 Mem:126.72M (Peak 148.65M) | Time:00:00.25 | Mem:105.66M, Peak:105.66M | Scene, ViewLayer | Updating Lights
Fra:30 Mem:126.72M (Peak 148.65M) | Time:00:00.25 | Mem:105.66M, Peak:105.66M | Scene, ViewLayer | Updating Lights | Computing tree
Fra:30 Mem:126.73M (Peak 148.65M) | Time:00:00.26 | Mem:105.67M, Peak:105.67M | Scene, ViewLayer | Updating Integrator
Fra:30 Mem:126.73M (Peak 148.65M) | Time:00:00.26 | Mem:105.67M, Peak:105.67M | Scene, ViewLayer | Updating Film
Fra:30 Mem:126.74M (Peak 148.65M) | Time:00:00.26 | Mem:105.59M, Peak:105.67M | Scene, ViewLayer | Updating Lookup Tables
Fra:30 Mem:126.74M (Peak 148.65M) | Time:00:00.26 | Mem:105.67M, Peak:105.67M | Scene, ViewLayer | Updating Baking
Fra:30 Mem:126.74M (Peak 148.65M) | Time:00:00.26 | Mem:105.67M, Peak:105.67M | Scene, ViewLayer | Updating Device | Writing constant memory
Fra:30 Mem:126.74M (Peak 148.65M) | Time:00:00.26 | Mem:105.67M, Peak:105.67M | Scene, ViewLayer | Sample 0/16
Fra:30 Mem:132.94M (Peak 148.65M) | Time:00:00.62 | Remaining:00:05.41 | Mem:111.86M, Peak:111.86M | Scene, ViewLayer | Sample 1/16
Fra:30 Mem:135.69M (Peak 148.65M) | Time:00:05.89 | Mem:111.86M, Peak:111.86M | Scene, ViewLayer | Sample 16/16
Fra:30 Mem:135.69M (Peak 148.65M) | Time:00:05.89 | Mem:111.86M, Peak:111.86M | Scene, ViewLayer | Finished
Fra:30 Mem:23.76M (Peak 148.65M) | Time:00:05.89 | Compositing
Saved: 'work/preview-frames/mj/frame_0030.png'
Time: 00:05.98 (Saving: 00:00.03)

Fra:31 Mem:22.06M (Peak 22.06M) | Time:00:00.00 | Mem:0.00M, Peak:0.00M | Scene, ViewLayer | Synchronizing object | 柔光主灯
Fra:31 Mem:22.06M (Peak 22.06M) | Time:00:00.00 | Mem:0.00M, Peak:0.00M | Scene, ViewLayer | Synchronizing object | 内圈 · 古金细边
Fra:31 Mem:22.06M (Peak 22.06M) | Time:00:00.00 | Mem:0.00M, Peak:0.00M | Scene, ViewLayer | Synchronizing object | 正面均匀补光
Fra:31 Mem:22.06M (Peak 22.06M) | Time:00:00.00 | Mem:0.00M, Peak:0.00M | Scene, ViewLayer | Synchronizing object | 顶部金光
Fra:31 Mem:22.06M (Peak 22.06M) | Time:00:00.00 | Mem:0.00M, Peak:0.00M | Scene, ViewLayer | Synchronizing object | 主体平面 · 完整视差合成
Fra:31 Mem:22.06M (Peak 22.06M) | Time:00:00.00 | Mem:0.00M, Peak:0.00M | Scene, ViewLayer | Synchronizing object | 外圈 · 全息压边
Fra:31 Mem:22.08M (Peak 22.08M) | Time:00:00.00 | Mem:0.00M, Peak:0.00M | Scene, ViewLayer | Synchronizing object | 文字平面 · Alpha PNG
Fra:31 Mem:22.09M (Peak 22.09M) | Time:00:00.00 | Mem:0.00M, Peak:0.00M | Scene, ViewLayer | Initializing
Fra:31 Mem:22.07M (Peak 22.09M) | Time:00:00.00 | Mem:0.00M, Peak:0.00M | Scene, ViewLayer | Updating Images | Loading text.png
Fra:31 Mem:22.07M (Peak 22.09M) | Time:00:00.00 | Mem:0.00M, Peak:0.00M | Scene, ViewLayer | Updating Images | Loading subject.png
Fra:31 Mem:85.37M (Peak 85.37M) | Time:00:00.10 | Mem:21.09M, Peak:21.09M | Scene, ViewLayer | Updating Images | Loading lineart.png
Fra:31 Mem:85.36M (Peak 106.47M) | Time:00:00.12 | Mem:42.19M, Peak:42.19M | Scene, ViewLayer | Updating Images | Loading background.png
Fra:31 Mem:126.57M (Peak 148.65M) | Time:00:00.25 | Mem:105.47M, Peak:105.47M | Scene, ViewLayer | Waiting for render to start
Fra:31 Mem:126.57M (Peak 148.65M) | Time:00:00.25 | Mem:105.47M, Peak:105.47M | Scene, ViewLayer | Updating Scene
Fra:31 Mem:126.57M (Peak 148.65M) | Time:00:00.25 | Mem:105.47M, Peak:105.47M | Scene, ViewLayer | Updating Shaders
Fra:31 Mem:126.57M (Peak 148.65M) | Time:00:00.25 | Mem:105.47M, Peak:105.47M | Scene, ViewLayer | Loading render kernels (may take a few minutes the first time)
Fra:31 Mem:126.69M (Peak 148.65M) | Time:00:00.25 | Mem:105.50M, Peak:105.50M | Scene, ViewLayer | Updating Procedurals
Fra:31 Mem:126.69M (Peak 148.65M) | Time:00:00.25 | Mem:105.50M, Peak:105.50M | Scene, ViewLayer | Updating Background
Fra:31 Mem:126.69M (Peak 148.65M) | Time:00:00.25 | Mem:105.50M, Peak:105.50M | Scene, ViewLayer | Updating Camera
Fra:31 Mem:126.69M (Peak 148.65M) | Time:00:00.25 | Mem:105.50M, Peak:105.50M | Scene, ViewLayer | Updating Meshes Flags
Fra:31 Mem:126.69M (Peak 148.65M) | Time:00:00.25 | Mem:105.50M, Peak:105.50M | Scene, ViewLayer | Updating Objects
Fra:31 Mem:126.69M (Peak 148.65M) | Time:00:00.25 | Mem:105.50M, Peak:105.50M | Scene, ViewLayer | Updating Objects | Copying Transformations to device
Fra:31 Mem:126.69M (Peak 148.65M) | Time:00:00.25 | Mem:105.51M, Peak:105.51M | Scene, ViewLayer | Updating Particle Systems
Fra:31 Mem:126.69M (Peak 148.65M) | Time:00:00.25 | Mem:105.51M, Peak:105.51M | Scene, ViewLayer | Updating Particle Systems | Copying Particles to device
Fra:31 Mem:126.69M (Peak 148.65M) | Time:00:00.25 | Mem:105.51M, Peak:105.51M | Scene, ViewLayer | Updating Meshes
Fra:31 Mem:126.69M (Peak 148.65M) | Time:00:00.25 | Mem:105.51M, Peak:105.51M | Scene, ViewLayer | Updating Objects | Applying Static Transformations
Fra:31 Mem:126.69M (Peak 148.65M) | Time:00:00.25 | Mem:105.51M, Peak:105.51M | Scene, ViewLayer | Updating Mesh | Computing attributes
Fra:31 Mem:126.71M (Peak 148.65M) | Time:00:00.25 | Mem:105.51M, Peak:105.51M | Scene, ViewLayer | Updating Mesh | Copying Attributes to device
Fra:31 Mem:126.71M (Peak 148.65M) | Time:00:00.25 | Mem:105.52M, Peak:105.52M | Scene, ViewLayer | Updating Scene BVH | Building
Fra:31 Mem:126.71M (Peak 148.65M) | Time:00:00.25 | Mem:105.52M, Peak:105.52M | Scene, ViewLayer | Updating Scene BVH | Building BVH
Fra:31 Mem:126.71M (Peak 148.65M) | Time:00:00.25 | Mem:105.53M, Peak:105.53M | Scene, ViewLayer | Updating Scene BVH | Building BVH 0%
Fra:31 Mem:126.71M (Peak 148.65M) | Time:00:00.25 | Mem:105.56M, Peak:105.57M | Scene, ViewLayer | Updating Scene BVH | Copying BVH to device
Fra:31 Mem:126.71M (Peak 148.65M) | Time:00:00.25 | Mem:105.56M, Peak:105.57M | Scene, ViewLayer | Updating Mesh | Computing normals
Fra:31 Mem:126.72M (Peak 148.65M) | Time:00:00.25 | Mem:105.56M, Peak:105.57M | Scene, ViewLayer | Updating Mesh | Copying Mesh to device
Fra:31 Mem:126.72M (Peak 148.65M) | Time:00:00.25 | Mem:105.57M, Peak:105.57M | Scene, ViewLayer | Updating Objects Flags
Fra:31 Mem:126.72M (Peak 148.65M) | Time:00:00.25 | Mem:105.57M, Peak:105.57M | Scene, ViewLayer | Updating Primitive Offsets
Fra:31 Mem:126.72M (Peak 148.65M) | Time:00:00.25 | Mem:105.57M, Peak:105.57M | Scene, ViewLayer | Updating Images
Fra:31 Mem:126.72M (Peak 148.65M) | Time:00:00.25 | Mem:105.57M, Peak:105.57M | Scene, ViewLayer | Updating Camera Volume
Fra:31 Mem:126.72M (Peak 148.65M) | Time:00:00.25 | Mem:105.57M, Peak:105.57M | Scene, ViewLayer | Updating Lookup Tables
Fra:31 Mem:126.72M (Peak 148.65M) | Time:00:00.25 | Mem:105.65M, Peak:105.65M | Scene, ViewLayer | Updating Lights
Fra:31 Mem:126.72M (Peak 148.65M) | Time:00:00.25 | Mem:105.65M, Peak:105.65M | Scene, ViewLayer | Updating Lights | Computing tree
Fra:31 Mem:126.73M (Peak 148.65M) | Time:00:00.25 | Mem:105.66M, Peak:105.66M | Scene, ViewLayer | Updating Integrator
Fra:31 Mem:126.73M (Peak 148.65M) | Time:00:00.25 | Mem:105.66M, Peak:105.66M | Scene, ViewLayer | Updating Film
Fra:31 Mem:126.74M (Peak 148.65M) | Time:00:00.25 | Mem:105.58M, Peak:105.66M | Scene, ViewLayer | Updating Lookup Tables
Fra:31 Mem:126.74M (Peak 148.65M) | Time:00:00.25 | Mem:105.67M, Peak:105.67M | Scene, ViewLayer | Updating Baking
Fra:31 Mem:126.74M (Peak 148.65M) | Time:00:00.25 | Mem:105.67M, Peak:105.67M | Scene, ViewLayer | Updating Device | Writing constant memory
Fra:31 Mem:126.74M (Peak 148.65M) | Time:00:00.25 | Mem:105.67M, Peak:105.67M | Scene, ViewLayer | Sample 0/16
Fra:31 Mem:132.94M (Peak 148.65M) | Time:00:00.61 | Remaining:00:05.47 | Mem:111.86M, Peak:111.86M | Scene, ViewLayer | Sample 1/16
Fra:31 Mem:135.69M (Peak 148.65M) | Time:00:05.94 | Mem:111.86M, Peak:111.86M | Scene, ViewLayer | Sample 16/16
Fra:31 Mem:135.69M (Peak 148.65M) | Time:00:05.94 | Mem:111.86M, Peak:111.86M | Scene, ViewLayer | Finished
Fra:31 Mem:23.76M (Peak 148.65M) | Time:00:05.94 | Compositing
Saved: 'work/preview-frames/mj/frame_0031.png'
Time: 00:06.10 (Saving: 00:00.10)

Fra:32 Mem:22.06M (Peak 22.06M) | Time:00:00.00 | Mem:0.00M, Peak:0.00M | Scene, ViewLayer | Synchronizing object | 柔光主灯
Fra:32 Mem:22.06M (Peak 22.06M) | Time:00:00.00 | Mem:0.00M, Peak:0.00M | Scene, ViewLayer | Synchronizing object | 内圈 · 古金细边
Fra:32 Mem:22.06M (Peak 22.06M) | Time:00:00.00 | Mem:0.00M, Peak:0.00M | Scene, ViewLayer | Synchronizing object | 正面均匀补光
Fra:32 Mem:22.06M (Peak 22.06M) | Time:00:00.00 | Mem:0.00M, Peak:0.00M | Scene, ViewLayer | Synchronizing object | 顶部金光
Fra:32 Mem:22.06M (Peak 22.06M) | Time:00:00.00 | Mem:0.00M, Peak:0.00M | Scene, ViewLayer | Synchronizing object | 主体平面 · 完整视差合成
Fra:32 Mem:22.06M (Peak 22.06M) | Time:00:00.00 | Mem:0.00M, Peak:0.00M | Scene, ViewLayer | Synchronizing object | 外圈 · 全息压边
Fra:32 Mem:22.08M (Peak 22.08M) | Time:00:00.00 | Mem:0.00M, Peak:0.00M | Scene, ViewLayer | Synchronizing object | 文字平面 · Alpha PNG
Fra:32 Mem:22.09M (Peak 22.09M) | Time:00:00.00 | Mem:0.00M, Peak:0.00M | Scene, ViewLayer | Initializing
Fra:32 Mem:22.07M (Peak 22.09M) | Time:00:00.00 | Mem:0.00M, Peak:0.00M | Scene, ViewLayer | Updating Images | Loading text.png
Fra:32 Mem:22.07M (Peak 22.09M) | Time:00:00.00 | Mem:0.00M, Peak:0.00M | Scene, ViewLayer | Updating Images | Loading subject.png
Fra:32 Mem:64.27M (Peak 85.36M) | Time:00:00.09 | Mem:21.09M, Peak:21.09M | Scene, ViewLayer | Updating Images | Loading lineart.png
Fra:32 Mem:85.36M (Peak 106.47M) | Time:00:00.12 | Mem:42.19M, Peak:42.19M | Scene, ViewLayer | Updating Images | Loading background.png
Fra:32 Mem:126.57M (Peak 148.65M) | Time:00:00.25 | Mem:105.47M, Peak:105.47M | Scene, ViewLayer | Waiting for render to start
Fra:32 Mem:126.57M (Peak 148.65M) | Time:00:00.25 | Mem:105.47M, Peak:105.47M | Scene, ViewLayer | Updating Scene
Fra:32 Mem:126.57M (Peak 148.65M) | Time:00:00.25 | Mem:105.47M, Peak:105.47M | Scene, ViewLayer | Updating Shaders
Fra:32 Mem:126.57M (Peak 148.65M) | Time:00:00.25 | Mem:105.47M, Peak:105.47M | Scene, ViewLayer | Loading render kernels (may take a few minutes the first time)
Fra:32 Mem:126.69M (Peak 148.65M) | Time:00:00.25 | Mem:105.50M, Peak:105.50M | Scene, ViewLayer | Updating Procedurals
Fra:32 Mem:126.69M (Peak 148.65M) | Time:00:00.25 | Mem:105.50M, Peak:105.50M | Scene, ViewLayer | Updating Background
Fra:32 Mem:126.69M (Peak 148.65M) | Time:00:00.25 | Mem:105.50M, Peak:105.50M | Scene, ViewLayer | Updating Camera
Fra:32 Mem:126.69M (Peak 148.65M) | Time:00:00.25 | Mem:105.50M, Peak:105.50M | Scene, ViewLayer | Updating Meshes Flags
Fra:32 Mem:126.69M (Peak 148.65M) | Time:00:00.25 | Mem:105.50M, Peak:105.50M | Scene, ViewLayer | Updating Objects
Fra:32 Mem:126.69M (Peak 148.65M) | Time:00:00.25 | Mem:105.50M, Peak:105.50M | Scene, ViewLayer | Updating Objects | Copying Transformations to device
Fra:32 Mem:126.69M (Peak 148.65M) | Time:00:00.25 | Mem:105.51M, Peak:105.51M | Scene, ViewLayer | Updating Particle Systems
Fra:32 Mem:126.69M (Peak 148.65M) | Time:00:00.25 | Mem:105.51M, Peak:105.51M | Scene, ViewLayer | Updating Particle Systems | Copying Particles to device
Fra:32 Mem:126.69M (Peak 148.65M) | Time:00:00.25 | Mem:105.51M, Peak:105.51M | Scene, ViewLayer | Updating Meshes
Fra:32 Mem:126.69M (Peak 148.65M) | Time:00:00.25 | Mem:105.51M, Peak:105.51M | Scene, ViewLayer | Updating Objects | Applying Static Transformations
Fra:32 Mem:126.69M (Peak 148.65M) | Time:00:00.25 | Mem:105.51M, Peak:105.51M | Scene, ViewLayer | Updating Mesh | Computing attributes
Fra:32 Mem:126.71M (Peak 148.65M) | Time:00:00.25 | Mem:105.51M, Peak:105.51M | Scene, ViewLayer | Updating Mesh | Copying Attributes to device
Fra:32 Mem:126.71M (Peak 148.65M) | Time:00:00.25 | Mem:105.52M, Peak:105.52M | Scene, ViewLayer | Updating Scene BVH | Building
Fra:32 Mem:126.71M (Peak 148.65M) | Time:00:00.25 | Mem:105.52M, Peak:105.52M | Scene, ViewLayer | Updating Scene BVH | Building BVH
Fra:32 Mem:126.71M (Peak 148.65M) | Time:00:00.25 | Mem:105.53M, Peak:105.53M | Scene, ViewLayer | Updating Scene BVH | Building BVH 0%
Fra:32 Mem:126.71M (Peak 148.65M) | Time:00:00.25 | Mem:105.56M, Peak:105.57M | Scene, ViewLayer | Updating Scene BVH | Copying BVH to device
Fra:32 Mem:126.71M (Peak 148.65M) | Time:00:00.25 | Mem:105.56M, Peak:105.57M | Scene, ViewLayer | Updating Mesh | Computing normals
Fra:32 Mem:126.72M (Peak 148.65M) | Time:00:00.25 | Mem:105.56M, Peak:105.57M | Scene, ViewLayer | Updating Mesh | Copying Mesh to device
Fra:32 Mem:126.72M (Peak 148.65M) | Time:00:00.25 | Mem:105.57M, Peak:105.57M | Scene, ViewLayer | Updating Objects Flags
Fra:32 Mem:126.72M (Peak 148.65M) | Time:00:00.25 | Mem:105.57M, Peak:105.57M | Scene, ViewLayer | Updating Primitive Offsets
Fra:32 Mem:126.72M (Peak 148.65M) | Time:00:00.25 | Mem:105.57M, Peak:105.57M | Scene, ViewLayer | Updating Images
Fra:32 Mem:126.72M (Peak 148.65M) | Time:00:00.25 | Mem:105.57M, Peak:105.57M | Scene, ViewLayer | Updating Camera Volume
Fra:32 Mem:126.72M (Peak 148.65M) | Time:00:00.25 | Mem:105.57M, Peak:105.57M | Scene, ViewLayer | Updating Lookup Tables
Fra:32 Mem:126.72M (Peak 148.65M) | Time:00:00.25 | Mem:105.65M, Peak:105.65M | Scene, ViewLayer | Updating Lights
Fra:32 Mem:126.72M (Peak 148.65M) | Time:00:00.25 | Mem:105.65M, Peak:105.65M | Scene, ViewLayer | Updating Lights | Computing tree
Fra:32 Mem:126.73M (Peak 148.65M) | Time:00:00.25 | Mem:105.66M, Peak:105.66M | Scene, ViewLayer | Updating Integrator
Fra:32 Mem:126.73M (Peak 148.65M) | Time:00:00.25 | Mem:105.66M, Peak:105.66M | Scene, ViewLayer | Updating Film
Fra:32 Mem:126.74M (Peak 148.65M) | Time:00:00.25 | Mem:105.58M, Peak:105.66M | Scene, ViewLayer | Updating Lookup Tables
Fra:32 Mem:126.74M (Peak 148.65M) | Time:00:00.25 | Mem:105.67M, Peak:105.67M | Scene, ViewLayer | Updating Baking
Fra:32 Mem:126.74M (Peak 148.65M) | Time:00:00.25 | Mem:105.67M, Peak:105.67M | Scene, ViewLayer | Updating Device | Writing constant memory
Fra:32 Mem:126.74M (Peak 148.65M) | Time:00:00.25 | Mem:105.67M, Peak:105.67M | Scene, ViewLayer | Sample 0/16
Fra:32 Mem:132.94M (Peak 148.65M) | Time:00:00.62 | Remaining:00:05.49 | Mem:111.86M, Peak:111.86M | Scene, ViewLayer | Sample 1/16
Fra:32 Mem:135.69M (Peak 148.65M) | Time:00:05.97 | Mem:111.86M, Peak:111.86M | Scene, ViewLayer | Sample 16/16
Fra:32 Mem:135.69M (Peak 148.65M) | Time:00:05.97 | Mem:111.86M, Peak:111.86M | Scene, ViewLayer | Finished
Fra:32 Mem:23.76M (Peak 148.65M) | Time:00:05.98 | Compositing
Saved: 'work/preview-frames/mj/frame_0032.png'
Time: 00:06.06 (Saving: 00:00.03)

Fra:33 Mem:22.06M (Peak 22.06M) | Time:00:00.00 | Mem:0.00M, Peak:0.00M | Scene, ViewLayer | Synchronizing object | 柔光主灯
Fra:33 Mem:22.06M (Peak 22.06M) | Time:00:00.00 | Mem:0.00M, Peak:0.00M | Scene, ViewLayer | Synchronizing object | 内圈 · 古金细边
Fra:33 Mem:22.06M (Peak 22.06M) | Time:00:00.00 | Mem:0.00M, Peak:0.00M | Scene, ViewLayer | Synchronizing object | 正面均匀补光
Fra:33 Mem:22.06M (Peak 22.06M) | Time:00:00.00 | Mem:0.00M, Peak:0.00M | Scene, ViewLayer | Synchronizing object | 顶部金光
Fra:33 Mem:22.06M (Peak 22.06M) | Time:00:00.00 | Mem:0.00M, Peak:0.00M | Scene, ViewLayer | Synchronizing object | 主体平面 · 完整视差合成
Fra:33 Mem:22.06M (Peak 22.06M) | Time:00:00.00 | Mem:0.00M, Peak:0.00M | Scene, ViewLayer | Synchronizing object | 外圈 · 全息压边
Fra:33 Mem:22.08M (Peak 22.08M) | Time:00:00.00 | Mem:0.00M, Peak:0.00M | Scene, ViewLayer | Synchronizing object | 文字平面 · Alpha PNG
Fra:33 Mem:22.09M (Peak 22.09M) | Time:00:00.00 | Mem:0.00M, Peak:0.00M | Scene, ViewLayer | Initializing
Fra:33 Mem:22.07M (Peak 22.09M) | Time:00:00.00 | Mem:0.00M, Peak:0.00M | Scene, ViewLayer | Updating Images | Loading text.png
Fra:33 Mem:22.07M (Peak 22.09M) | Time:00:00.00 | Mem:0.00M, Peak:0.00M | Scene, ViewLayer | Updating Images | Loading subject.png
Fra:33 Mem:85.37M (Peak 85.37M) | Time:00:00.10 | Mem:21.09M, Peak:21.09M | Scene, ViewLayer | Updating Images | Loading lineart.png
Fra:33 Mem:85.36M (Peak 106.47M) | Time:00:00.12 | Mem:42.19M, Peak:42.19M | Scene, ViewLayer | Updating Images | Loading background.png
Fra:33 Mem:126.57M (Peak 148.65M) | Time:00:00.25 | Mem:105.47M, Peak:105.47M | Scene, ViewLayer | Waiting for render to start
Fra:33 Mem:126.57M (Peak 148.65M) | Time:00:00.25 | Mem:105.47M, Peak:105.47M | Scene, ViewLayer | Updating Scene
Fra:33 Mem:126.57M (Peak 148.65M) | Time:00:00.25 | Mem:105.47M, Peak:105.47M | Scene, ViewLayer | Updating Shaders
Fra:33 Mem:126.57M (Peak 148.65M) | Time:00:00.25 | Mem:105.47M, Peak:105.47M | Scene, ViewLayer | Loading render kernels (may take a few minutes the first time)
Fra:33 Mem:126.69M (Peak 148.65M) | Time:00:00.25 | Mem:105.50M, Peak:105.50M | Scene, ViewLayer | Updating Procedurals
Fra:33 Mem:126.69M (Peak 148.65M) | Time:00:00.25 | Mem:105.50M, Peak:105.50M | Scene, ViewLayer | Updating Background
Fra:33 Mem:126.69M (Peak 148.65M) | Time:00:00.25 | Mem:105.50M, Peak:105.50M | Scene, ViewLayer | Updating Camera
Fra:33 Mem:126.69M (Peak 148.65M) | Time:00:00.25 | Mem:105.50M, Peak:105.50M | Scene, ViewLayer | Updating Meshes Flags
Fra:33 Mem:126.69M (Peak 148.65M) | Time:00:00.25 | Mem:105.50M, Peak:105.50M | Scene, ViewLayer | Updating Objects
Fra:33 Mem:126.69M (Peak 148.65M) | Time:00:00.25 | Mem:105.50M, Peak:105.50M | Scene, ViewLayer | Updating Objects | Copying Transformations to device
Fra:33 Mem:126.69M (Peak 148.65M) | Time:00:00.25 | Mem:105.51M, Peak:105.51M | Scene, ViewLayer | Updating Particle Systems
Fra:33 Mem:126.69M (Peak 148.65M) | Time:00:00.25 | Mem:105.51M, Peak:105.51M | Scene, ViewLayer | Updating Particle Systems | Copying Particles to device
Fra:33 Mem:126.69M (Peak 148.65M) | Time:00:00.25 | Mem:105.51M, Peak:105.51M | Scene, ViewLayer | Updating Meshes
Fra:33 Mem:126.69M (Peak 148.65M) | Time:00:00.25 | Mem:105.51M, Peak:105.51M | Scene, ViewLayer | Updating Objects | Applying Static Transformations
Fra:33 Mem:126.69M (Peak 148.65M) | Time:00:00.25 | Mem:105.51M, Peak:105.51M | Scene, ViewLayer | Updating Mesh | Computing attributes
Fra:33 Mem:126.71M (Peak 148.65M) | Time:00:00.25 | Mem:105.51M, Peak:105.51M | Scene, ViewLayer | Updating Mesh | Copying Attributes to device
Fra:33 Mem:126.71M (Peak 148.65M) | Time:00:00.25 | Mem:105.52M, Peak:105.52M | Scene, ViewLayer | Updating Scene BVH | Building
Fra:33 Mem:126.71M (Peak 148.65M) | Time:00:00.25 | Mem:105.52M, Peak:105.52M | Scene, ViewLayer | Updating Scene BVH | Building BVH
Fra:33 Mem:126.71M (Peak 148.65M) | Time:00:00.25 | Mem:105.53M, Peak:105.53M | Scene, ViewLayer | Updating Scene BVH | Building BVH 0%
Fra:33 Mem:126.71M (Peak 148.65M) | Time:00:00.25 | Mem:105.56M, Peak:105.57M | Scene, ViewLayer | Updating Scene BVH | Copying BVH to device
Fra:33 Mem:126.71M (Peak 148.65M) | Time:00:00.25 | Mem:105.56M, Peak:105.57M | Scene, ViewLayer | Updating Mesh | Computing normals
Fra:33 Mem:126.72M (Peak 148.65M) | Time:00:00.25 | Mem:105.56M, Peak:105.57M | Scene, ViewLayer | Updating Mesh | Copying Mesh to device
Fra:33 Mem:126.72M (Peak 148.65M) | Time:00:00.25 | Mem:105.57M, Peak:105.57M | Scene, ViewLayer | Updating Objects Flags
Fra:33 Mem:126.72M (Peak 148.65M) | Time:00:00.25 | Mem:105.57M, Peak:105.57M | Scene, ViewLayer | Updating Primitive Offsets
Fra:33 Mem:126.72M (Peak 148.65M) | Time:00:00.25 | Mem:105.57M, Peak:105.57M | Scene, ViewLayer | Updating Images
Fra:33 Mem:126.72M (Peak 148.65M) | Time:00:00.25 | Mem:105.57M, Peak:105.57M | Scene, ViewLayer | Updating Camera Volume
Fra:33 Mem:126.72M (Peak 148.65M) | Time:00:00.25 | Mem:105.57M, Peak:105.57M | Scene, ViewLayer | Updating Lookup Tables
Fra:33 Mem:126.72M (Peak 148.65M) | Time:00:00.25 | Mem:105.65M, Peak:105.65M | Scene, ViewLayer | Updating Lights
Fra:33 Mem:126.72M (Peak 148.65M) | Time:00:00.25 | Mem:105.65M, Peak:105.65M | Scene, ViewLayer | Updating Lights | Computing tree
Fra:33 Mem:126.73M (Peak 148.65M) | Time:00:00.25 | Mem:105.66M, Peak:105.66M | Scene, ViewLayer | Updating Integrator
Fra:33 Mem:126.73M (Peak 148.65M) | Time:00:00.25 | Mem:105.66M, Peak:105.66M | Scene, ViewLayer | Updating Film
Fra:33 Mem:126.74M (Peak 148.65M) | Time:00:00.25 | Mem:105.58M, Peak:105.66M | Scene, ViewLayer | Updating Lookup Tables
Fra:33 Mem:126.74M (Peak 148.65M) | Time:00:00.25 | Mem:105.67M, Peak:105.67M | Scene, ViewLayer | Updating Baking
Fra:33 Mem:126.74M (Peak 148.65M) | Time:00:00.25 | Mem:105.67M, Peak:105.67M | Scene, ViewLayer | Updating Device | Writing constant memory
Fra:33 Mem:126.74M (Peak 148.65M) | Time:00:00.25 | Mem:105.67M, Peak:105.67M | Scene, ViewLayer | Sample 0/16
Fra:33 Mem:132.94M (Peak 148.65M) | Time:00:00.62 | Remaining:00:05.57 | Mem:111.86M, Peak:111.86M | Scene, ViewLayer | Sample 1/16
Fra:33 Mem:135.69M (Peak 148.65M) | Time:00:05.96 | Mem:111.86M, Peak:111.86M | Scene, ViewLayer | Sample 16/16
Fra:33 Mem:135.69M (Peak 148.65M) | Time:00:05.96 | Mem:111.86M, Peak:111.86M | Scene, ViewLayer | Finished
Fra:33 Mem:23.76M (Peak 148.65M) | Time:00:05.96 | Compositing
Saved: 'work/preview-frames/mj/frame_0033.png'
Time: 00:06.04 (Saving: 00:00.03)

Fra:34 Mem:22.06M (Peak 22.06M) | Time:00:00.00 | Mem:0.00M, Peak:0.00M | Scene, ViewLayer | Synchronizing object | 柔光主灯
Fra:34 Mem:22.06M (Peak 22.06M) | Time:00:00.00 | Mem:0.00M, Peak:0.00M | Scene, ViewLayer | Synchronizing object | 内圈 · 古金细边
Fra:34 Mem:22.06M (Peak 22.06M) | Time:00:00.00 | Mem:0.00M, Peak:0.00M | Scene, ViewLayer | Synchronizing object | 正面均匀补光
Fra:34 Mem:22.06M (Peak 22.06M) | Time:00:00.00 | Mem:0.00M, Peak:0.00M | Scene, ViewLayer | Synchronizing object | 顶部金光
Fra:34 Mem:22.06M (Peak 22.06M) | Time:00:00.00 | Mem:0.00M, Peak:0.00M | Scene, ViewLayer | Synchronizing object | 主体平面 · 完整视差合成
Fra:34 Mem:22.06M (Peak 22.06M) | Time:00:00.00 | Mem:0.00M, Peak:0.00M | Scene, ViewLayer | Synchronizing object | 外圈 · 全息压边
Fra:34 Mem:22.08M (Peak 22.08M) | Time:00:00.00 | Mem:0.00M, Peak:0.00M | Scene, ViewLayer | Synchronizing object | 文字平面 · Alpha PNG
Fra:34 Mem:22.09M (Peak 22.09M) | Time:00:00.00 | Mem:0.00M, Peak:0.00M | Scene, ViewLayer | Initializing
Fra:34 Mem:22.07M (Peak 22.09M) | Time:00:00.00 | Mem:0.00M, Peak:0.00M | Scene, ViewLayer | Updating Images | Loading text.png
Fra:34 Mem:22.07M (Peak 22.09M) | Time:00:00.00 | Mem:0.00M, Peak:0.00M | Scene, ViewLayer | Updating Images | Loading subject.png
Fra:34 Mem:64.27M (Peak 85.36M) | Time:00:00.09 | Mem:21.09M, Peak:21.09M | Scene, ViewLayer | Updating Images | Loading lineart.png
Fra:34 Mem:85.36M (Peak 106.47M) | Time:00:00.12 | Mem:42.19M, Peak:42.19M | Scene, ViewLayer | Updating Images | Loading background.png
Fra:34 Mem:126.57M (Peak 148.65M) | Time:00:00.25 | Mem:105.47M, Peak:105.47M | Scene, ViewLayer | Waiting for render to start
Fra:34 Mem:126.57M (Peak 148.65M) | Time:00:00.25 | Mem:105.47M, Peak:105.47M | Scene, ViewLayer | Updating Scene
Fra:34 Mem:126.57M (Peak 148.65M) | Time:00:00.25 | Mem:105.47M, Peak:105.47M | Scene, ViewLayer | Updating Shaders
Fra:34 Mem:126.57M (Peak 148.65M) | Time:00:00.25 | Mem:105.47M, Peak:105.47M | Scene, ViewLayer | Loading render kernels (may take a few minutes the first time)
Fra:34 Mem:126.69M (Peak 148.65M) | Time:00:00.25 | Mem:105.50M, Peak:105.50M | Scene, ViewLayer | Updating Procedurals
Fra:34 Mem:126.69M (Peak 148.65M) | Time:00:00.25 | Mem:105.50M, Peak:105.50M | Scene, ViewLayer | Updating Background
Fra:34 Mem:126.69M (Peak 148.65M) | Time:00:00.25 | Mem:105.50M, Peak:105.50M | Scene, ViewLayer | Updating Camera
Fra:34 Mem:126.69M (Peak 148.65M) | Time:00:00.25 | Mem:105.50M, Peak:105.50M | Scene, ViewLayer | Updating Meshes Flags
Fra:34 Mem:126.69M (Peak 148.65M) | Time:00:00.25 | Mem:105.50M, Peak:105.50M | Scene, ViewLayer | Updating Objects
Fra:34 Mem:126.69M (Peak 148.65M) | Time:00:00.25 | Mem:105.50M, Peak:105.50M | Scene, ViewLayer | Updating Objects | Copying Transformations to device
Fra:34 Mem:126.69M (Peak 148.65M) | Time:00:00.25 | Mem:105.51M, Peak:105.51M | Scene, ViewLayer | Updating Particle Systems
Fra:34 Mem:126.69M (Peak 148.65M) | Time:00:00.25 | Mem:105.51M, Peak:105.51M | Scene, ViewLayer | Updating Particle Systems | Copying Particles to device
Fra:34 Mem:126.69M (Peak 148.65M) | Time:00:00.25 | Mem:105.51M, Peak:105.51M | Scene, ViewLayer | Updating Meshes
Fra:34 Mem:126.69M (Peak 148.65M) | Time:00:00.25 | Mem:105.51M, Peak:105.51M | Scene, ViewLayer | Updating Objects | Applying Static Transformations
Fra:34 Mem:126.69M (Peak 148.65M) | Time:00:00.25 | Mem:105.51M, Peak:105.51M | Scene, ViewLayer | Updating Mesh | Computing attributes
Fra:34 Mem:126.71M (Peak 148.65M) | Time:00:00.25 | Mem:105.51M, Peak:105.51M | Scene, ViewLayer | Updating Mesh | Copying Attributes to device
Fra:34 Mem:126.71M (Peak 148.65M) | Time:00:00.25 | Mem:105.52M, Peak:105.52M | Scene, ViewLayer | Updating Scene BVH | Building
Fra:34 Mem:126.71M (Peak 148.65M) | Time:00:00.25 | Mem:105.52M, Peak:105.52M | Scene, ViewLayer | Updating Scene BVH | Building BVH
Fra:34 Mem:126.71M (Peak 148.65M) | Time:00:00.25 | Mem:105.53M, Peak:105.53M | Scene, ViewLayer | Updating Scene BVH | Building BVH 0%
Fra:34 Mem:126.71M (Peak 148.65M) | Time:00:00.25 | Mem:105.56M, Peak:105.57M | Scene, ViewLayer | Updating Scene BVH | Copying BVH to device
Fra:34 Mem:126.71M (Peak 148.65M) | Time:00:00.25 | Mem:105.56M, Peak:105.57M | Scene, ViewLayer | Updating Mesh | Computing normals
Fra:34 Mem:126.72M (Peak 148.65M) | Time:00:00.25 | Mem:105.56M, Peak:105.57M | Scene, ViewLayer | Updating Mesh | Copying Mesh to device
Fra:34 Mem:126.72M (Peak 148.65M) | Time:00:00.25 | Mem:105.57M, Peak:105.57M | Scene, ViewLayer | Updating Objects Flags
Fra:34 Mem:126.72M (Peak 148.65M) | Time:00:00.25 | Mem:105.57M, Peak:105.57M | Scene, ViewLayer | Updating Primitive Offsets
Fra:34 Mem:126.72M (Peak 148.65M) | Time:00:00.25 | Mem:105.57M, Peak:105.57M | Scene, ViewLayer | Updating Images
Fra:34 Mem:126.72M (Peak 148.65M) | Time:00:00.25 | Mem:105.57M, Peak:105.57M | Scene, ViewLayer | Updating Camera Volume
Fra:34 Mem:126.72M (Peak 148.65M) | Time:00:00.25 | Mem:105.57M, Peak:105.57M | Scene, ViewLayer | Updating Lookup Tables
Fra:34 Mem:126.72M (Peak 148.65M) | Time:00:00.25 | Mem:105.65M, Peak:105.65M | Scene, ViewLayer | Updating Lights
Fra:34 Mem:126.72M (Peak 148.65M) | Time:00:00.25 | Mem:105.65M, Peak:105.65M | Scene, ViewLayer | Updating Lights | Computing tree
Fra:34 Mem:126.73M (Peak 148.65M) | Time:00:00.25 | Mem:105.66M, Peak:105.66M | Scene, ViewLayer | Updating Integrator
Fra:34 Mem:126.73M (Peak 148.65M) | Time:00:00.25 | Mem:105.66M, Peak:105.66M | Scene, ViewLayer | Updating Film
Fra:34 Mem:126.74M (Peak 148.65M) | Time:00:00.25 | Mem:105.58M, Peak:105.66M | Scene, ViewLayer | Updating Lookup Tables
Fra:34 Mem:126.74M (Peak 148.65M) | Time:00:00.25 | Mem:105.67M, Peak:105.67M | Scene, ViewLayer | Updating Baking
Fra:34 Mem:126.74M (Peak 148.65M) | Time:00:00.25 | Mem:105.67M, Peak:105.67M | Scene, ViewLayer | Updating Device | Writing constant memory
Fra:34 Mem:126.74M (Peak 148.65M) | Time:00:00.25 | Mem:105.67M, Peak:105.67M | Scene, ViewLayer | Sample 0/16
Fra:34 Mem:132.94M (Peak 148.65M) | Time:00:00.61 | Remaining:00:05.46 | Mem:111.86M, Peak:111.86M | Scene, ViewLayer | Sample 1/16
Fra:34 Mem:135.69M (Peak 148.65M) | Time:00:05.86 | Mem:111.86M, Peak:111.86M | Scene, ViewLayer | Sample 16/16
Fra:34 Mem:135.69M (Peak 148.65M) | Time:00:05.86 | Mem:111.86M, Peak:111.86M | Scene, ViewLayer | Finished
Fra:34 Mem:23.76M (Peak 148.65M) | Time:00:05.86 | Compositing
Saved: 'work/preview-frames/mj/frame_0034.png'
Time: 00:05.95 (Saving: 00:00.03)

Fra:35 Mem:22.06M (Peak 22.06M) | Time:00:00.00 | Mem:0.00M, Peak:0.00M | Scene, ViewLayer | Synchronizing object | 柔光主灯
Fra:35 Mem:22.06M (Peak 22.06M) | Time:00:00.00 | Mem:0.00M, Peak:0.00M | Scene, ViewLayer | Synchronizing object | 正面均匀补光
Fra:35 Mem:22.06M (Peak 22.06M) | Time:00:00.00 | Mem:0.00M, Peak:0.00M | Scene, ViewLayer | Synchronizing object | 顶部金光
Fra:35 Mem:22.06M (Peak 22.06M) | Time:00:00.00 | Mem:0.00M, Peak:0.00M | Scene, ViewLayer | Synchronizing object | 主体平面 · 完整视差合成
Fra:35 Mem:22.07M (Peak 22.07M) | Time:00:00.00 | Mem:0.00M, Peak:0.00M | Scene, ViewLayer | Synchronizing object | 外圈 · 全息压边
Fra:35 Mem:22.09M (Peak 22.09M) | Time:00:00.00 | Mem:0.00M, Peak:0.00M | Scene, ViewLayer | Synchronizing object | 文字平面 · Alpha PNG
Fra:35 Mem:22.09M (Peak 22.09M) | Time:00:00.00 | Mem:0.00M, Peak:0.00M | Scene, ViewLayer | Initializing
Fra:35 Mem:22.07M (Peak 22.09M) | Time:00:00.00 | Mem:0.00M, Peak:0.00M | Scene, ViewLayer | Updating Images | Loading text.png
Fra:35 Mem:22.07M (Peak 22.09M) | Time:00:00.00 | Mem:0.00M, Peak:0.00M | Scene, ViewLayer | Updating Images | Loading subject.png
Fra:35 Mem:64.27M (Peak 85.36M) | Time:00:00.10 | Mem:21.09M, Peak:21.09M | Scene, ViewLayer | Updating Images | Loading lineart.png
Fra:35 Mem:85.36M (Peak 106.47M) | Time:00:00.12 | Mem:42.19M, Peak:42.19M | Scene, ViewLayer | Updating Images | Loading background.png
Fra:35 Mem:126.57M (Peak 148.65M) | Time:00:00.25 | Mem:105.47M, Peak:105.47M | Scene, ViewLayer | Waiting for render to start
Fra:35 Mem:126.57M (Peak 148.65M) | Time:00:00.25 | Mem:105.47M, Peak:105.47M | Scene, ViewLayer | Updating Scene
Fra:35 Mem:126.57M (Peak 148.65M) | Time:00:00.25 | Mem:105.47M, Peak:105.47M | Scene, ViewLayer | Updating Shaders
Fra:35 Mem:126.57M (Peak 148.65M) | Time:00:00.25 | Mem:105.47M, Peak:105.47M | Scene, ViewLayer | Loading render kernels (may take a few minutes the first time)
Fra:35 Mem:126.69M (Peak 148.65M) | Time:00:00.25 | Mem:105.50M, Peak:105.50M | Scene, ViewLayer | Updating Procedurals
Fra:35 Mem:126.69M (Peak 148.65M) | Time:00:00.25 | Mem:105.50M, Peak:105.50M | Scene, ViewLayer | Updating Background
Fra:35 Mem:126.69M (Peak 148.65M) | Time:00:00.25 | Mem:105.50M, Peak:105.50M | Scene, ViewLayer | Updating Camera
Fra:35 Mem:126.69M (Peak 148.65M) | Time:00:00.25 | Mem:105.50M, Peak:105.50M | Scene, ViewLayer | Updating Meshes Flags
Fra:35 Mem:126.69M (Peak 148.65M) | Time:00:00.25 | Mem:105.50M, Peak:105.50M | Scene, ViewLayer | Updating Objects
Fra:35 Mem:126.69M (Peak 148.65M) | Time:00:00.25 | Mem:105.50M, Peak:105.50M | Scene, ViewLayer | Updating Objects | Copying Transformations to device
Fra:35 Mem:126.69M (Peak 148.65M) | Time:00:00.25 | Mem:105.51M, Peak:105.51M | Scene, ViewLayer | Updating Particle Systems
Fra:35 Mem:126.69M (Peak 148.65M) | Time:00:00.25 | Mem:105.51M, Peak:105.51M | Scene, ViewLayer | Updating Particle Systems | Copying Particles to device
Fra:35 Mem:126.69M (Peak 148.65M) | Time:00:00.25 | Mem:105.51M, Peak:105.51M | Scene, ViewLayer | Updating Meshes
Fra:35 Mem:126.69M (Peak 148.65M) | Time:00:00.25 | Mem:105.51M, Peak:105.51M | Scene, ViewLayer | Updating Objects | Applying Static Transformations
Fra:35 Mem:126.69M (Peak 148.65M) | Time:00:00.25 | Mem:105.51M, Peak:105.51M | Scene, ViewLayer | Updating Mesh | Computing attributes
Fra:35 Mem:126.71M (Peak 148.65M) | Time:00:00.25 | Mem:105.51M, Peak:105.51M | Scene, ViewLayer | Updating Mesh | Copying Attributes to device
Fra:35 Mem:126.71M (Peak 148.65M) | Time:00:00.25 | Mem:105.52M, Peak:105.52M | Scene, ViewLayer | Updating Scene BVH | Building
Fra:35 Mem:126.71M (Peak 148.65M) | Time:00:00.25 | Mem:105.52M, Peak:105.52M | Scene, ViewLayer | Updating Scene BVH | Building BVH
Fra:35 Mem:126.71M (Peak 148.65M) | Time:00:00.25 | Mem:105.53M, Peak:105.53M | Scene, ViewLayer | Updating Scene BVH | Building BVH 0%
Fra:35 Mem:126.71M (Peak 148.65M) | Time:00:00.25 | Mem:105.56M, Peak:105.57M | Scene, ViewLayer | Updating Scene BVH | Copying BVH to device
Fra:35 Mem:126.71M (Peak 148.65M) | Time:00:00.25 | Mem:105.56M, Peak:105.57M | Scene, ViewLayer | Updating Mesh | Computing normals
Fra:35 Mem:126.72M (Peak 148.65M) | Time:00:00.25 | Mem:105.56M, Peak:105.57M | Scene, ViewLayer | Updating Mesh | Copying Mesh to device
Fra:35 Mem:126.72M (Peak 148.65M) | Time:00:00.25 | Mem:105.57M, Peak:105.57M | Scene, ViewLayer | Updating Objects Flags
Fra:35 Mem:126.72M (Peak 148.65M) | Time:00:00.25 | Mem:105.57M, Peak:105.57M | Scene, ViewLayer | Updating Primitive Offsets
Fra:35 Mem:126.72M (Peak 148.65M) | Time:00:00.25 | Mem:105.57M, Peak:105.57M | Scene, ViewLayer | Updating Images
Fra:35 Mem:126.72M (Peak 148.65M) | Time:00:00.25 | Mem:105.57M, Peak:105.57M | Scene, ViewLayer | Updating Camera Volume
Fra:35 Mem:126.72M (Peak 148.65M) | Time:00:00.25 | Mem:105.57M, Peak:105.57M | Scene, ViewLayer | Updating Lookup Tables
Fra:35 Mem:126.72M (Peak 148.65M) | Time:00:00.25 | Mem:105.65M, Peak:105.65M | Scene, ViewLayer | Updating Lights
Fra:35 Mem:126.72M (Peak 148.65M) | Time:00:00.25 | Mem:105.65M, Peak:105.65M | Scene, ViewLayer | Updating Lights | Computing tree
Fra:35 Mem:126.73M (Peak 148.65M) | Time:00:00.25 | Mem:105.66M, Peak:105.66M | Scene, ViewLayer | Updating Integrator
Fra:35 Mem:126.73M (Peak 148.65M) | Time:00:00.25 | Mem:105.66M, Peak:105.66M | Scene, ViewLayer | Updating Film
Fra:35 Mem:126.74M (Peak 148.65M) | Time:00:00.25 | Mem:105.58M, Peak:105.66M | Scene, ViewLayer | Updating Lookup Tables
Fra:35 Mem:126.74M (Peak 148.65M) | Time:00:00.25 | Mem:105.67M, Peak:105.67M | Scene, ViewLayer | Updating Baking
Fra:35 Mem:126.74M (Peak 148.65M) | Time:00:00.25 | Mem:105.67M, Peak:105.67M | Scene, ViewLayer | Updating Device | Writing constant memory
Fra:35 Mem:126.74M (Peak 148.65M) | Time:00:00.25 | Mem:105.67M, Peak:105.67M | Scene, ViewLayer | Sample 0/16
Fra:35 Mem:132.94M (Peak 148.65M) | Time:00:00.61 | Remaining:00:05.49 | Mem:111.86M, Peak:111.86M | Scene, ViewLayer | Sample 1/16
Fra:35 Mem:135.69M (Peak 148.65M) | Time:00:05.98 | Mem:111.86M, Peak:111.86M | Scene, ViewLayer | Sample 16/16
Fra:35 Mem:135.69M (Peak 148.65M) | Time:00:05.98 | Mem:111.86M, Peak:111.86M | Scene, ViewLayer | Finished
Fra:35 Mem:23.76M (Peak 148.65M) | Time:00:05.98 | Compositing
Saved: 'work/preview-frames/mj/frame_0035.png'
Time: 00:06.06 (Saving: 00:00.03)

Fra:36 Mem:22.06M (Peak 22.06M) | Time:00:00.00 | Mem:0.00M, Peak:0.00M | Scene, ViewLayer | Synchronizing object | 柔光主灯
Fra:36 Mem:22.06M (Peak 22.06M) | Time:00:00.00 | Mem:0.00M, Peak:0.00M | Scene, ViewLayer | Synchronizing object | 内圈 · 古金细边
Fra:36 Mem:22.06M (Peak 22.06M) | Time:00:00.00 | Mem:0.00M, Peak:0.00M | Scene, ViewLayer | Synchronizing object | 正面均匀补光
Fra:36 Mem:22.06M (Peak 22.06M) | Time:00:00.00 | Mem:0.00M, Peak:0.00M | Scene, ViewLayer | Synchronizing object | 顶部金光
Fra:36 Mem:22.06M (Peak 22.06M) | Time:00:00.00 | Mem:0.00M, Peak:0.00M | Scene, ViewLayer | Synchronizing object | 主体平面 · 完整视差合成
Fra:36 Mem:22.06M (Peak 22.06M) | Time:00:00.00 | Mem:0.00M, Peak:0.00M | Scene, ViewLayer | Synchronizing object | 外圈 · 全息压边
Fra:36 Mem:22.08M (Peak 22.08M) | Time:00:00.00 | Mem:0.00M, Peak:0.00M | Scene, ViewLayer | Synchronizing object | 文字平面 · Alpha PNG
Fra:36 Mem:22.09M (Peak 22.09M) | Time:00:00.00 | Mem:0.00M, Peak:0.00M | Scene, ViewLayer | Initializing
Fra:36 Mem:22.07M (Peak 22.09M) | Time:00:00.00 | Mem:0.00M, Peak:0.00M | Scene, ViewLayer | Updating Images | Loading text.png
Fra:36 Mem:22.07M (Peak 22.09M) | Time:00:00.00 | Mem:0.00M, Peak:0.00M | Scene, ViewLayer | Updating Images | Loading subject.png
Fra:36 Mem:64.27M (Peak 85.36M) | Time:00:00.09 | Mem:21.09M, Peak:21.09M | Scene, ViewLayer | Updating Images | Loading lineart.png
Fra:36 Mem:85.36M (Peak 106.47M) | Time:00:00.12 | Mem:42.19M, Peak:42.19M | Scene, ViewLayer | Updating Images | Loading background.png
Fra:36 Mem:126.57M (Peak 148.65M) | Time:00:00.25 | Mem:105.47M, Peak:105.47M | Scene, ViewLayer | Waiting for render to start
Fra:36 Mem:126.57M (Peak 148.65M) | Time:00:00.25 | Mem:105.47M, Peak:105.47M | Scene, ViewLayer | Updating Scene
Fra:36 Mem:126.57M (Peak 148.65M) | Time:00:00.25 | Mem:105.47M, Peak:105.47M | Scene, ViewLayer | Updating Shaders
Fra:36 Mem:126.57M (Peak 148.65M) | Time:00:00.25 | Mem:105.47M, Peak:105.47M | Scene, ViewLayer | Loading render kernels (may take a few minutes the first time)
Fra:36 Mem:126.69M (Peak 148.65M) | Time:00:00.25 | Mem:105.50M, Peak:105.50M | Scene, ViewLayer | Updating Procedurals
Fra:36 Mem:126.69M (Peak 148.65M) | Time:00:00.25 | Mem:105.50M, Peak:105.50M | Scene, ViewLayer | Updating Background
Fra:36 Mem:126.69M (Peak 148.65M) | Time:00:00.25 | Mem:105.50M, Peak:105.50M | Scene, ViewLayer | Updating Camera
Fra:36 Mem:126.69M (Peak 148.65M) | Time:00:00.25 | Mem:105.50M, Peak:105.50M | Scene, ViewLayer | Updating Meshes Flags
Fra:36 Mem:126.69M (Peak 148.65M) | Time:00:00.25 | Mem:105.50M, Peak:105.50M | Scene, ViewLayer | Updating Objects
Fra:36 Mem:126.69M (Peak 148.65M) | Time:00:00.25 | Mem:105.50M, Peak:105.50M | Scene, ViewLayer | Updating Objects | Copying Transformations to device
Fra:36 Mem:126.69M (Peak 148.65M) | Time:00:00.25 | Mem:105.51M, Peak:105.51M | Scene, ViewLayer | Updating Particle Systems
Fra:36 Mem:126.69M (Peak 148.65M) | Time:00:00.25 | Mem:105.51M, Peak:105.51M | Scene, ViewLayer | Updating Particle Systems | Copying Particles to device
Fra:36 Mem:126.69M (Peak 148.65M) | Time:00:00.25 | Mem:105.51M, Peak:105.51M | Scene, ViewLayer | Updating Meshes
Fra:36 Mem:126.69M (Peak 148.65M) | Time:00:00.25 | Mem:105.51M, Peak:105.51M | Scene, ViewLayer | Updating Objects | Applying Static Transformations
Fra:36 Mem:126.69M (Peak 148.65M) | Time:00:00.25 | Mem:105.51M, Peak:105.51M | Scene, ViewLayer | Updating Mesh | Computing attributes
Fra:36 Mem:126.71M (Peak 148.65M) | Time:00:00.25 | Mem:105.51M, Peak:105.51M | Scene, ViewLayer | Updating Mesh | Copying Attributes to device
Fra:36 Mem:126.71M (Peak 148.65M) | Time:00:00.25 | Mem:105.52M, Peak:105.52M | Scene, ViewLayer | Updating Scene BVH | Building
Fra:36 Mem:126.71M (Peak 148.65M) | Time:00:00.25 | Mem:105.52M, Peak:105.52M | Scene, ViewLayer | Updating Scene BVH | Building BVH
Fra:36 Mem:126.71M (Peak 148.65M) | Time:00:00.25 | Mem:105.53M, Peak:105.53M | Scene, ViewLayer | Updating Scene BVH | Building BVH 0%
Fra:36 Mem:126.71M (Peak 148.65M) | Time:00:00.25 | Mem:105.56M, Peak:105.57M | Scene, ViewLayer | Updating Scene BVH | Copying BVH to device
Fra:36 Mem:126.71M (Peak 148.65M) | Time:00:00.25 | Mem:105.56M, Peak:105.57M | Scene, ViewLayer | Updating Mesh | Computing normals
Fra:36 Mem:126.72M (Peak 148.65M) | Time:00:00.25 | Mem:105.56M, Peak:105.57M | Scene, ViewLayer | Updating Mesh | Copying Mesh to device
Fra:36 Mem:126.72M (Peak 148.65M) | Time:00:00.25 | Mem:105.57M, Peak:105.57M | Scene, ViewLayer | Updating Objects Flags
Fra:36 Mem:126.72M (Peak 148.65M) | Time:00:00.25 | Mem:105.57M, Peak:105.57M | Scene, ViewLayer | Updating Primitive Offsets
Fra:36 Mem:126.72M (Peak 148.65M) | Time:00:00.25 | Mem:105.57M, Peak:105.57M | Scene, ViewLayer | Updating Images
Fra:36 Mem:126.72M (Peak 148.65M) | Time:00:00.25 | Mem:105.57M, Peak:105.57M | Scene, ViewLayer | Updating Camera Volume
Fra:36 Mem:126.72M (Peak 148.65M) | Time:00:00.25 | Mem:105.57M, Peak:105.57M | Scene, ViewLayer | Updating Lookup Tables
Fra:36 Mem:126.72M (Peak 148.65M) | Time:00:00.25 | Mem:105.65M, Peak:105.65M | Scene, ViewLayer | Updating Lights
Fra:36 Mem:126.72M (Peak 148.65M) | Time:00:00.25 | Mem:105.65M, Peak:105.65M | Scene, ViewLayer | Updating Lights | Computing tree
Fra:36 Mem:126.73M (Peak 148.65M) | Time:00:00.25 | Mem:105.66M, Peak:105.66M | Scene, ViewLayer | Updating Integrator
Fra:36 Mem:126.73M (Peak 148.65M) | Time:00:00.25 | Mem:105.66M, Peak:105.66M | Scene, ViewLayer | Updating Film
Fra:36 Mem:126.74M (Peak 148.65M) | Time:00:00.25 | Mem:105.58M, Peak:105.66M | Scene, ViewLayer | Updating Lookup Tables
Fra:36 Mem:126.74M (Peak 148.65M) | Time:00:00.25 | Mem:105.67M, Peak:105.67M | Scene, ViewLayer | Updating Baking
Fra:36 Mem:126.74M (Peak 148.65M) | Time:00:00.25 | Mem:105.67M, Peak:105.67M | Scene, ViewLayer | Updating Device | Writing constant memory
Fra:36 Mem:126.74M (Peak 148.65M) | Time:00:00.25 | Mem:105.67M, Peak:105.67M | Scene, ViewLayer | Sample 0/16
Fra:36 Mem:132.94M (Peak 148.65M) | Time:00:00.61 | Remaining:00:05.49 | Mem:111.86M, Peak:111.86M | Scene, ViewLayer | Sample 1/16
Fra:36 Mem:135.69M (Peak 148.65M) | Time:00:05.91 | Mem:111.86M, Peak:111.86M | Scene, ViewLayer | Sample 16/16
Fra:36 Mem:135.69M (Peak 148.65M) | Time:00:05.91 | Mem:111.86M, Peak:111.86M | Scene, ViewLayer | Finished
Fra:36 Mem:23.77M (Peak 148.65M) | Time:00:05.92 | Compositing
Saved: 'work/preview-frames/mj/frame_0036.png'
Time: 00:06.01 (Saving: 00:00.04)

Fra:37 Mem:22.06M (Peak 22.06M) | Time:00:00.00 | Mem:0.00M, Peak:0.00M | Scene, ViewLayer | Synchronizing object | 柔光主灯
Fra:37 Mem:22.06M (Peak 22.06M) | Time:00:00.00 | Mem:0.00M, Peak:0.00M | Scene, ViewLayer | Synchronizing object | 内圈 · 古金细边
Fra:37 Mem:22.06M (Peak 22.06M) | Time:00:00.00 | Mem:0.00M, Peak:0.00M | Scene, ViewLayer | Synchronizing object | 正面均匀补光
Fra:37 Mem:22.06M (Peak 22.06M) | Time:00:00.00 | Mem:0.00M, Peak:0.00M | Scene, ViewLayer | Synchronizing object | 顶部金光
Fra:37 Mem:22.06M (Peak 22.06M) | Time:00:00.00 | Mem:0.00M, Peak:0.00M | Scene, ViewLayer | Synchronizing object | 主体平面 · 完整视差合成
Fra:37 Mem:22.06M (Peak 22.06M) | Time:00:00.00 | Mem:0.00M, Peak:0.00M | Scene, ViewLayer | Synchronizing object | 外圈 · 全息压边
Fra:37 Mem:22.08M (Peak 22.08M) | Time:00:00.00 | Mem:0.00M, Peak:0.00M | Scene, ViewLayer | Synchronizing object | 文字平面 · Alpha PNG
Fra:37 Mem:22.09M (Peak 22.09M) | Time:00:00.00 | Mem:0.00M, Peak:0.00M | Scene, ViewLayer | Initializing
Fra:37 Mem:22.07M (Peak 22.09M) | Time:00:00.00 | Mem:0.00M, Peak:0.00M | Scene, ViewLayer | Updating Images | Loading text.png
Fra:37 Mem:22.07M (Peak 22.09M) | Time:00:00.00 | Mem:0.00M, Peak:0.00M | Scene, ViewLayer | Updating Images | Loading subject.png
Fra:37 Mem:64.27M (Peak 85.36M) | Time:00:00.09 | Mem:21.09M, Peak:21.09M | Scene, ViewLayer | Updating Images | Loading lineart.png
Fra:37 Mem:85.36M (Peak 106.47M) | Time:00:00.12 | Mem:42.19M, Peak:42.19M | Scene, ViewLayer | Updating Images | Loading background.png
Fra:37 Mem:126.57M (Peak 148.65M) | Time:00:00.25 | Mem:105.47M, Peak:105.47M | Scene, ViewLayer | Waiting for render to start
Fra:37 Mem:126.57M (Peak 148.65M) | Time:00:00.25 | Mem:105.47M, Peak:105.47M | Scene, ViewLayer | Updating Scene
Fra:37 Mem:126.57M (Peak 148.65M) | Time:00:00.25 | Mem:105.47M, Peak:105.47M | Scene, ViewLayer | Updating Shaders
Fra:37 Mem:126.57M (Peak 148.65M) | Time:00:00.25 | Mem:105.47M, Peak:105.47M | Scene, ViewLayer | Loading render kernels (may take a few minutes the first time)
Fra:37 Mem:126.69M (Peak 148.65M) | Time:00:00.25 | Mem:105.50M, Peak:105.50M | Scene, ViewLayer | Updating Procedurals
Fra:37 Mem:126.69M (Peak 148.65M) | Time:00:00.25 | Mem:105.50M, Peak:105.50M | Scene, ViewLayer | Updating Background
Fra:37 Mem:126.69M (Peak 148.65M) | Time:00:00.25 | Mem:105.50M, Peak:105.50M | Scene, ViewLayer | Updating Camera
Fra:37 Mem:126.69M (Peak 148.65M) | Time:00:00.25 | Mem:105.50M, Peak:105.50M | Scene, ViewLayer | Updating Meshes Flags
Fra:37 Mem:126.69M (Peak 148.65M) | Time:00:00.25 | Mem:105.50M, Peak:105.50M | Scene, ViewLayer | Updating Objects
Fra:37 Mem:126.69M (Peak 148.65M) | Time:00:00.25 | Mem:105.50M, Peak:105.50M | Scene, ViewLayer | Updating Objects | Copying Transformations to device
Fra:37 Mem:126.69M (Peak 148.65M) | Time:00:00.25 | Mem:105.51M, Peak:105.51M | Scene, ViewLayer | Updating Particle Systems
Fra:37 Mem:126.69M (Peak 148.65M) | Time:00:00.25 | Mem:105.51M, Peak:105.51M | Scene, ViewLayer | Updating Particle Systems | Copying Particles to device
Fra:37 Mem:126.69M (Peak 148.65M) | Time:00:00.25 | Mem:105.51M, Peak:105.51M | Scene, ViewLayer | Updating Meshes
Fra:37 Mem:126.69M (Peak 148.65M) | Time:00:00.25 | Mem:105.51M, Peak:105.51M | Scene, ViewLayer | Updating Objects | Applying Static Transformations
Fra:37 Mem:126.69M (Peak 148.65M) | Time:00:00.25 | Mem:105.51M, Peak:105.51M | Scene, ViewLayer | Updating Mesh | Computing attributes
Fra:37 Mem:126.71M (Peak 148.65M) | Time:00:00.25 | Mem:105.51M, Peak:105.51M | Scene, ViewLayer | Updating Mesh | Copying Attributes to device
Fra:37 Mem:126.71M (Peak 148.65M) | Time:00:00.25 | Mem:105.52M, Peak:105.52M | Scene, ViewLayer | Updating Scene BVH | Building
Fra:37 Mem:126.71M (Peak 148.65M) | Time:00:00.25 | Mem:105.52M, Peak:105.52M | Scene, ViewLayer | Updating Scene BVH | Building BVH
Fra:37 Mem:126.71M (Peak 148.65M) | Time:00:00.25 | Mem:105.53M, Peak:105.53M | Scene, ViewLayer | Updating Scene BVH | Building BVH 0%
Fra:37 Mem:126.71M (Peak 148.65M) | Time:00:00.25 | Mem:105.55M, Peak:105.57M | Scene, ViewLayer | Updating Scene BVH | Copying BVH to device
Fra:37 Mem:126.71M (Peak 148.65M) | Time:00:00.25 | Mem:105.55M, Peak:105.57M | Scene, ViewLayer | Updating Mesh | Computing normals
Fra:37 Mem:126.72M (Peak 148.65M) | Time:00:00.25 | Mem:105.55M, Peak:105.57M | Scene, ViewLayer | Updating Mesh | Copying Mesh to device
Fra:37 Mem:126.72M (Peak 148.65M) | Time:00:00.25 | Mem:105.57M, Peak:105.57M | Scene, ViewLayer | Updating Objects Flags
Fra:37 Mem:126.72M (Peak 148.65M) | Time:00:00.25 | Mem:105.57M, Peak:105.57M | Scene, ViewLayer | Updating Primitive Offsets
Fra:37 Mem:126.72M (Peak 148.65M) | Time:00:00.25 | Mem:105.57M, Peak:105.57M | Scene, ViewLayer | Updating Images
Fra:37 Mem:126.72M (Peak 148.65M) | Time:00:00.25 | Mem:105.57M, Peak:105.57M | Scene, ViewLayer | Updating Camera Volume
Fra:37 Mem:126.72M (Peak 148.65M) | Time:00:00.25 | Mem:105.57M, Peak:105.57M | Scene, ViewLayer | Updating Lookup Tables
Fra:37 Mem:126.72M (Peak 148.65M) | Time:00:00.25 | Mem:105.65M, Peak:105.65M | Scene, ViewLayer | Updating Lights
Fra:37 Mem:126.72M (Peak 148.65M) | Time:00:00.25 | Mem:105.65M, Peak:105.65M | Scene, ViewLayer | Updating Lights | Computing tree
Fra:37 Mem:126.73M (Peak 148.65M) | Time:00:00.25 | Mem:105.66M, Peak:105.66M | Scene, ViewLayer | Updating Integrator
Fra:37 Mem:126.73M (Peak 148.65M) | Time:00:00.25 | Mem:105.66M, Peak:105.66M | Scene, ViewLayer | Updating Film
Fra:37 Mem:126.74M (Peak 148.65M) | Time:00:00.25 | Mem:105.58M, Peak:105.66M | Scene, ViewLayer | Updating Lookup Tables
Fra:37 Mem:126.74M (Peak 148.65M) | Time:00:00.25 | Mem:105.67M, Peak:105.67M | Scene, ViewLayer | Updating Baking
Fra:37 Mem:126.74M (Peak 148.65M) | Time:00:00.25 | Mem:105.67M, Peak:105.67M | Scene, ViewLayer | Updating Device | Writing constant memory
Fra:37 Mem:126.74M (Peak 148.65M) | Time:00:00.25 | Mem:105.67M, Peak:105.67M | Scene, ViewLayer | Sample 0/16
Fra:37 Mem:132.94M (Peak 148.65M) | Time:00:00.59 | Remaining:00:05.11 | Mem:111.86M, Peak:111.86M | Scene, ViewLayer | Sample 1/16
Fra:37 Mem:135.69M (Peak 148.65M) | Time:00:05.56 | Mem:111.86M, Peak:111.86M | Scene, ViewLayer | Sample 16/16
Fra:37 Mem:135.69M (Peak 148.65M) | Time:00:05.56 | Mem:111.86M, Peak:111.86M | Scene, ViewLayer | Finished
Fra:37 Mem:23.77M (Peak 148.65M) | Time:00:05.57 | Compositing
Saved: 'work/preview-frames/mj/frame_0037.png'
Time: 00:05.65 (Saving: 00:00.03)

Fra:38 Mem:22.06M (Peak 22.06M) | Time:00:00.00 | Mem:0.00M, Peak:0.00M | Scene, ViewLayer | Synchronizing object | 柔光主灯
Fra:38 Mem:22.06M (Peak 22.06M) | Time:00:00.00 | Mem:0.00M, Peak:0.00M | Scene, ViewLayer | Synchronizing object | 内圈 · 古金细边
Fra:38 Mem:22.06M (Peak 22.06M) | Time:00:00.00 | Mem:0.00M, Peak:0.00M | Scene, ViewLayer | Synchronizing object | 正面均匀补光
Fra:38 Mem:22.06M (Peak 22.06M) | Time:00:00.00 | Mem:0.00M, Peak:0.00M | Scene, ViewLayer | Synchronizing object | 顶部金光
Fra:38 Mem:22.06M (Peak 22.06M) | Time:00:00.00 | Mem:0.00M, Peak:0.00M | Scene, ViewLayer | Synchronizing object | 主体平面 · 完整视差合成
Fra:38 Mem:22.06M (Peak 22.06M) | Time:00:00.00 | Mem:0.00M, Peak:0.00M | Scene, ViewLayer | Synchronizing object | 外圈 · 全息压边
Fra:38 Mem:22.08M (Peak 22.08M) | Time:00:00.00 | Mem:0.00M, Peak:0.00M | Scene, ViewLayer | Synchronizing object | 文字平面 · Alpha PNG
Fra:38 Mem:22.09M (Peak 22.09M) | Time:00:00.00 | Mem:0.00M, Peak:0.00M | Scene, ViewLayer | Initializing
Fra:38 Mem:22.07M (Peak 22.09M) | Time:00:00.00 | Mem:0.00M, Peak:0.00M | Scene, ViewLayer | Updating Images | Loading text.png
Fra:38 Mem:22.07M (Peak 22.09M) | Time:00:00.00 | Mem:0.00M, Peak:0.00M | Scene, ViewLayer | Updating Images | Loading subject.png
Fra:38 Mem:85.37M (Peak 106.46M) | Time:00:00.10 | Mem:21.09M, Peak:21.09M | Scene, ViewLayer | Updating Images | Loading lineart.png
Fra:38 Mem:85.36M (Peak 106.47M) | Time:00:00.12 | Mem:42.19M, Peak:42.19M | Scene, ViewLayer | Updating Images | Loading background.png
Fra:38 Mem:126.57M (Peak 148.65M) | Time:00:00.24 | Mem:105.47M, Peak:105.47M | Scene, ViewLayer | Waiting for render to start
Fra:38 Mem:126.57M (Peak 148.65M) | Time:00:00.24 | Mem:105.47M, Peak:105.47M | Scene, ViewLayer | Updating Scene
Fra:38 Mem:126.57M (Peak 148.65M) | Time:00:00.24 | Mem:105.47M, Peak:105.47M | Scene, ViewLayer | Updating Shaders
Fra:38 Mem:126.57M (Peak 148.65M) | Time:00:00.24 | Mem:105.47M, Peak:105.47M | Scene, ViewLayer | Loading render kernels (may take a few minutes the first time)
Fra:38 Mem:126.69M (Peak 148.65M) | Time:00:00.24 | Mem:105.50M, Peak:105.50M | Scene, ViewLayer | Updating Procedurals
Fra:38 Mem:126.69M (Peak 148.65M) | Time:00:00.24 | Mem:105.50M, Peak:105.50M | Scene, ViewLayer | Updating Background
Fra:38 Mem:126.69M (Peak 148.65M) | Time:00:00.24 | Mem:105.50M, Peak:105.50M | Scene, ViewLayer | Updating Camera
Fra:38 Mem:126.69M (Peak 148.65M) | Time:00:00.24 | Mem:105.50M, Peak:105.50M | Scene, ViewLayer | Updating Meshes Flags
Fra:38 Mem:126.69M (Peak 148.65M) | Time:00:00.24 | Mem:105.50M, Peak:105.50M | Scene, ViewLayer | Updating Objects
Fra:38 Mem:126.69M (Peak 148.65M) | Time:00:00.24 | Mem:105.50M, Peak:105.50M | Scene, ViewLayer | Updating Objects | Copying Transformations to device
Fra:38 Mem:126.69M (Peak 148.65M) | Time:00:00.24 | Mem:105.51M, Peak:105.51M | Scene, ViewLayer | Updating Particle Systems
Fra:38 Mem:126.69M (Peak 148.65M) | Time:00:00.24 | Mem:105.51M, Peak:105.51M | Scene, ViewLayer | Updating Particle Systems | Copying Particles to device
Fra:38 Mem:126.69M (Peak 148.65M) | Time:00:00.24 | Mem:105.51M, Peak:105.51M | Scene, ViewLayer | Updating Meshes
Fra:38 Mem:126.69M (Peak 148.65M) | Time:00:00.24 | Mem:105.51M, Peak:105.51M | Scene, ViewLayer | Updating Objects | Applying Static Transformations
Fra:38 Mem:126.69M (Peak 148.65M) | Time:00:00.24 | Mem:105.51M, Peak:105.51M | Scene, ViewLayer | Updating Mesh | Computing attributes
Fra:38 Mem:126.71M (Peak 148.65M) | Time:00:00.24 | Mem:105.51M, Peak:105.51M | Scene, ViewLayer | Updating Mesh | Copying Attributes to device
Fra:38 Mem:126.71M (Peak 148.65M) | Time:00:00.24 | Mem:105.52M, Peak:105.52M | Scene, ViewLayer | Updating Scene BVH | Building
Fra:38 Mem:126.71M (Peak 148.65M) | Time:00:00.24 | Mem:105.52M, Peak:105.52M | Scene, ViewLayer | Updating Scene BVH | Building BVH
Fra:38 Mem:126.71M (Peak 148.65M) | Time:00:00.24 | Mem:105.53M, Peak:105.53M | Scene, ViewLayer | Updating Scene BVH | Building BVH 0%
Fra:38 Mem:126.71M (Peak 148.65M) | Time:00:00.24 | Mem:105.55M, Peak:105.57M | Scene, ViewLayer | Updating Scene BVH | Copying BVH to device
Fra:38 Mem:126.71M (Peak 148.65M) | Time:00:00.24 | Mem:105.55M, Peak:105.57M | Scene, ViewLayer | Updating Mesh | Computing normals
Fra:38 Mem:126.72M (Peak 148.65M) | Time:00:00.24 | Mem:105.55M, Peak:105.57M | Scene, ViewLayer | Updating Mesh | Copying Mesh to device
Fra:38 Mem:126.72M (Peak 148.65M) | Time:00:00.24 | Mem:105.57M, Peak:105.57M | Scene, ViewLayer | Updating Objects Flags
Fra:38 Mem:126.72M (Peak 148.65M) | Time:00:00.24 | Mem:105.57M, Peak:105.57M | Scene, ViewLayer | Updating Primitive Offsets
Fra:38 Mem:126.72M (Peak 148.65M) | Time:00:00.24 | Mem:105.57M, Peak:105.57M | Scene, ViewLayer | Updating Images
Fra:38 Mem:126.72M (Peak 148.65M) | Time:00:00.24 | Mem:105.57M, Peak:105.57M | Scene, ViewLayer | Updating Camera Volume
Fra:38 Mem:126.72M (Peak 148.65M) | Time:00:00.24 | Mem:105.57M, Peak:105.57M | Scene, ViewLayer | Updating Lookup Tables
Fra:38 Mem:126.72M (Peak 148.65M) | Time:00:00.24 | Mem:105.65M, Peak:105.65M | Scene, ViewLayer | Updating Lights
Fra:38 Mem:126.72M (Peak 148.65M) | Time:00:00.24 | Mem:105.65M, Peak:105.65M | Scene, ViewLayer | Updating Lights | Computing tree
Fra:38 Mem:126.73M (Peak 148.65M) | Time:00:00.24 | Mem:105.66M, Peak:105.66M | Scene, ViewLayer | Updating Integrator
Fra:38 Mem:126.73M (Peak 148.65M) | Time:00:00.24 | Mem:105.66M, Peak:105.66M | Scene, ViewLayer | Updating Film
Fra:38 Mem:126.74M (Peak 148.65M) | Time:00:00.24 | Mem:105.58M, Peak:105.66M | Scene, ViewLayer | Updating Lookup Tables
Fra:38 Mem:126.74M (Peak 148.65M) | Time:00:00.24 | Mem:105.67M, Peak:105.67M | Scene, ViewLayer | Updating Baking
Fra:38 Mem:126.74M (Peak 148.65M) | Time:00:00.24 | Mem:105.67M, Peak:105.67M | Scene, ViewLayer | Updating Device | Writing constant memory
Fra:38 Mem:126.74M (Peak 148.65M) | Time:00:00.24 | Mem:105.67M, Peak:105.67M | Scene, ViewLayer | Sample 0/16
Fra:38 Mem:132.94M (Peak 148.65M) | Time:00:00.59 | Remaining:00:05.18 | Mem:111.86M, Peak:111.86M | Scene, ViewLayer | Sample 1/16
Fra:38 Mem:135.69M (Peak 148.65M) | Time:00:05.57 | Mem:111.86M, Peak:111.86M | Scene, ViewLayer | Sample 16/16
Fra:38 Mem:135.69M (Peak 148.65M) | Time:00:05.57 | Mem:111.86M, Peak:111.86M | Scene, ViewLayer | Finished
Fra:38 Mem:23.77M (Peak 148.65M) | Time:00:05.58 | Compositing
Saved: 'work/preview-frames/mj/frame_0038.png'
Time: 00:05.73 (Saving: 00:00.10)

Fra:39 Mem:22.06M (Peak 22.06M) | Time:00:00.00 | Mem:0.00M, Peak:0.00M | Scene, ViewLayer | Synchronizing object | 柔光主灯
Fra:39 Mem:22.06M (Peak 22.06M) | Time:00:00.00 | Mem:0.00M, Peak:0.00M | Scene, ViewLayer | Synchronizing object | 内圈 · 古金细边
Fra:39 Mem:22.06M (Peak 22.06M) | Time:00:00.00 | Mem:0.00M, Peak:0.00M | Scene, ViewLayer | Synchronizing object | 正面均匀补光
Fra:39 Mem:22.06M (Peak 22.06M) | Time:00:00.00 | Mem:0.00M, Peak:0.00M | Scene, ViewLayer | Synchronizing object | 顶部金光
Fra:39 Mem:22.06M (Peak 22.06M) | Time:00:00.00 | Mem:0.00M, Peak:0.00M | Scene, ViewLayer | Synchronizing object | 主体平面 · 完整视差合成
Fra:39 Mem:22.06M (Peak 22.06M) | Time:00:00.00 | Mem:0.00M, Peak:0.00M | Scene, ViewLayer | Synchronizing object | 外圈 · 全息压边
Fra:39 Mem:22.08M (Peak 22.08M) | Time:00:00.00 | Mem:0.00M, Peak:0.00M | Scene, ViewLayer | Synchronizing object | 文字平面 · Alpha PNG
Fra:39 Mem:22.09M (Peak 22.09M) | Time:00:00.00 | Mem:0.00M, Peak:0.00M | Scene, ViewLayer | Initializing
Fra:39 Mem:22.07M (Peak 22.09M) | Time:00:00.00 | Mem:0.00M, Peak:0.00M | Scene, ViewLayer | Updating Images | Loading text.png
Fra:39 Mem:22.07M (Peak 22.09M) | Time:00:00.00 | Mem:0.00M, Peak:0.00M | Scene, ViewLayer | Updating Images | Loading subject.png
Fra:39 Mem:64.27M (Peak 85.36M) | Time:00:00.09 | Mem:21.09M, Peak:21.09M | Scene, ViewLayer | Updating Images | Loading lineart.png
Fra:39 Mem:85.36M (Peak 106.47M) | Time:00:00.12 | Mem:42.19M, Peak:42.19M | Scene, ViewLayer | Updating Images | Loading background.png
Fra:39 Mem:126.57M (Peak 148.65M) | Time:00:00.24 | Mem:105.47M, Peak:105.47M | Scene, ViewLayer | Waiting for render to start
Fra:39 Mem:126.57M (Peak 148.65M) | Time:00:00.24 | Mem:105.47M, Peak:105.47M | Scene, ViewLayer | Updating Scene
Fra:39 Mem:126.57M (Peak 148.65M) | Time:00:00.24 | Mem:105.47M, Peak:105.47M | Scene, ViewLayer | Updating Shaders
Fra:39 Mem:126.57M (Peak 148.65M) | Time:00:00.24 | Mem:105.47M, Peak:105.47M | Scene, ViewLayer | Loading render kernels (may take a few minutes the first time)
Fra:39 Mem:126.69M (Peak 148.65M) | Time:00:00.24 | Mem:105.50M, Peak:105.50M | Scene, ViewLayer | Updating Procedurals
Fra:39 Mem:126.69M (Peak 148.65M) | Time:00:00.24 | Mem:105.50M, Peak:105.50M | Scene, ViewLayer | Updating Background
Fra:39 Mem:126.69M (Peak 148.65M) | Time:00:00.24 | Mem:105.50M, Peak:105.50M | Scene, ViewLayer | Updating Camera
Fra:39 Mem:126.69M (Peak 148.65M) | Time:00:00.24 | Mem:105.50M, Peak:105.50M | Scene, ViewLayer | Updating Meshes Flags
Fra:39 Mem:126.69M (Peak 148.65M) | Time:00:00.24 | Mem:105.50M, Peak:105.50M | Scene, ViewLayer | Updating Objects
Fra:39 Mem:126.69M (Peak 148.65M) | Time:00:00.24 | Mem:105.50M, Peak:105.50M | Scene, ViewLayer | Updating Objects | Copying Transformations to device
Fra:39 Mem:126.69M (Peak 148.65M) | Time:00:00.24 | Mem:105.51M, Peak:105.51M | Scene, ViewLayer | Updating Particle Systems
Fra:39 Mem:126.69M (Peak 148.65M) | Time:00:00.24 | Mem:105.51M, Peak:105.51M | Scene, ViewLayer | Updating Particle Systems | Copying Particles to device
Fra:39 Mem:126.69M (Peak 148.65M) | Time:00:00.24 | Mem:105.51M, Peak:105.51M | Scene, ViewLayer | Updating Meshes
Fra:39 Mem:126.69M (Peak 148.65M) | Time:00:00.24 | Mem:105.51M, Peak:105.51M | Scene, ViewLayer | Updating Objects | Applying Static Transformations
Fra:39 Mem:126.69M (Peak 148.65M) | Time:00:00.24 | Mem:105.51M, Peak:105.51M | Scene, ViewLayer | Updating Mesh | Computing attributes
Fra:39 Mem:126.71M (Peak 148.65M) | Time:00:00.24 | Mem:105.51M, Peak:105.51M | Scene, ViewLayer | Updating Mesh | Copying Attributes to device
Fra:39 Mem:126.71M (Peak 148.65M) | Time:00:00.24 | Mem:105.52M, Peak:105.52M | Scene, ViewLayer | Updating Scene BVH | Building
Fra:39 Mem:126.71M (Peak 148.65M) | Time:00:00.24 | Mem:105.52M, Peak:105.52M | Scene, ViewLayer | Updating Scene BVH | Building BVH
Fra:39 Mem:126.71M (Peak 148.65M) | Time:00:00.24 | Mem:105.53M, Peak:105.53M | Scene, ViewLayer | Updating Scene BVH | Building BVH 0%
Fra:39 Mem:126.71M (Peak 148.65M) | Time:00:00.24 | Mem:105.55M, Peak:105.57M | Scene, ViewLayer | Updating Scene BVH | Copying BVH to device
Fra:39 Mem:126.71M (Peak 148.65M) | Time:00:00.24 | Mem:105.55M, Peak:105.57M | Scene, ViewLayer | Updating Mesh | Computing normals
Fra:39 Mem:126.72M (Peak 148.65M) | Time:00:00.24 | Mem:105.55M, Peak:105.57M | Scene, ViewLayer | Updating Mesh | Copying Mesh to device
Fra:39 Mem:126.72M (Peak 148.65M) | Time:00:00.24 | Mem:105.57M, Peak:105.57M | Scene, ViewLayer | Updating Objects Flags
Fra:39 Mem:126.72M (Peak 148.65M) | Time:00:00.24 | Mem:105.57M, Peak:105.57M | Scene, ViewLayer | Updating Primitive Offsets
Fra:39 Mem:126.72M (Peak 148.65M) | Time:00:00.24 | Mem:105.57M, Peak:105.57M | Scene, ViewLayer | Updating Images
Fra:39 Mem:126.72M (Peak 148.65M) | Time:00:00.24 | Mem:105.57M, Peak:105.57M | Scene, ViewLayer | Updating Camera Volume
Fra:39 Mem:126.72M (Peak 148.65M) | Time:00:00.24 | Mem:105.57M, Peak:105.57M | Scene, ViewLayer | Updating Lookup Tables
Fra:39 Mem:126.72M (Peak 148.65M) | Time:00:00.24 | Mem:105.65M, Peak:105.65M | Scene, ViewLayer | Updating Lights
Fra:39 Mem:126.72M (Peak 148.65M) | Time:00:00.24 | Mem:105.65M, Peak:105.65M | Scene, ViewLayer | Updating Lights | Computing tree
Fra:39 Mem:126.73M (Peak 148.65M) | Time:00:00.24 | Mem:105.66M, Peak:105.66M | Scene, ViewLayer | Updating Integrator
Fra:39 Mem:126.73M (Peak 148.65M) | Time:00:00.24 | Mem:105.66M, Peak:105.66M | Scene, ViewLayer | Updating Film
Fra:39 Mem:126.74M (Peak 148.65M) | Time:00:00.24 | Mem:105.58M, Peak:105.66M | Scene, ViewLayer | Updating Lookup Tables
Fra:39 Mem:126.74M (Peak 148.65M) | Time:00:00.24 | Mem:105.67M, Peak:105.67M | Scene, ViewLayer | Updating Baking
Fra:39 Mem:126.74M (Peak 148.65M) | Time:00:00.24 | Mem:105.67M, Peak:105.67M | Scene, ViewLayer | Updating Device | Writing constant memory
Fra:39 Mem:126.74M (Peak 148.65M) | Time:00:00.24 | Mem:105.67M, Peak:105.67M | Scene, ViewLayer | Sample 0/16
Fra:39 Mem:132.94M (Peak 148.65M) | Time:00:00.59 | Remaining:00:05.18 | Mem:111.86M, Peak:111.86M | Scene, ViewLayer | Sample 1/16
Fra:39 Mem:135.69M (Peak 148.65M) | Time:00:05.63 | Mem:111.86M, Peak:111.86M | Scene, ViewLayer | Sample 16/16
Fra:39 Mem:135.69M (Peak 148.65M) | Time:00:05.63 | Mem:111.86M, Peak:111.86M | Scene, ViewLayer | Finished
Fra:39 Mem:23.77M (Peak 148.65M) | Time:00:05.64 | Compositing
Saved: 'work/preview-frames/mj/frame_0039.png'
Time: 00:05.74 (Saving: 00:00.05)

Fra:40 Mem:22.06M (Peak 22.06M) | Time:00:00.00 | Mem:0.00M, Peak:0.00M | Scene, ViewLayer | Synchronizing object | 柔光主灯
Fra:40 Mem:22.06M (Peak 22.06M) | Time:00:00.00 | Mem:0.00M, Peak:0.00M | Scene, ViewLayer | Synchronizing object | 内圈 · 古金细边
Fra:40 Mem:22.06M (Peak 22.06M) | Time:00:00.00 | Mem:0.00M, Peak:0.00M | Scene, ViewLayer | Synchronizing object | 正面均匀补光
Fra:40 Mem:22.06M (Peak 22.06M) | Time:00:00.00 | Mem:0.00M, Peak:0.00M | Scene, ViewLayer | Synchronizing object | 顶部金光
Fra:40 Mem:22.06M (Peak 22.06M) | Time:00:00.00 | Mem:0.00M, Peak:0.00M | Scene, ViewLayer | Synchronizing object | 主体平面 · 完整视差合成
Fra:40 Mem:22.06M (Peak 22.06M) | Time:00:00.00 | Mem:0.00M, Peak:0.00M | Scene, ViewLayer | Synchronizing object | 外圈 · 全息压边
Fra:40 Mem:22.08M (Peak 22.08M) | Time:00:00.00 | Mem:0.00M, Peak:0.00M | Scene, ViewLayer | Synchronizing object | 文字平面 · Alpha PNG
Fra:40 Mem:22.09M (Peak 22.09M) | Time:00:00.00 | Mem:0.00M, Peak:0.00M | Scene, ViewLayer | Initializing
Fra:40 Mem:22.07M (Peak 22.09M) | Time:00:00.00 | Mem:0.00M, Peak:0.00M | Scene, ViewLayer | Updating Images | Loading text.png
Fra:40 Mem:22.07M (Peak 22.09M) | Time:00:00.00 | Mem:0.00M, Peak:0.00M | Scene, ViewLayer | Updating Images | Loading subject.png
Fra:40 Mem:64.27M (Peak 85.36M) | Time:00:00.09 | Mem:21.09M, Peak:21.09M | Scene, ViewLayer | Updating Images | Loading lineart.png
Fra:40 Mem:85.36M (Peak 106.47M) | Time:00:00.12 | Mem:42.19M, Peak:42.19M | Scene, ViewLayer | Updating Images | Loading background.png
Fra:40 Mem:126.57M (Peak 148.65M) | Time:00:00.25 | Mem:105.47M, Peak:105.47M | Scene, ViewLayer | Waiting for render to start
Fra:40 Mem:126.57M (Peak 148.65M) | Time:00:00.25 | Mem:105.47M, Peak:105.47M | Scene, ViewLayer | Updating Scene
Fra:40 Mem:126.57M (Peak 148.65M) | Time:00:00.25 | Mem:105.47M, Peak:105.47M | Scene, ViewLayer | Updating Shaders
Fra:40 Mem:126.57M (Peak 148.65M) | Time:00:00.25 | Mem:105.47M, Peak:105.47M | Scene, ViewLayer | Loading render kernels (may take a few minutes the first time)
Fra:40 Mem:126.69M (Peak 148.65M) | Time:00:00.25 | Mem:105.50M, Peak:105.50M | Scene, ViewLayer | Updating Procedurals
Fra:40 Mem:126.69M (Peak 148.65M) | Time:00:00.25 | Mem:105.50M, Peak:105.50M | Scene, ViewLayer | Updating Background
Fra:40 Mem:126.69M (Peak 148.65M) | Time:00:00.25 | Mem:105.50M, Peak:105.50M | Scene, ViewLayer | Updating Camera
Fra:40 Mem:126.69M (Peak 148.65M) | Time:00:00.25 | Mem:105.50M, Peak:105.50M | Scene, ViewLayer | Updating Meshes Flags
Fra:40 Mem:126.69M (Peak 148.65M) | Time:00:00.25 | Mem:105.50M, Peak:105.50M | Scene, ViewLayer | Updating Objects
Fra:40 Mem:126.69M (Peak 148.65M) | Time:00:00.25 | Mem:105.50M, Peak:105.50M | Scene, ViewLayer | Updating Objects | Copying Transformations to device
Fra:40 Mem:126.69M (Peak 148.65M) | Time:00:00.25 | Mem:105.51M, Peak:105.51M | Scene, ViewLayer | Updating Particle Systems
Fra:40 Mem:126.69M (Peak 148.65M) | Time:00:00.25 | Mem:105.51M, Peak:105.51M | Scene, ViewLayer | Updating Particle Systems | Copying Particles to device
Fra:40 Mem:126.69M (Peak 148.65M) | Time:00:00.25 | Mem:105.51M, Peak:105.51M | Scene, ViewLayer | Updating Meshes
Fra:40 Mem:126.69M (Peak 148.65M) | Time:00:00.25 | Mem:105.51M, Peak:105.51M | Scene, ViewLayer | Updating Objects | Applying Static Transformations
Fra:40 Mem:126.69M (Peak 148.65M) | Time:00:00.25 | Mem:105.51M, Peak:105.51M | Scene, ViewLayer | Updating Mesh | Computing attributes
Fra:40 Mem:126.71M (Peak 148.65M) | Time:00:00.25 | Mem:105.51M, Peak:105.51M | Scene, ViewLayer | Updating Mesh | Copying Attributes to device
Fra:40 Mem:126.71M (Peak 148.65M) | Time:00:00.25 | Mem:105.52M, Peak:105.52M | Scene, ViewLayer | Updating Scene BVH | Building
Fra:40 Mem:126.71M (Peak 148.65M) | Time:00:00.25 | Mem:105.52M, Peak:105.52M | Scene, ViewLayer | Updating Scene BVH | Building BVH
Fra:40 Mem:126.71M (Peak 148.65M) | Time:00:00.25 | Mem:105.53M, Peak:105.53M | Scene, ViewLayer | Updating Scene BVH | Building BVH 0%
Fra:40 Mem:126.71M (Peak 148.65M) | Time:00:00.25 | Mem:105.55M, Peak:105.57M | Scene, ViewLayer | Updating Scene BVH | Copying BVH to device
Fra:40 Mem:126.71M (Peak 148.65M) | Time:00:00.25 | Mem:105.55M, Peak:105.57M | Scene, ViewLayer | Updating Mesh | Computing normals
Fra:40 Mem:126.72M (Peak 148.65M) | Time:00:00.25 | Mem:105.55M, Peak:105.57M | Scene, ViewLayer | Updating Mesh | Copying Mesh to device
Fra:40 Mem:126.72M (Peak 148.65M) | Time:00:00.25 | Mem:105.57M, Peak:105.57M | Scene, ViewLayer | Updating Objects Flags
Fra:40 Mem:126.72M (Peak 148.65M) | Time:00:00.25 | Mem:105.57M, Peak:105.57M | Scene, ViewLayer | Updating Primitive Offsets
Fra:40 Mem:126.72M (Peak 148.65M) | Time:00:00.25 | Mem:105.57M, Peak:105.57M | Scene, ViewLayer | Updating Images
Fra:40 Mem:126.72M (Peak 148.65M) | Time:00:00.25 | Mem:105.57M, Peak:105.57M | Scene, ViewLayer | Updating Camera Volume
Fra:40 Mem:126.72M (Peak 148.65M) | Time:00:00.25 | Mem:105.57M, Peak:105.57M | Scene, ViewLayer | Updating Lookup Tables
Fra:40 Mem:126.72M (Peak 148.65M) | Time:00:00.25 | Mem:105.65M, Peak:105.65M | Scene, ViewLayer | Updating Lights
Fra:40 Mem:126.72M (Peak 148.65M) | Time:00:00.25 | Mem:105.65M, Peak:105.65M | Scene, ViewLayer | Updating Lights | Computing tree
Fra:40 Mem:126.73M (Peak 148.65M) | Time:00:00.25 | Mem:105.66M, Peak:105.66M | Scene, ViewLayer | Updating Integrator
Fra:40 Mem:126.73M (Peak 148.65M) | Time:00:00.25 | Mem:105.66M, Peak:105.66M | Scene, ViewLayer | Updating Film
Fra:40 Mem:126.74M (Peak 148.65M) | Time:00:00.25 | Mem:105.58M, Peak:105.66M | Scene, ViewLayer | Updating Lookup Tables
Fra:40 Mem:126.74M (Peak 148.65M) | Time:00:00.25 | Mem:105.67M, Peak:105.67M | Scene, ViewLayer | Updating Baking
Fra:40 Mem:126.74M (Peak 148.65M) | Time:00:00.25 | Mem:105.67M, Peak:105.67M | Scene, ViewLayer | Updating Device | Writing constant memory
Fra:40 Mem:126.74M (Peak 148.65M) | Time:00:00.25 | Mem:105.67M, Peak:105.67M | Scene, ViewLayer | Sample 0/16
Fra:40 Mem:132.94M (Peak 148.65M) | Time:00:00.59 | Remaining:00:05.15 | Mem:111.86M, Peak:111.86M | Scene, ViewLayer | Sample 1/16
Fra:40 Mem:135.69M (Peak 148.65M) | Time:00:05.58 | Mem:111.86M, Peak:111.86M | Scene, ViewLayer | Sample 16/16
Fra:40 Mem:135.69M (Peak 148.65M) | Time:00:05.58 | Mem:111.86M, Peak:111.86M | Scene, ViewLayer | Finished
Fra:40 Mem:23.77M (Peak 148.65M) | Time:00:05.59 | Compositing
Saved: 'work/preview-frames/mj/frame_0040.png'
Time: 00:05.71 (Saving: 00:00.06)

Fra:41 Mem:22.06M (Peak 22.06M) | Time:00:00.00 | Mem:0.00M, Peak:0.00M | Scene, ViewLayer | Synchronizing object | 柔光主灯
Fra:41 Mem:22.06M (Peak 22.06M) | Time:00:00.00 | Mem:0.00M, Peak:0.00M | Scene, ViewLayer | Synchronizing object | 内圈 · 古金细边
Fra:41 Mem:22.06M (Peak 22.06M) | Time:00:00.00 | Mem:0.00M, Peak:0.00M | Scene, ViewLayer | Synchronizing object | 正面均匀补光
Fra:41 Mem:22.06M (Peak 22.06M) | Time:00:00.00 | Mem:0.00M, Peak:0.00M | Scene, ViewLayer | Synchronizing object | 顶部金光
Fra:41 Mem:22.06M (Peak 22.06M) | Time:00:00.00 | Mem:0.00M, Peak:0.00M | Scene, ViewLayer | Synchronizing object | 主体平面 · 完整视差合成
Fra:41 Mem:22.06M (Peak 22.06M) | Time:00:00.00 | Mem:0.00M, Peak:0.00M | Scene, ViewLayer | Synchronizing object | 外圈 · 全息压边
Fra:41 Mem:22.08M (Peak 22.08M) | Time:00:00.00 | Mem:0.00M, Peak:0.00M | Scene, ViewLayer | Synchronizing object | 文字平面 · Alpha PNG
Fra:41 Mem:22.09M (Peak 22.09M) | Time:00:00.00 | Mem:0.00M, Peak:0.00M | Scene, ViewLayer | Initializing
Fra:41 Mem:22.07M (Peak 22.09M) | Time:00:00.00 | Mem:0.00M, Peak:0.00M | Scene, ViewLayer | Updating Images | Loading text.png
Fra:41 Mem:22.07M (Peak 22.09M) | Time:00:00.00 | Mem:0.00M, Peak:0.00M | Scene, ViewLayer | Updating Images | Loading subject.png
Fra:41 Mem:64.27M (Peak 85.36M) | Time:00:00.09 | Mem:21.09M, Peak:21.09M | Scene, ViewLayer | Updating Images | Loading lineart.png
Fra:41 Mem:85.36M (Peak 106.47M) | Time:00:00.12 | Mem:42.19M, Peak:42.19M | Scene, ViewLayer | Updating Images | Loading background.png
Fra:41 Mem:126.57M (Peak 148.65M) | Time:00:00.25 | Mem:105.47M, Peak:105.47M | Scene, ViewLayer | Waiting for render to start
Fra:41 Mem:126.57M (Peak 148.65M) | Time:00:00.25 | Mem:105.47M, Peak:105.47M | Scene, ViewLayer | Updating Scene
Fra:41 Mem:126.57M (Peak 148.65M) | Time:00:00.25 | Mem:105.47M, Peak:105.47M | Scene, ViewLayer | Updating Shaders
Fra:41 Mem:126.57M (Peak 148.65M) | Time:00:00.25 | Mem:105.47M, Peak:105.47M | Scene, ViewLayer | Loading render kernels (may take a few minutes the first time)
Fra:41 Mem:126.69M (Peak 148.65M) | Time:00:00.25 | Mem:105.50M, Peak:105.50M | Scene, ViewLayer | Updating Procedurals
Fra:41 Mem:126.69M (Peak 148.65M) | Time:00:00.25 | Mem:105.50M, Peak:105.50M | Scene, ViewLayer | Updating Background
Fra:41 Mem:126.69M (Peak 148.65M) | Time:00:00.25 | Mem:105.50M, Peak:105.50M | Scene, ViewLayer | Updating Camera
Fra:41 Mem:126.69M (Peak 148.65M) | Time:00:00.25 | Mem:105.50M, Peak:105.50M | Scene, ViewLayer | Updating Meshes Flags
Fra:41 Mem:126.69M (Peak 148.65M) | Time:00:00.25 | Mem:105.50M, Peak:105.50M | Scene, ViewLayer | Updating Objects
Fra:41 Mem:126.69M (Peak 148.65M) | Time:00:00.25 | Mem:105.50M, Peak:105.50M | Scene, ViewLayer | Updating Objects | Copying Transformations to device
Fra:41 Mem:126.69M (Peak 148.65M) | Time:00:00.25 | Mem:105.51M, Peak:105.51M | Scene, ViewLayer | Updating Particle Systems
Fra:41 Mem:126.69M (Peak 148.65M) | Time:00:00.25 | Mem:105.51M, Peak:105.51M | Scene, ViewLayer | Updating Particle Systems | Copying Particles to device
Fra:41 Mem:126.69M (Peak 148.65M) | Time:00:00.25 | Mem:105.51M, Peak:105.51M | Scene, ViewLayer | Updating Meshes
Fra:41 Mem:126.69M (Peak 148.65M) | Time:00:00.25 | Mem:105.51M, Peak:105.51M | Scene, ViewLayer | Updating Objects | Applying Static Transformations
Fra:41 Mem:126.69M (Peak 148.65M) | Time:00:00.25 | Mem:105.51M, Peak:105.51M | Scene, ViewLayer | Updating Mesh | Computing attributes
Fra:41 Mem:126.71M (Peak 148.65M) | Time:00:00.25 | Mem:105.51M, Peak:105.51M | Scene, ViewLayer | Updating Mesh | Copying Attributes to device
Fra:41 Mem:126.71M (Peak 148.65M) | Time:00:00.25 | Mem:105.52M, Peak:105.52M | Scene, ViewLayer | Updating Scene BVH | Building
Fra:41 Mem:126.71M (Peak 148.65M) | Time:00:00.25 | Mem:105.52M, Peak:105.52M | Scene, ViewLayer | Updating Scene BVH | Building BVH
Fra:41 Mem:126.71M (Peak 148.65M) | Time:00:00.25 | Mem:105.53M, Peak:105.53M | Scene, ViewLayer | Updating Scene BVH | Building BVH 0%
Fra:41 Mem:126.71M (Peak 148.65M) | Time:00:00.25 | Mem:105.55M, Peak:105.57M | Scene, ViewLayer | Updating Scene BVH | Copying BVH to device
Fra:41 Mem:126.71M (Peak 148.65M) | Time:00:00.25 | Mem:105.55M, Peak:105.57M | Scene, ViewLayer | Updating Mesh | Computing normals
Fra:41 Mem:126.72M (Peak 148.65M) | Time:00:00.25 | Mem:105.55M, Peak:105.57M | Scene, ViewLayer | Updating Mesh | Copying Mesh to device
Fra:41 Mem:126.72M (Peak 148.65M) | Time:00:00.25 | Mem:105.57M, Peak:105.57M | Scene, ViewLayer | Updating Objects Flags
Fra:41 Mem:126.72M (Peak 148.65M) | Time:00:00.25 | Mem:105.57M, Peak:105.57M | Scene, ViewLayer | Updating Primitive Offsets
Fra:41 Mem:126.72M (Peak 148.65M) | Time:00:00.25 | Mem:105.57M, Peak:105.57M | Scene, ViewLayer | Updating Images
Fra:41 Mem:126.72M (Peak 148.65M) | Time:00:00.25 | Mem:105.57M, Peak:105.57M | Scene, ViewLayer | Updating Camera Volume
Fra:41 Mem:126.72M (Peak 148.65M) | Time:00:00.25 | Mem:105.57M, Peak:105.57M | Scene, ViewLayer | Updating Lookup Tables
Fra:41 Mem:126.72M (Peak 148.65M) | Time:00:00.25 | Mem:105.65M, Peak:105.65M | Scene, ViewLayer | Updating Lights
Fra:41 Mem:126.72M (Peak 148.65M) | Time:00:00.25 | Mem:105.65M, Peak:105.65M | Scene, ViewLayer | Updating Lights | Computing tree
Fra:41 Mem:126.73M (Peak 148.65M) | Time:00:00.25 | Mem:105.66M, Peak:105.66M | Scene, ViewLayer | Updating Integrator
Fra:41 Mem:126.73M (Peak 148.65M) | Time:00:00.25 | Mem:105.66M, Peak:105.66M | Scene, ViewLayer | Updating Film
Fra:41 Mem:126.74M (Peak 148.65M) | Time:00:00.25 | Mem:105.58M, Peak:105.66M | Scene, ViewLayer | Updating Lookup Tables
Fra:41 Mem:126.74M (Peak 148.65M) | Time:00:00.25 | Mem:105.67M, Peak:105.67M | Scene, ViewLayer | Updating Baking
Fra:41 Mem:126.74M (Peak 148.65M) | Time:00:00.25 | Mem:105.67M, Peak:105.67M | Scene, ViewLayer | Updating Device | Writing constant memory
Fra:41 Mem:126.74M (Peak 148.65M) | Time:00:00.25 | Mem:105.67M, Peak:105.67M | Scene, ViewLayer | Sample 0/16
Fra:41 Mem:132.94M (Peak 148.65M) | Time:00:00.59 | Remaining:00:05.14 | Mem:111.86M, Peak:111.86M | Scene, ViewLayer | Sample 1/16
Fra:41 Mem:135.69M (Peak 148.65M) | Time:00:05.55 | Mem:111.86M, Peak:111.86M | Scene, ViewLayer | Sample 16/16
Fra:41 Mem:135.69M (Peak 148.65M) | Time:00:05.55 | Mem:111.86M, Peak:111.86M | Scene, ViewLayer | Finished
Fra:41 Mem:23.77M (Peak 148.65M) | Time:00:05.56 | Compositing
Saved: 'work/preview-frames/mj/frame_0041.png'
Time: 00:05.64 (Saving: 00:00.03)

Fra:42 Mem:22.06M (Peak 22.06M) | Time:00:00.00 | Mem:0.00M, Peak:0.00M | Scene, ViewLayer | Synchronizing object | 柔光主灯
Fra:42 Mem:22.06M (Peak 22.06M) | Time:00:00.00 | Mem:0.00M, Peak:0.00M | Scene, ViewLayer | Synchronizing object | 内圈 · 古金细边
Fra:42 Mem:22.06M (Peak 22.06M) | Time:00:00.00 | Mem:0.00M, Peak:0.00M | Scene, ViewLayer | Synchronizing object | 正面均匀补光
Fra:42 Mem:22.06M (Peak 22.06M) | Time:00:00.00 | Mem:0.00M, Peak:0.00M | Scene, ViewLayer | Synchronizing object | 顶部金光
Fra:42 Mem:22.06M (Peak 22.06M) | Time:00:00.00 | Mem:0.00M, Peak:0.00M | Scene, ViewLayer | Synchronizing object | 主体平面 · 完整视差合成
Fra:42 Mem:22.06M (Peak 22.06M) | Time:00:00.00 | Mem:0.00M, Peak:0.00M | Scene, ViewLayer | Synchronizing object | 外圈 · 全息压边
Fra:42 Mem:22.08M (Peak 22.08M) | Time:00:00.00 | Mem:0.00M, Peak:0.00M | Scene, ViewLayer | Synchronizing object | 文字平面 · Alpha PNG
Fra:42 Mem:22.09M (Peak 22.09M) | Time:00:00.00 | Mem:0.00M, Peak:0.00M | Scene, ViewLayer | Initializing
Fra:42 Mem:22.07M (Peak 22.09M) | Time:00:00.00 | Mem:0.00M, Peak:0.00M | Scene, ViewLayer | Updating Images | Loading text.png
Fra:42 Mem:22.07M (Peak 22.09M) | Time:00:00.00 | Mem:0.00M, Peak:0.00M | Scene, ViewLayer | Updating Images | Loading subject.png
Fra:42 Mem:64.27M (Peak 85.36M) | Time:00:00.10 | Mem:21.09M, Peak:21.09M | Scene, ViewLayer | Updating Images | Loading lineart.png
Fra:42 Mem:85.36M (Peak 106.47M) | Time:00:00.12 | Mem:42.19M, Peak:42.19M | Scene, ViewLayer | Updating Images | Loading background.png
Fra:42 Mem:126.57M (Peak 148.65M) | Time:00:00.25 | Mem:105.47M, Peak:105.47M | Scene, ViewLayer | Waiting for render to start
Fra:42 Mem:126.57M (Peak 148.65M) | Time:00:00.25 | Mem:105.47M, Peak:105.47M | Scene, ViewLayer | Updating Scene
Fra:42 Mem:126.57M (Peak 148.65M) | Time:00:00.25 | Mem:105.47M, Peak:105.47M | Scene, ViewLayer | Updating Shaders
Fra:42 Mem:126.57M (Peak 148.65M) | Time:00:00.25 | Mem:105.47M, Peak:105.47M | Scene, ViewLayer | Loading render kernels (may take a few minutes the first time)
Fra:42 Mem:126.69M (Peak 148.65M) | Time:00:00.25 | Mem:105.50M, Peak:105.50M | Scene, ViewLayer | Updating Procedurals
Fra:42 Mem:126.69M (Peak 148.65M) | Time:00:00.25 | Mem:105.50M, Peak:105.50M | Scene, ViewLayer | Updating Background
Fra:42 Mem:126.69M (Peak 148.65M) | Time:00:00.25 | Mem:105.50M, Peak:105.50M | Scene, ViewLayer | Updating Camera
Fra:42 Mem:126.69M (Peak 148.65M) | Time:00:00.25 | Mem:105.50M, Peak:105.50M | Scene, ViewLayer | Updating Meshes Flags
Fra:42 Mem:126.69M (Peak 148.65M) | Time:00:00.25 | Mem:105.50M, Peak:105.50M | Scene, ViewLayer | Updating Objects
Fra:42 Mem:126.69M (Peak 148.65M) | Time:00:00.25 | Mem:105.50M, Peak:105.50M | Scene, ViewLayer | Updating Objects | Copying Transformations to device
Fra:42 Mem:126.69M (Peak 148.65M) | Time:00:00.25 | Mem:105.51M, Peak:105.51M | Scene, ViewLayer | Updating Particle Systems
Fra:42 Mem:126.69M (Peak 148.65M) | Time:00:00.25 | Mem:105.51M, Peak:105.51M | Scene, ViewLayer | Updating Particle Systems | Copying Particles to device
Fra:42 Mem:126.69M (Peak 148.65M) | Time:00:00.25 | Mem:105.51M, Peak:105.51M | Scene, ViewLayer | Updating Meshes
Fra:42 Mem:126.69M (Peak 148.65M) | Time:00:00.25 | Mem:105.51M, Peak:105.51M | Scene, ViewLayer | Updating Objects | Applying Static Transformations
Fra:42 Mem:126.69M (Peak 148.65M) | Time:00:00.25 | Mem:105.51M, Peak:105.51M | Scene, ViewLayer | Updating Mesh | Computing attributes
Fra:42 Mem:126.71M (Peak 148.65M) | Time:00:00.25 | Mem:105.51M, Peak:105.51M | Scene, ViewLayer | Updating Mesh | Copying Attributes to device
Fra:42 Mem:126.71M (Peak 148.65M) | Time:00:00.25 | Mem:105.52M, Peak:105.52M | Scene, ViewLayer | Updating Scene BVH | Building
Fra:42 Mem:126.71M (Peak 148.65M) | Time:00:00.25 | Mem:105.52M, Peak:105.52M | Scene, ViewLayer | Updating Scene BVH | Building BVH
Fra:42 Mem:126.71M (Peak 148.65M) | Time:00:00.25 | Mem:105.53M, Peak:105.53M | Scene, ViewLayer | Updating Scene BVH | Building BVH 0%
Fra:42 Mem:126.71M (Peak 148.65M) | Time:00:00.25 | Mem:105.55M, Peak:105.57M | Scene, ViewLayer | Updating Scene BVH | Copying BVH to device
Fra:42 Mem:126.71M (Peak 148.65M) | Time:00:00.25 | Mem:105.55M, Peak:105.57M | Scene, ViewLayer | Updating Mesh | Computing normals
Fra:42 Mem:126.72M (Peak 148.65M) | Time:00:00.25 | Mem:105.55M, Peak:105.57M | Scene, ViewLayer | Updating Mesh | Copying Mesh to device
Fra:42 Mem:126.72M (Peak 148.65M) | Time:00:00.25 | Mem:105.57M, Peak:105.57M | Scene, ViewLayer | Updating Objects Flags
Fra:42 Mem:126.72M (Peak 148.65M) | Time:00:00.25 | Mem:105.57M, Peak:105.57M | Scene, ViewLayer | Updating Primitive Offsets
Fra:42 Mem:126.72M (Peak 148.65M) | Time:00:00.25 | Mem:105.57M, Peak:105.57M | Scene, ViewLayer | Updating Images
Fra:42 Mem:126.72M (Peak 148.65M) | Time:00:00.25 | Mem:105.57M, Peak:105.57M | Scene, ViewLayer | Updating Camera Volume
Fra:42 Mem:126.72M (Peak 148.65M) | Time:00:00.25 | Mem:105.57M, Peak:105.57M | Scene, ViewLayer | Updating Lookup Tables
Fra:42 Mem:126.72M (Peak 148.65M) | Time:00:00.25 | Mem:105.65M, Peak:105.65M | Scene, ViewLayer | Updating Lights
Fra:42 Mem:126.72M (Peak 148.65M) | Time:00:00.25 | Mem:105.65M, Peak:105.65M | Scene, ViewLayer | Updating Lights | Computing tree
Fra:42 Mem:126.73M (Peak 148.65M) | Time:00:00.25 | Mem:105.66M, Peak:105.66M | Scene, ViewLayer | Updating Integrator
Fra:42 Mem:126.73M (Peak 148.65M) | Time:00:00.25 | Mem:105.66M, Peak:105.66M | Scene, ViewLayer | Updating Film
Fra:42 Mem:126.74M (Peak 148.65M) | Time:00:00.25 | Mem:105.58M, Peak:105.66M | Scene, ViewLayer | Updating Lookup Tables
Fra:42 Mem:126.74M (Peak 148.65M) | Time:00:00.25 | Mem:105.67M, Peak:105.67M | Scene, ViewLayer | Updating Baking
Fra:42 Mem:126.74M (Peak 148.65M) | Time:00:00.25 | Mem:105.67M, Peak:105.67M | Scene, ViewLayer | Updating Device | Writing constant memory
Fra:42 Mem:126.74M (Peak 148.65M) | Time:00:00.25 | Mem:105.67M, Peak:105.67M | Scene, ViewLayer | Sample 0/16
Fra:42 Mem:132.94M (Peak 148.65M) | Time:00:00.60 | Remaining:00:05.25 | Mem:111.86M, Peak:111.86M | Scene, ViewLayer | Sample 1/16
Fra:42 Mem:135.69M (Peak 148.65M) | Time:00:05.62 | Mem:111.86M, Peak:111.86M | Scene, ViewLayer | Sample 16/16
Fra:42 Mem:135.69M (Peak 148.65M) | Time:00:05.62 | Mem:111.86M, Peak:111.86M | Scene, ViewLayer | Finished
Fra:42 Mem:23.77M (Peak 148.65M) | Time:00:05.63 | Compositing
Saved: 'work/preview-frames/mj/frame_0042.png'
Time: 00:05.72 (Saving: 00:00.04)

Fra:43 Mem:22.06M (Peak 22.06M) | Time:00:00.00 | Mem:0.00M, Peak:0.00M | Scene, ViewLayer | Synchronizing object | 柔光主灯
Fra:43 Mem:22.06M (Peak 22.06M) | Time:00:00.00 | Mem:0.00M, Peak:0.00M | Scene, ViewLayer | Synchronizing object | 内圈 · 古金细边
Fra:43 Mem:22.06M (Peak 22.06M) | Time:00:00.00 | Mem:0.00M, Peak:0.00M | Scene, ViewLayer | Synchronizing object | 正面均匀补光
Fra:43 Mem:22.06M (Peak 22.06M) | Time:00:00.00 | Mem:0.00M, Peak:0.00M | Scene, ViewLayer | Synchronizing object | 顶部金光
Fra:43 Mem:22.06M (Peak 22.06M) | Time:00:00.00 | Mem:0.00M, Peak:0.00M | Scene, ViewLayer | Synchronizing object | 主体平面 · 完整视差合成
Fra:43 Mem:22.06M (Peak 22.06M) | Time:00:00.00 | Mem:0.00M, Peak:0.00M | Scene, ViewLayer | Synchronizing object | 外圈 · 全息压边
Fra:43 Mem:22.08M (Peak 22.08M) | Time:00:00.00 | Mem:0.00M, Peak:0.00M | Scene, ViewLayer | Synchronizing object | 文字平面 · Alpha PNG
Fra:43 Mem:22.09M (Peak 22.09M) | Time:00:00.00 | Mem:0.00M, Peak:0.00M | Scene, ViewLayer | Initializing
Fra:43 Mem:22.07M (Peak 22.09M) | Time:00:00.00 | Mem:0.00M, Peak:0.00M | Scene, ViewLayer | Updating Images | Loading text.png
Fra:43 Mem:22.07M (Peak 22.09M) | Time:00:00.00 | Mem:0.00M, Peak:0.00M | Scene, ViewLayer | Updating Images | Loading subject.png
Fra:43 Mem:64.27M (Peak 85.36M) | Time:00:00.09 | Mem:21.09M, Peak:21.09M | Scene, ViewLayer | Updating Images | Loading lineart.png
Fra:43 Mem:85.36M (Peak 106.47M) | Time:00:00.12 | Mem:42.19M, Peak:42.19M | Scene, ViewLayer | Updating Images | Loading background.png
Fra:43 Mem:126.57M (Peak 148.65M) | Time:00:00.25 | Mem:105.47M, Peak:105.47M | Scene, ViewLayer | Waiting for render to start
Fra:43 Mem:126.57M (Peak 148.65M) | Time:00:00.25 | Mem:105.47M, Peak:105.47M | Scene, ViewLayer | Updating Scene
Fra:43 Mem:126.57M (Peak 148.65M) | Time:00:00.25 | Mem:105.47M, Peak:105.47M | Scene, ViewLayer | Updating Shaders
Fra:43 Mem:126.57M (Peak 148.65M) | Time:00:00.25 | Mem:105.47M, Peak:105.47M | Scene, ViewLayer | Loading render kernels (may take a few minutes the first time)
Fra:43 Mem:126.69M (Peak 148.65M) | Time:00:00.25 | Mem:105.50M, Peak:105.50M | Scene, ViewLayer | Updating Procedurals
Fra:43 Mem:126.69M (Peak 148.65M) | Time:00:00.25 | Mem:105.50M, Peak:105.50M | Scene, ViewLayer | Updating Background
Fra:43 Mem:126.69M (Peak 148.65M) | Time:00:00.25 | Mem:105.50M, Peak:105.50M | Scene, ViewLayer | Updating Camera
Fra:43 Mem:126.69M (Peak 148.65M) | Time:00:00.25 | Mem:105.50M, Peak:105.50M | Scene, ViewLayer | Updating Meshes Flags
Fra:43 Mem:126.69M (Peak 148.65M) | Time:00:00.25 | Mem:105.50M, Peak:105.50M | Scene, ViewLayer | Updating Objects
Fra:43 Mem:126.69M (Peak 148.65M) | Time:00:00.25 | Mem:105.50M, Peak:105.50M | Scene, ViewLayer | Updating Objects | Copying Transformations to device
Fra:43 Mem:126.69M (Peak 148.65M) | Time:00:00.25 | Mem:105.51M, Peak:105.51M | Scene, ViewLayer | Updating Particle Systems
Fra:43 Mem:126.69M (Peak 148.65M) | Time:00:00.25 | Mem:105.51M, Peak:105.51M | Scene, ViewLayer | Updating Particle Systems | Copying Particles to device
Fra:43 Mem:126.69M (Peak 148.65M) | Time:00:00.25 | Mem:105.51M, Peak:105.51M | Scene, ViewLayer | Updating Meshes
Fra:43 Mem:126.69M (Peak 148.65M) | Time:00:00.25 | Mem:105.51M, Peak:105.51M | Scene, ViewLayer | Updating Objects | Applying Static Transformations
Fra:43 Mem:126.69M (Peak 148.65M) | Time:00:00.25 | Mem:105.51M, Peak:105.51M | Scene, ViewLayer | Updating Mesh | Computing attributes
Fra:43 Mem:126.71M (Peak 148.65M) | Time:00:00.25 | Mem:105.51M, Peak:105.51M | Scene, ViewLayer | Updating Mesh | Copying Attributes to device
Fra:43 Mem:126.71M (Peak 148.65M) | Time:00:00.25 | Mem:105.52M, Peak:105.52M | Scene, ViewLayer | Updating Scene BVH | Building
Fra:43 Mem:126.71M (Peak 148.65M) | Time:00:00.25 | Mem:105.52M, Peak:105.52M | Scene, ViewLayer | Updating Scene BVH | Building BVH
Fra:43 Mem:126.71M (Peak 148.65M) | Time:00:00.25 | Mem:105.53M, Peak:105.53M | Scene, ViewLayer | Updating Scene BVH | Building BVH 0%
Fra:43 Mem:126.71M (Peak 148.65M) | Time:00:00.25 | Mem:105.55M, Peak:105.57M | Scene, ViewLayer | Updating Scene BVH | Copying BVH to device
Fra:43 Mem:126.71M (Peak 148.65M) | Time:00:00.25 | Mem:105.55M, Peak:105.57M | Scene, ViewLayer | Updating Mesh | Computing normals
Fra:43 Mem:126.72M (Peak 148.65M) | Time:00:00.25 | Mem:105.55M, Peak:105.57M | Scene, ViewLayer | Updating Mesh | Copying Mesh to device
Fra:43 Mem:126.72M (Peak 148.65M) | Time:00:00.25 | Mem:105.57M, Peak:105.57M | Scene, ViewLayer | Updating Objects Flags
Fra:43 Mem:126.72M (Peak 148.65M) | Time:00:00.25 | Mem:105.57M, Peak:105.57M | Scene, ViewLayer | Updating Primitive Offsets
Fra:43 Mem:126.72M (Peak 148.65M) | Time:00:00.25 | Mem:105.57M, Peak:105.57M | Scene, ViewLayer | Updating Images
Fra:43 Mem:126.72M (Peak 148.65M) | Time:00:00.25 | Mem:105.57M, Peak:105.57M | Scene, ViewLayer | Updating Camera Volume
Fra:43 Mem:126.72M (Peak 148.65M) | Time:00:00.25 | Mem:105.57M, Peak:105.57M | Scene, ViewLayer | Updating Lookup Tables
Fra:43 Mem:126.72M (Peak 148.65M) | Time:00:00.25 | Mem:105.65M, Peak:105.65M | Scene, ViewLayer | Updating Lights
Fra:43 Mem:126.72M (Peak 148.65M) | Time:00:00.25 | Mem:105.65M, Peak:105.65M | Scene, ViewLayer | Updating Lights | Computing tree
Fra:43 Mem:126.73M (Peak 148.65M) | Time:00:00.25 | Mem:105.66M, Peak:105.66M | Scene, ViewLayer | Updating Integrator
Fra:43 Mem:126.73M (Peak 148.65M) | Time:00:00.25 | Mem:105.66M, Peak:105.66M | Scene, ViewLayer | Updating Film
Fra:43 Mem:126.74M (Peak 148.65M) | Time:00:00.25 | Mem:105.58M, Peak:105.66M | Scene, ViewLayer | Updating Lookup Tables
Fra:43 Mem:126.74M (Peak 148.65M) | Time:00:00.25 | Mem:105.67M, Peak:105.67M | Scene, ViewLayer | Updating Baking
Fra:43 Mem:126.74M (Peak 148.65M) | Time:00:00.25 | Mem:105.67M, Peak:105.67M | Scene, ViewLayer | Updating Device | Writing constant memory
Fra:43 Mem:126.74M (Peak 148.65M) | Time:00:00.25 | Mem:105.67M, Peak:105.67M | Scene, ViewLayer | Sample 0/16
Fra:43 Mem:132.94M (Peak 148.65M) | Time:00:00.59 | Remaining:00:05.16 | Mem:111.86M, Peak:111.86M | Scene, ViewLayer | Sample 1/16
Fra:43 Mem:135.69M (Peak 148.65M) | Time:00:05.60 | Mem:111.86M, Peak:111.86M | Scene, ViewLayer | Sample 16/16
Fra:43 Mem:135.69M (Peak 148.65M) | Time:00:05.60 | Mem:111.86M, Peak:111.86M | Scene, ViewLayer | Finished
Fra:43 Mem:23.77M (Peak 148.65M) | Time:00:05.60 | Compositing
Saved: 'work/preview-frames/mj/frame_0043.png'
Time: 00:05.68 (Saving: 00:00.03)

Fra:44 Mem:22.06M (Peak 22.06M) | Time:00:00.00 | Mem:0.00M, Peak:0.00M | Scene, ViewLayer | Synchronizing object | 柔光主灯
Fra:44 Mem:22.06M (Peak 22.06M) | Time:00:00.00 | Mem:0.00M, Peak:0.00M | Scene, ViewLayer | Synchronizing object | 内圈 · 古金细边
Fra:44 Mem:22.06M (Peak 22.06M) | Time:00:00.00 | Mem:0.00M, Peak:0.00M | Scene, ViewLayer | Synchronizing object | 正面均匀补光
Fra:44 Mem:22.06M (Peak 22.06M) | Time:00:00.00 | Mem:0.00M, Peak:0.00M | Scene, ViewLayer | Synchronizing object | 顶部金光
Fra:44 Mem:22.06M (Peak 22.06M) | Time:00:00.00 | Mem:0.00M, Peak:0.00M | Scene, ViewLayer | Synchronizing object | 主体平面 · 完整视差合成
Fra:44 Mem:22.06M (Peak 22.06M) | Time:00:00.00 | Mem:0.00M, Peak:0.00M | Scene, ViewLayer | Synchronizing object | 外圈 · 全息压边
Fra:44 Mem:22.08M (Peak 22.08M) | Time:00:00.00 | Mem:0.00M, Peak:0.00M | Scene, ViewLayer | Synchronizing object | 文字平面 · Alpha PNG
Fra:44 Mem:22.09M (Peak 22.09M) | Time:00:00.00 | Mem:0.00M, Peak:0.00M | Scene, ViewLayer | Initializing
Fra:44 Mem:22.07M (Peak 22.09M) | Time:00:00.00 | Mem:0.00M, Peak:0.00M | Scene, ViewLayer | Updating Images | Loading text.png
Fra:44 Mem:22.07M (Peak 22.09M) | Time:00:00.00 | Mem:0.00M, Peak:0.00M | Scene, ViewLayer | Updating Images | Loading subject.png
Fra:44 Mem:64.27M (Peak 85.36M) | Time:00:00.09 | Mem:21.09M, Peak:21.09M | Scene, ViewLayer | Updating Images | Loading lineart.png
Fra:44 Mem:85.36M (Peak 106.47M) | Time:00:00.12 | Mem:42.19M, Peak:42.19M | Scene, ViewLayer | Updating Images | Loading background.png
Fra:44 Mem:126.57M (Peak 148.65M) | Time:00:00.24 | Mem:105.47M, Peak:105.47M | Scene, ViewLayer | Waiting for render to start
Fra:44 Mem:126.57M (Peak 148.65M) | Time:00:00.24 | Mem:105.47M, Peak:105.47M | Scene, ViewLayer | Updating Scene
Fra:44 Mem:126.57M (Peak 148.65M) | Time:00:00.24 | Mem:105.47M, Peak:105.47M | Scene, ViewLayer | Updating Shaders
Fra:44 Mem:126.57M (Peak 148.65M) | Time:00:00.24 | Mem:105.47M, Peak:105.47M | Scene, ViewLayer | Loading render kernels (may take a few minutes the first time)
Fra:44 Mem:126.69M (Peak 148.65M) | Time:00:00.25 | Mem:105.50M, Peak:105.50M | Scene, ViewLayer | Updating Procedurals
Fra:44 Mem:126.69M (Peak 148.65M) | Time:00:00.25 | Mem:105.50M, Peak:105.50M | Scene, ViewLayer | Updating Background
Fra:44 Mem:126.69M (Peak 148.65M) | Time:00:00.25 | Mem:105.50M, Peak:105.50M | Scene, ViewLayer | Updating Camera
Fra:44 Mem:126.69M (Peak 148.65M) | Time:00:00.25 | Mem:105.50M, Peak:105.50M | Scene, ViewLayer | Updating Meshes Flags
Fra:44 Mem:126.69M (Peak 148.65M) | Time:00:00.25 | Mem:105.50M, Peak:105.50M | Scene, ViewLayer | Updating Objects
Fra:44 Mem:126.69M (Peak 148.65M) | Time:00:00.25 | Mem:105.50M, Peak:105.50M | Scene, ViewLayer | Updating Objects | Copying Transformations to device
Fra:44 Mem:126.69M (Peak 148.65M) | Time:00:00.25 | Mem:105.51M, Peak:105.51M | Scene, ViewLayer | Updating Particle Systems
Fra:44 Mem:126.69M (Peak 148.65M) | Time:00:00.25 | Mem:105.51M, Peak:105.51M | Scene, ViewLayer | Updating Particle Systems | Copying Particles to device
Fra:44 Mem:126.69M (Peak 148.65M) | Time:00:00.25 | Mem:105.51M, Peak:105.51M | Scene, ViewLayer | Updating Meshes
Fra:44 Mem:126.69M (Peak 148.65M) | Time:00:00.25 | Mem:105.51M, Peak:105.51M | Scene, ViewLayer | Updating Objects | Applying Static Transformations
Fra:44 Mem:126.69M (Peak 148.65M) | Time:00:00.25 | Mem:105.51M, Peak:105.51M | Scene, ViewLayer | Updating Mesh | Computing attributes
Fra:44 Mem:126.71M (Peak 148.65M) | Time:00:00.25 | Mem:105.51M, Peak:105.51M | Scene, ViewLayer | Updating Mesh | Copying Attributes to device
Fra:44 Mem:126.71M (Peak 148.65M) | Time:00:00.25 | Mem:105.52M, Peak:105.52M | Scene, ViewLayer | Updating Scene BVH | Building
Fra:44 Mem:126.71M (Peak 148.65M) | Time:00:00.25 | Mem:105.52M, Peak:105.52M | Scene, ViewLayer | Updating Scene BVH | Building BVH
Fra:44 Mem:126.71M (Peak 148.65M) | Time:00:00.25 | Mem:105.53M, Peak:105.53M | Scene, ViewLayer | Updating Scene BVH | Building BVH 0%
Fra:44 Mem:126.71M (Peak 148.65M) | Time:00:00.25 | Mem:105.56M, Peak:105.57M | Scene, ViewLayer | Updating Scene BVH | Copying BVH to device
Fra:44 Mem:126.71M (Peak 148.65M) | Time:00:00.25 | Mem:105.56M, Peak:105.57M | Scene, ViewLayer | Updating Mesh | Computing normals
Fra:44 Mem:126.72M (Peak 148.65M) | Time:00:00.25 | Mem:105.56M, Peak:105.57M | Scene, ViewLayer | Updating Mesh | Copying Mesh to device
Fra:44 Mem:126.72M (Peak 148.65M) | Time:00:00.25 | Mem:105.57M, Peak:105.57M | Scene, ViewLayer | Updating Objects Flags
Fra:44 Mem:126.72M (Peak 148.65M) | Time:00:00.25 | Mem:105.57M, Peak:105.57M | Scene, ViewLayer | Updating Primitive Offsets
Fra:44 Mem:126.72M (Peak 148.65M) | Time:00:00.25 | Mem:105.57M, Peak:105.57M | Scene, ViewLayer | Updating Images
Fra:44 Mem:126.72M (Peak 148.65M) | Time:00:00.25 | Mem:105.57M, Peak:105.57M | Scene, ViewLayer | Updating Camera Volume
Fra:44 Mem:126.72M (Peak 148.65M) | Time:00:00.25 | Mem:105.57M, Peak:105.57M | Scene, ViewLayer | Updating Lookup Tables
Fra:44 Mem:126.72M (Peak 148.65M) | Time:00:00.25 | Mem:105.65M, Peak:105.65M | Scene, ViewLayer | Updating Lights
Fra:44 Mem:126.72M (Peak 148.65M) | Time:00:00.25 | Mem:105.65M, Peak:105.65M | Scene, ViewLayer | Updating Lights | Computing tree
Fra:44 Mem:126.73M (Peak 148.65M) | Time:00:00.25 | Mem:105.66M, Peak:105.66M | Scene, ViewLayer | Updating Integrator
Fra:44 Mem:126.73M (Peak 148.65M) | Time:00:00.25 | Mem:105.66M, Peak:105.66M | Scene, ViewLayer | Updating Film
Fra:44 Mem:126.74M (Peak 148.65M) | Time:00:00.25 | Mem:105.58M, Peak:105.66M | Scene, ViewLayer | Updating Lookup Tables
Fra:44 Mem:126.74M (Peak 148.65M) | Time:00:00.25 | Mem:105.67M, Peak:105.67M | Scene, ViewLayer | Updating Baking
Fra:44 Mem:126.74M (Peak 148.65M) | Time:00:00.25 | Mem:105.67M, Peak:105.67M | Scene, ViewLayer | Updating Device | Writing constant memory
Fra:44 Mem:126.74M (Peak 148.65M) | Time:00:00.25 | Mem:105.67M, Peak:105.67M | Scene, ViewLayer | Sample 0/16
Fra:44 Mem:132.94M (Peak 148.65M) | Time:00:00.59 | Remaining:00:05.16 | Mem:111.86M, Peak:111.86M | Scene, ViewLayer | Sample 1/16
Fra:44 Mem:135.69M (Peak 148.65M) | Time:00:05.60 | Mem:111.86M, Peak:111.86M | Scene, ViewLayer | Sample 16/16
Fra:44 Mem:135.69M (Peak 148.65M) | Time:00:05.60 | Mem:111.86M, Peak:111.86M | Scene, ViewLayer | Finished
Fra:44 Mem:23.77M (Peak 148.65M) | Time:00:05.61 | Compositing
Saved: 'work/preview-frames/mj/frame_0044.png'
Time: 00:05.69 (Saving: 00:00.03)

Fra:45 Mem:22.06M (Peak 22.06M) | Time:00:00.00 | Mem:0.00M, Peak:0.00M | Scene, ViewLayer | Synchronizing object | 柔光主灯
Fra:45 Mem:22.06M (Peak 22.06M) | Time:00:00.00 | Mem:0.00M, Peak:0.00M | Scene, ViewLayer | Synchronizing object | 内圈 · 古金细边
Fra:45 Mem:22.06M (Peak 22.06M) | Time:00:00.00 | Mem:0.00M, Peak:0.00M | Scene, ViewLayer | Synchronizing object | 正面均匀补光
Fra:45 Mem:22.06M (Peak 22.06M) | Time:00:00.00 | Mem:0.00M, Peak:0.00M | Scene, ViewLayer | Synchronizing object | 顶部金光
Fra:45 Mem:22.06M (Peak 22.06M) | Time:00:00.00 | Mem:0.00M, Peak:0.00M | Scene, ViewLayer | Synchronizing object | 主体平面 · 完整视差合成
Fra:45 Mem:22.06M (Peak 22.06M) | Time:00:00.00 | Mem:0.00M, Peak:0.00M | Scene, ViewLayer | Synchronizing object | 外圈 · 全息压边
Fra:45 Mem:22.08M (Peak 22.08M) | Time:00:00.00 | Mem:0.00M, Peak:0.00M | Scene, ViewLayer | Synchronizing object | 文字平面 · Alpha PNG
Fra:45 Mem:22.09M (Peak 22.09M) | Time:00:00.00 | Mem:0.00M, Peak:0.00M | Scene, ViewLayer | Initializing
Fra:45 Mem:22.07M (Peak 22.09M) | Time:00:00.00 | Mem:0.00M, Peak:0.00M | Scene, ViewLayer | Updating Images | Loading text.png
Fra:45 Mem:22.07M (Peak 22.09M) | Time:00:00.00 | Mem:0.00M, Peak:0.00M | Scene, ViewLayer | Updating Images | Loading subject.png
Fra:45 Mem:85.37M (Peak 85.37M) | Time:00:00.10 | Mem:21.09M, Peak:21.09M | Scene, ViewLayer | Updating Images | Loading lineart.png
Fra:45 Mem:85.37M (Peak 106.47M) | Time:00:00.12 | Mem:42.19M, Peak:42.19M | Scene, ViewLayer | Updating Images | Loading background.png
Fra:45 Mem:126.57M (Peak 148.65M) | Time:00:00.25 | Mem:105.47M, Peak:105.47M | Scene, ViewLayer | Waiting for render to start
Fra:45 Mem:126.57M (Peak 148.65M) | Time:00:00.25 | Mem:105.47M, Peak:105.47M | Scene, ViewLayer | Updating Scene
Fra:45 Mem:126.57M (Peak 148.65M) | Time:00:00.25 | Mem:105.47M, Peak:105.47M | Scene, ViewLayer | Updating Shaders
Fra:45 Mem:126.57M (Peak 148.65M) | Time:00:00.25 | Mem:105.47M, Peak:105.47M | Scene, ViewLayer | Loading render kernels (may take a few minutes the first time)
Fra:45 Mem:126.69M (Peak 148.65M) | Time:00:00.25 | Mem:105.50M, Peak:105.50M | Scene, ViewLayer | Updating Procedurals
Fra:45 Mem:126.69M (Peak 148.65M) | Time:00:00.25 | Mem:105.50M, Peak:105.50M | Scene, ViewLayer | Updating Background
Fra:45 Mem:126.69M (Peak 148.65M) | Time:00:00.25 | Mem:105.50M, Peak:105.50M | Scene, ViewLayer | Updating Camera
Fra:45 Mem:126.69M (Peak 148.65M) | Time:00:00.25 | Mem:105.50M, Peak:105.50M | Scene, ViewLayer | Updating Meshes Flags
Fra:45 Mem:126.69M (Peak 148.65M) | Time:00:00.25 | Mem:105.50M, Peak:105.50M | Scene, ViewLayer | Updating Objects
Fra:45 Mem:126.69M (Peak 148.65M) | Time:00:00.25 | Mem:105.50M, Peak:105.50M | Scene, ViewLayer | Updating Objects | Copying Transformations to device
Fra:45 Mem:126.69M (Peak 148.65M) | Time:00:00.25 | Mem:105.51M, Peak:105.51M | Scene, ViewLayer | Updating Particle Systems
Fra:45 Mem:126.69M (Peak 148.65M) | Time:00:00.25 | Mem:105.51M, Peak:105.51M | Scene, ViewLayer | Updating Particle Systems | Copying Particles to device
Fra:45 Mem:126.69M (Peak 148.65M) | Time:00:00.25 | Mem:105.51M, Peak:105.51M | Scene, ViewLayer | Updating Meshes
Fra:45 Mem:126.69M (Peak 148.65M) | Time:00:00.25 | Mem:105.51M, Peak:105.51M | Scene, ViewLayer | Updating Objects | Applying Static Transformations
Fra:45 Mem:126.69M (Peak 148.65M) | Time:00:00.25 | Mem:105.51M, Peak:105.51M | Scene, ViewLayer | Updating Mesh | Computing attributes
Fra:45 Mem:126.71M (Peak 148.65M) | Time:00:00.25 | Mem:105.51M, Peak:105.51M | Scene, ViewLayer | Updating Mesh | Copying Attributes to device
Fra:45 Mem:126.71M (Peak 148.65M) | Time:00:00.25 | Mem:105.52M, Peak:105.52M | Scene, ViewLayer | Updating Scene BVH | Building
Fra:45 Mem:126.71M (Peak 148.65M) | Time:00:00.25 | Mem:105.52M, Peak:105.52M | Scene, ViewLayer | Updating Scene BVH | Building BVH
Fra:45 Mem:126.71M (Peak 148.65M) | Time:00:00.25 | Mem:105.53M, Peak:105.53M | Scene, ViewLayer | Updating Scene BVH | Building BVH 0%
Fra:45 Mem:126.71M (Peak 148.65M) | Time:00:00.25 | Mem:105.56M, Peak:105.57M | Scene, ViewLayer | Updating Scene BVH | Copying BVH to device
Fra:45 Mem:126.71M (Peak 148.65M) | Time:00:00.25 | Mem:105.56M, Peak:105.57M | Scene, ViewLayer | Updating Mesh | Computing normals
Fra:45 Mem:126.72M (Peak 148.65M) | Time:00:00.25 | Mem:105.56M, Peak:105.57M | Scene, ViewLayer | Updating Mesh | Copying Mesh to device
Fra:45 Mem:126.72M (Peak 148.65M) | Time:00:00.25 | Mem:105.57M, Peak:105.57M | Scene, ViewLayer | Updating Objects Flags
Fra:45 Mem:126.72M (Peak 148.65M) | Time:00:00.25 | Mem:105.57M, Peak:105.57M | Scene, ViewLayer | Updating Primitive Offsets
Fra:45 Mem:126.72M (Peak 148.65M) | Time:00:00.25 | Mem:105.57M, Peak:105.57M | Scene, ViewLayer | Updating Images
Fra:45 Mem:126.72M (Peak 148.65M) | Time:00:00.25 | Mem:105.57M, Peak:105.57M | Scene, ViewLayer | Updating Camera Volume
Fra:45 Mem:126.72M (Peak 148.65M) | Time:00:00.25 | Mem:105.57M, Peak:105.57M | Scene, ViewLayer | Updating Lookup Tables
Fra:45 Mem:126.72M (Peak 148.65M) | Time:00:00.25 | Mem:105.65M, Peak:105.65M | Scene, ViewLayer | Updating Lights
Fra:45 Mem:126.72M (Peak 148.65M) | Time:00:00.25 | Mem:105.65M, Peak:105.65M | Scene, ViewLayer | Updating Lights | Computing tree
Fra:45 Mem:126.73M (Peak 148.65M) | Time:00:00.25 | Mem:105.66M, Peak:105.66M | Scene, ViewLayer | Updating Integrator
Fra:45 Mem:126.73M (Peak 148.65M) | Time:00:00.25 | Mem:105.66M, Peak:105.66M | Scene, ViewLayer | Updating Film
Fra:45 Mem:126.74M (Peak 148.65M) | Time:00:00.25 | Mem:105.58M, Peak:105.66M | Scene, ViewLayer | Updating Lookup Tables
Fra:45 Mem:126.74M (Peak 148.65M) | Time:00:00.25 | Mem:105.67M, Peak:105.67M | Scene, ViewLayer | Updating Baking
Fra:45 Mem:126.74M (Peak 148.65M) | Time:00:00.25 | Mem:105.67M, Peak:105.67M | Scene, ViewLayer | Updating Device | Writing constant memory
Fra:45 Mem:126.74M (Peak 148.65M) | Time:00:00.25 | Mem:105.67M, Peak:105.67M | Scene, ViewLayer | Sample 0/16
Fra:45 Mem:132.94M (Peak 148.65M) | Time:00:00.59 | Remaining:00:05.15 | Mem:111.86M, Peak:111.86M | Scene, ViewLayer | Sample 1/16
Fra:45 Mem:135.69M (Peak 148.65M) | Time:00:05.62 | Mem:111.86M, Peak:111.86M | Scene, ViewLayer | Sample 16/16
Fra:45 Mem:135.69M (Peak 148.65M) | Time:00:05.62 | Mem:111.86M, Peak:111.86M | Scene, ViewLayer | Finished
Fra:45 Mem:23.77M (Peak 148.65M) | Time:00:05.63 | Compositing
Saved: 'work/preview-frames/mj/frame_0045.png'
Time: 00:05.71 (Saving: 00:00.03)

Fra:46 Mem:22.06M (Peak 22.06M) | Time:00:00.00 | Mem:0.00M, Peak:0.00M | Scene, ViewLayer | Synchronizing object | 柔光主灯
Fra:46 Mem:22.06M (Peak 22.06M) | Time:00:00.00 | Mem:0.00M, Peak:0.00M | Scene, ViewLayer | Synchronizing object | 内圈 · 古金细边
Fra:46 Mem:22.06M (Peak 22.06M) | Time:00:00.00 | Mem:0.00M, Peak:0.00M | Scene, ViewLayer | Synchronizing object | 正面均匀补光
Fra:46 Mem:22.06M (Peak 22.06M) | Time:00:00.00 | Mem:0.00M, Peak:0.00M | Scene, ViewLayer | Synchronizing object | 顶部金光
Fra:46 Mem:22.06M (Peak 22.06M) | Time:00:00.00 | Mem:0.00M, Peak:0.00M | Scene, ViewLayer | Synchronizing object | 主体平面 · 完整视差合成
Fra:46 Mem:22.07M (Peak 22.07M) | Time:00:00.00 | Mem:0.00M, Peak:0.00M | Scene, ViewLayer | Synchronizing object | 外圈 · 全息压边
Fra:46 Mem:22.08M (Peak 22.08M) | Time:00:00.00 | Mem:0.00M, Peak:0.00M | Scene, ViewLayer | Synchronizing object | 文字平面 · Alpha PNG
Fra:46 Mem:22.09M (Peak 22.09M) | Time:00:00.00 | Mem:0.00M, Peak:0.00M | Scene, ViewLayer | Initializing
Fra:46 Mem:22.07M (Peak 22.09M) | Time:00:00.00 | Mem:0.00M, Peak:0.00M | Scene, ViewLayer | Updating Images | Loading text.png
Fra:46 Mem:22.07M (Peak 22.09M) | Time:00:00.00 | Mem:0.00M, Peak:0.00M | Scene, ViewLayer | Updating Images | Loading subject.png
Fra:46 Mem:64.27M (Peak 85.36M) | Time:00:00.09 | Mem:21.09M, Peak:21.09M | Scene, ViewLayer | Updating Images | Loading lineart.png
Fra:46 Mem:85.37M (Peak 106.47M) | Time:00:00.12 | Mem:42.19M, Peak:42.19M | Scene, ViewLayer | Updating Images | Loading background.png
Fra:46 Mem:126.57M (Peak 148.66M) | Time:00:00.25 | Mem:105.47M, Peak:105.47M | Scene, ViewLayer | Waiting for render to start
Fra:46 Mem:126.57M (Peak 148.66M) | Time:00:00.25 | Mem:105.47M, Peak:105.47M | Scene, ViewLayer | Updating Scene
Fra:46 Mem:126.57M (Peak 148.66M) | Time:00:00.25 | Mem:105.47M, Peak:105.47M | Scene, ViewLayer | Updating Shaders
Fra:46 Mem:126.57M (Peak 148.66M) | Time:00:00.25 | Mem:105.47M, Peak:105.47M | Scene, ViewLayer | Loading render kernels (may take a few minutes the first time)
Fra:46 Mem:126.69M (Peak 148.66M) | Time:00:00.25 | Mem:105.50M, Peak:105.50M | Scene, ViewLayer | Updating Procedurals
Fra:46 Mem:126.69M (Peak 148.66M) | Time:00:00.25 | Mem:105.50M, Peak:105.50M | Scene, ViewLayer | Updating Background
Fra:46 Mem:126.69M (Peak 148.66M) | Time:00:00.25 | Mem:105.50M, Peak:105.50M | Scene, ViewLayer | Updating Camera
Fra:46 Mem:126.69M (Peak 148.66M) | Time:00:00.25 | Mem:105.50M, Peak:105.50M | Scene, ViewLayer | Updating Meshes Flags
Fra:46 Mem:126.69M (Peak 148.66M) | Time:00:00.25 | Mem:105.50M, Peak:105.50M | Scene, ViewLayer | Updating Objects
Fra:46 Mem:126.69M (Peak 148.66M) | Time:00:00.25 | Mem:105.50M, Peak:105.50M | Scene, ViewLayer | Updating Objects | Copying Transformations to device
Fra:46 Mem:126.69M (Peak 148.66M) | Time:00:00.25 | Mem:105.51M, Peak:105.51M | Scene, ViewLayer | Updating Particle Systems
Fra:46 Mem:126.69M (Peak 148.66M) | Time:00:00.25 | Mem:105.51M, Peak:105.51M | Scene, ViewLayer | Updating Particle Systems | Copying Particles to device
Fra:46 Mem:126.69M (Peak 148.66M) | Time:00:00.25 | Mem:105.51M, Peak:105.51M | Scene, ViewLayer | Updating Meshes
Fra:46 Mem:126.69M (Peak 148.66M) | Time:00:00.25 | Mem:105.51M, Peak:105.51M | Scene, ViewLayer | Updating Objects | Applying Static Transformations
Fra:46 Mem:126.69M (Peak 148.66M) | Time:00:00.25 | Mem:105.51M, Peak:105.51M | Scene, ViewLayer | Updating Mesh | Computing attributes
Fra:46 Mem:126.71M (Peak 148.66M) | Time:00:00.25 | Mem:105.51M, Peak:105.51M | Scene, ViewLayer | Updating Mesh | Copying Attributes to device
Fra:46 Mem:126.71M (Peak 148.66M) | Time:00:00.25 | Mem:105.52M, Peak:105.52M | Scene, ViewLayer | Updating Scene BVH | Building
Fra:46 Mem:126.71M (Peak 148.66M) | Time:00:00.25 | Mem:105.52M, Peak:105.52M | Scene, ViewLayer | Updating Scene BVH | Building BVH
Fra:46 Mem:126.71M (Peak 148.66M) | Time:00:00.25 | Mem:105.53M, Peak:105.53M | Scene, ViewLayer | Updating Scene BVH | Building BVH 0%
Fra:46 Mem:126.71M (Peak 148.66M) | Time:00:00.25 | Mem:105.56M, Peak:105.57M | Scene, ViewLayer | Updating Scene BVH | Copying BVH to device
Fra:46 Mem:126.71M (Peak 148.66M) | Time:00:00.25 | Mem:105.56M, Peak:105.57M | Scene, ViewLayer | Updating Mesh | Computing normals
Fra:46 Mem:126.72M (Peak 148.66M) | Time:00:00.25 | Mem:105.56M, Peak:105.57M | Scene, ViewLayer | Updating Mesh | Copying Mesh to device
Fra:46 Mem:126.72M (Peak 148.66M) | Time:00:00.25 | Mem:105.57M, Peak:105.57M | Scene, ViewLayer | Updating Objects Flags
Fra:46 Mem:126.72M (Peak 148.66M) | Time:00:00.25 | Mem:105.57M, Peak:105.57M | Scene, ViewLayer | Updating Primitive Offsets
Fra:46 Mem:126.72M (Peak 148.66M) | Time:00:00.25 | Mem:105.57M, Peak:105.57M | Scene, ViewLayer | Updating Images
Fra:46 Mem:126.72M (Peak 148.66M) | Time:00:00.25 | Mem:105.57M, Peak:105.57M | Scene, ViewLayer | Updating Camera Volume
Fra:46 Mem:126.72M (Peak 148.66M) | Time:00:00.25 | Mem:105.57M, Peak:105.57M | Scene, ViewLayer | Updating Lookup Tables
Fra:46 Mem:126.72M (Peak 148.66M) | Time:00:00.25 | Mem:105.65M, Peak:105.65M | Scene, ViewLayer | Updating Lights
Fra:46 Mem:126.72M (Peak 148.66M) | Time:00:00.25 | Mem:105.65M, Peak:105.65M | Scene, ViewLayer | Updating Lights | Computing tree
Fra:46 Mem:126.73M (Peak 148.66M) | Time:00:00.25 | Mem:105.66M, Peak:105.66M | Scene, ViewLayer | Updating Integrator
Fra:46 Mem:126.73M (Peak 148.66M) | Time:00:00.25 | Mem:105.66M, Peak:105.66M | Scene, ViewLayer | Updating Film
Fra:46 Mem:126.74M (Peak 148.66M) | Time:00:00.25 | Mem:105.58M, Peak:105.66M | Scene, ViewLayer | Updating Lookup Tables
Fra:46 Mem:126.74M (Peak 148.66M) | Time:00:00.25 | Mem:105.67M, Peak:105.67M | Scene, ViewLayer | Updating Baking
Fra:46 Mem:126.74M (Peak 148.66M) | Time:00:00.25 | Mem:105.67M, Peak:105.67M | Scene, ViewLayer | Updating Device | Writing constant memory
Fra:46 Mem:126.74M (Peak 148.66M) | Time:00:00.25 | Mem:105.67M, Peak:105.67M | Scene, ViewLayer | Sample 0/16
Fra:46 Mem:132.94M (Peak 148.66M) | Time:00:00.60 | Remaining:00:05.22 | Mem:111.86M, Peak:111.86M | Scene, ViewLayer | Sample 1/16
Fra:46 Mem:135.69M (Peak 148.66M) | Time:00:05.66 | Mem:111.86M, Peak:111.86M | Scene, ViewLayer | Sample 16/16
Fra:46 Mem:135.69M (Peak 148.66M) | Time:00:05.66 | Mem:111.86M, Peak:111.86M | Scene, ViewLayer | Finished
Fra:46 Mem:23.77M (Peak 148.66M) | Time:00:05.66 | Compositing
Saved: 'work/preview-frames/mj/frame_0046.png'
Time: 00:05.75 (Saving: 00:00.03)

Fra:47 Mem:22.06M (Peak 22.06M) | Time:00:00.00 | Mem:0.00M, Peak:0.00M | Scene, ViewLayer | Synchronizing object | 柔光主灯
Fra:47 Mem:22.06M (Peak 22.06M) | Time:00:00.00 | Mem:0.00M, Peak:0.00M | Scene, ViewLayer | Synchronizing object | 内圈 · 古金细边
Fra:47 Mem:22.06M (Peak 22.06M) | Time:00:00.00 | Mem:0.00M, Peak:0.00M | Scene, ViewLayer | Synchronizing object | 正面均匀补光
Fra:47 Mem:22.06M (Peak 22.06M) | Time:00:00.00 | Mem:0.00M, Peak:0.00M | Scene, ViewLayer | Synchronizing object | 顶部金光
Fra:47 Mem:22.06M (Peak 22.06M) | Time:00:00.00 | Mem:0.00M, Peak:0.00M | Scene, ViewLayer | Synchronizing object | 主体平面 · 完整视差合成
Fra:47 Mem:22.06M (Peak 22.06M) | Time:00:00.00 | Mem:0.00M, Peak:0.00M | Scene, ViewLayer | Synchronizing object | 外圈 · 全息压边
Fra:47 Mem:22.08M (Peak 22.08M) | Time:00:00.00 | Mem:0.00M, Peak:0.00M | Scene, ViewLayer | Synchronizing object | 文字平面 · Alpha PNG
Fra:47 Mem:22.09M (Peak 22.09M) | Time:00:00.00 | Mem:0.00M, Peak:0.00M | Scene, ViewLayer | Initializing
Fra:47 Mem:22.07M (Peak 22.09M) | Time:00:00.00 | Mem:0.00M, Peak:0.00M | Scene, ViewLayer | Updating Images | Loading text.png
Fra:47 Mem:22.07M (Peak 22.09M) | Time:00:00.00 | Mem:0.00M, Peak:0.00M | Scene, ViewLayer | Updating Images | Loading subject.png
Fra:47 Mem:64.27M (Peak 85.36M) | Time:00:00.09 | Mem:21.09M, Peak:21.09M | Scene, ViewLayer | Updating Images | Loading lineart.png
Fra:47 Mem:85.37M (Peak 106.47M) | Time:00:00.12 | Mem:42.19M, Peak:42.19M | Scene, ViewLayer | Updating Images | Loading background.png
Fra:47 Mem:126.57M (Peak 148.66M) | Time:00:00.25 | Mem:105.47M, Peak:105.47M | Scene, ViewLayer | Waiting for render to start
Fra:47 Mem:126.57M (Peak 148.66M) | Time:00:00.25 | Mem:105.47M, Peak:105.47M | Scene, ViewLayer | Updating Scene
Fra:47 Mem:126.57M (Peak 148.66M) | Time:00:00.25 | Mem:105.47M, Peak:105.47M | Scene, ViewLayer | Updating Shaders
Fra:47 Mem:126.57M (Peak 148.66M) | Time:00:00.25 | Mem:105.47M, Peak:105.47M | Scene, ViewLayer | Loading render kernels (may take a few minutes the first time)
Fra:47 Mem:126.69M (Peak 148.66M) | Time:00:00.25 | Mem:105.50M, Peak:105.50M | Scene, ViewLayer | Updating Procedurals
Fra:47 Mem:126.69M (Peak 148.66M) | Time:00:00.25 | Mem:105.50M, Peak:105.50M | Scene, ViewLayer | Updating Background
Fra:47 Mem:126.69M (Peak 148.66M) | Time:00:00.25 | Mem:105.50M, Peak:105.50M | Scene, ViewLayer | Updating Camera
Fra:47 Mem:126.69M (Peak 148.66M) | Time:00:00.25 | Mem:105.50M, Peak:105.50M | Scene, ViewLayer | Updating Meshes Flags
Fra:47 Mem:126.69M (Peak 148.66M) | Time:00:00.25 | Mem:105.50M, Peak:105.50M | Scene, ViewLayer | Updating Objects
Fra:47 Mem:126.69M (Peak 148.66M) | Time:00:00.25 | Mem:105.50M, Peak:105.50M | Scene, ViewLayer | Updating Objects | Copying Transformations to device
Fra:47 Mem:126.69M (Peak 148.66M) | Time:00:00.25 | Mem:105.51M, Peak:105.51M | Scene, ViewLayer | Updating Particle Systems
Fra:47 Mem:126.69M (Peak 148.66M) | Time:00:00.25 | Mem:105.51M, Peak:105.51M | Scene, ViewLayer | Updating Particle Systems | Copying Particles to device
Fra:47 Mem:126.69M (Peak 148.66M) | Time:00:00.25 | Mem:105.51M, Peak:105.51M | Scene, ViewLayer | Updating Meshes
Fra:47 Mem:126.69M (Peak 148.66M) | Time:00:00.25 | Mem:105.51M, Peak:105.51M | Scene, ViewLayer | Updating Objects | Applying Static Transformations
Fra:47 Mem:126.69M (Peak 148.66M) | Time:00:00.25 | Mem:105.51M, Peak:105.51M | Scene, ViewLayer | Updating Mesh | Computing attributes
Fra:47 Mem:126.71M (Peak 148.66M) | Time:00:00.25 | Mem:105.51M, Peak:105.51M | Scene, ViewLayer | Updating Mesh | Copying Attributes to device
Fra:47 Mem:126.71M (Peak 148.66M) | Time:00:00.25 | Mem:105.52M, Peak:105.52M | Scene, ViewLayer | Updating Scene BVH | Building
Fra:47 Mem:126.71M (Peak 148.66M) | Time:00:00.25 | Mem:105.52M, Peak:105.52M | Scene, ViewLayer | Updating Scene BVH | Building BVH
Fra:47 Mem:126.71M (Peak 148.66M) | Time:00:00.25 | Mem:105.53M, Peak:105.53M | Scene, ViewLayer | Updating Scene BVH | Building BVH 0%
Fra:47 Mem:126.71M (Peak 148.66M) | Time:00:00.25 | Mem:105.56M, Peak:105.57M | Scene, ViewLayer | Updating Scene BVH | Copying BVH to device
Fra:47 Mem:126.71M (Peak 148.66M) | Time:00:00.25 | Mem:105.56M, Peak:105.57M | Scene, ViewLayer | Updating Mesh | Computing normals
Fra:47 Mem:126.72M (Peak 148.66M) | Time:00:00.25 | Mem:105.56M, Peak:105.57M | Scene, ViewLayer | Updating Mesh | Copying Mesh to device
Fra:47 Mem:126.72M (Peak 148.66M) | Time:00:00.25 | Mem:105.57M, Peak:105.57M | Scene, ViewLayer | Updating Objects Flags
Fra:47 Mem:126.72M (Peak 148.66M) | Time:00:00.25 | Mem:105.57M, Peak:105.57M | Scene, ViewLayer | Updating Primitive Offsets
Fra:47 Mem:126.72M (Peak 148.66M) | Time:00:00.25 | Mem:105.57M, Peak:105.57M | Scene, ViewLayer | Updating Images
Fra:47 Mem:126.72M (Peak 148.66M) | Time:00:00.25 | Mem:105.57M, Peak:105.57M | Scene, ViewLayer | Updating Camera Volume
Fra:47 Mem:126.72M (Peak 148.66M) | Time:00:00.25 | Mem:105.57M, Peak:105.57M | Scene, ViewLayer | Updating Lookup Tables
Fra:47 Mem:126.72M (Peak 148.66M) | Time:00:00.25 | Mem:105.65M, Peak:105.65M | Scene, ViewLayer | Updating Lights
Fra:47 Mem:126.72M (Peak 148.66M) | Time:00:00.25 | Mem:105.65M, Peak:105.65M | Scene, ViewLayer | Updating Lights | Computing tree
Fra:47 Mem:126.73M (Peak 148.66M) | Time:00:00.25 | Mem:105.66M, Peak:105.66M | Scene, ViewLayer | Updating Integrator
Fra:47 Mem:126.73M (Peak 148.66M) | Time:00:00.25 | Mem:105.66M, Peak:105.66M | Scene, ViewLayer | Updating Film
Fra:47 Mem:126.74M (Peak 148.66M) | Time:00:00.25 | Mem:105.58M, Peak:105.66M | Scene, ViewLayer | Updating Lookup Tables
Fra:47 Mem:126.74M (Peak 148.66M) | Time:00:00.25 | Mem:105.67M, Peak:105.67M | Scene, ViewLayer | Updating Baking
Fra:47 Mem:126.74M (Peak 148.66M) | Time:00:00.25 | Mem:105.67M, Peak:105.67M | Scene, ViewLayer | Updating Device | Writing constant memory
Fra:47 Mem:126.74M (Peak 148.66M) | Time:00:00.25 | Mem:105.67M, Peak:105.67M | Scene, ViewLayer | Sample 0/16
Fra:47 Mem:132.94M (Peak 148.66M) | Time:00:00.59 | Remaining:00:05.13 | Mem:111.86M, Peak:111.86M | Scene, ViewLayer | Sample 1/16
Fra:47 Mem:135.69M (Peak 148.66M) | Time:00:05.56 | Mem:111.86M, Peak:111.86M | Scene, ViewLayer | Sample 16/16
Fra:47 Mem:135.69M (Peak 148.66M) | Time:00:05.56 | Mem:111.86M, Peak:111.86M | Scene, ViewLayer | Finished
Fra:47 Mem:23.77M (Peak 148.66M) | Time:00:05.56 | Compositing
Saved: 'work/preview-frames/mj/frame_0047.png'
Time: 00:05.65 (Saving: 00:00.03)

Fra:48 Mem:22.06M (Peak 22.06M) | Time:00:00.00 | Mem:0.00M, Peak:0.00M | Scene, ViewLayer | Synchronizing object | 柔光主灯
Fra:48 Mem:22.06M (Peak 22.06M) | Time:00:00.00 | Mem:0.00M, Peak:0.00M | Scene, ViewLayer | Synchronizing object | 内圈 · 古金细边
Fra:48 Mem:22.06M (Peak 22.06M) | Time:00:00.00 | Mem:0.00M, Peak:0.00M | Scene, ViewLayer | Synchronizing object | 正面均匀补光
Fra:48 Mem:22.06M (Peak 22.06M) | Time:00:00.00 | Mem:0.00M, Peak:0.00M | Scene, ViewLayer | Synchronizing object | 顶部金光
Fra:48 Mem:22.06M (Peak 22.06M) | Time:00:00.00 | Mem:0.00M, Peak:0.00M | Scene, ViewLayer | Synchronizing object | 主体平面 · 完整视差合成
Fra:48 Mem:22.07M (Peak 22.07M) | Time:00:00.00 | Mem:0.00M, Peak:0.00M | Scene, ViewLayer | Synchronizing object | 外圈 · 全息压边
Fra:48 Mem:22.08M (Peak 22.08M) | Time:00:00.00 | Mem:0.00M, Peak:0.00M | Scene, ViewLayer | Synchronizing object | 文字平面 · Alpha PNG
Fra:48 Mem:22.09M (Peak 22.09M) | Time:00:00.00 | Mem:0.00M, Peak:0.00M | Scene, ViewLayer | Initializing
Fra:48 Mem:22.07M (Peak 22.09M) | Time:00:00.00 | Mem:0.00M, Peak:0.00M | Scene, ViewLayer | Updating Images | Loading text.png
Fra:48 Mem:22.07M (Peak 22.09M) | Time:00:00.00 | Mem:0.00M, Peak:0.00M | Scene, ViewLayer | Updating Images | Loading subject.png
Fra:48 Mem:64.27M (Peak 85.36M) | Time:00:00.09 | Mem:21.09M, Peak:21.09M | Scene, ViewLayer | Updating Images | Loading lineart.png
Fra:48 Mem:85.37M (Peak 106.47M) | Time:00:00.12 | Mem:42.19M, Peak:42.19M | Scene, ViewLayer | Updating Images | Loading background.png
Fra:48 Mem:126.57M (Peak 148.66M) | Time:00:00.25 | Mem:105.47M, Peak:105.47M | Scene, ViewLayer | Waiting for render to start
Fra:48 Mem:126.57M (Peak 148.66M) | Time:00:00.25 | Mem:105.47M, Peak:105.47M | Scene, ViewLayer | Updating Scene
Fra:48 Mem:126.57M (Peak 148.66M) | Time:00:00.25 | Mem:105.47M, Peak:105.47M | Scene, ViewLayer | Updating Shaders
Fra:48 Mem:126.58M (Peak 148.66M) | Time:00:00.25 | Mem:105.47M, Peak:105.47M | Scene, ViewLayer | Loading render kernels (may take a few minutes the first time)
Fra:48 Mem:126.69M (Peak 148.66M) | Time:00:00.25 | Mem:105.50M, Peak:105.50M | Scene, ViewLayer | Updating Procedurals
Fra:48 Mem:126.69M (Peak 148.66M) | Time:00:00.25 | Mem:105.50M, Peak:105.50M | Scene, ViewLayer | Updating Background
Fra:48 Mem:126.69M (Peak 148.66M) | Time:00:00.25 | Mem:105.50M, Peak:105.50M | Scene, ViewLayer | Updating Camera
Fra:48 Mem:126.69M (Peak 148.66M) | Time:00:00.25 | Mem:105.50M, Peak:105.50M | Scene, ViewLayer | Updating Meshes Flags
Fra:48 Mem:126.69M (Peak 148.66M) | Time:00:00.25 | Mem:105.50M, Peak:105.50M | Scene, ViewLayer | Updating Objects
Fra:48 Mem:126.69M (Peak 148.66M) | Time:00:00.25 | Mem:105.50M, Peak:105.50M | Scene, ViewLayer | Updating Objects | Copying Transformations to device
Fra:48 Mem:126.69M (Peak 148.66M) | Time:00:00.25 | Mem:105.51M, Peak:105.51M | Scene, ViewLayer | Updating Particle Systems
Fra:48 Mem:126.69M (Peak 148.66M) | Time:00:00.25 | Mem:105.51M, Peak:105.51M | Scene, ViewLayer | Updating Particle Systems | Copying Particles to device
Fra:48 Mem:126.69M (Peak 148.66M) | Time:00:00.25 | Mem:105.51M, Peak:105.51M | Scene, ViewLayer | Updating Meshes
Fra:48 Mem:126.69M (Peak 148.66M) | Time:00:00.25 | Mem:105.51M, Peak:105.51M | Scene, ViewLayer | Updating Objects | Applying Static Transformations
Fra:48 Mem:126.69M (Peak 148.66M) | Time:00:00.25 | Mem:105.51M, Peak:105.51M | Scene, ViewLayer | Updating Mesh | Computing attributes
Fra:48 Mem:126.71M (Peak 148.66M) | Time:00:00.25 | Mem:105.51M, Peak:105.51M | Scene, ViewLayer | Updating Mesh | Copying Attributes to device
Fra:48 Mem:126.71M (Peak 148.66M) | Time:00:00.25 | Mem:105.52M, Peak:105.52M | Scene, ViewLayer | Updating Scene BVH | Building
Fra:48 Mem:126.71M (Peak 148.66M) | Time:00:00.25 | Mem:105.52M, Peak:105.52M | Scene, ViewLayer | Updating Scene BVH | Building BVH
Fra:48 Mem:126.71M (Peak 148.66M) | Time:00:00.25 | Mem:105.53M, Peak:105.53M | Scene, ViewLayer | Updating Scene BVH | Building BVH 0%
Fra:48 Mem:126.71M (Peak 148.66M) | Time:00:00.25 | Mem:105.56M, Peak:105.57M | Scene, ViewLayer | Updating Scene BVH | Copying BVH to device
Fra:48 Mem:126.71M (Peak 148.66M) | Time:00:00.25 | Mem:105.56M, Peak:105.57M | Scene, ViewLayer | Updating Mesh | Computing normals
Fra:48 Mem:126.72M (Peak 148.66M) | Time:00:00.25 | Mem:105.56M, Peak:105.57M | Scene, ViewLayer | Updating Mesh | Copying Mesh to device
Fra:48 Mem:126.72M (Peak 148.66M) | Time:00:00.25 | Mem:105.57M, Peak:105.57M | Scene, ViewLayer | Updating Objects Flags
Fra:48 Mem:126.72M (Peak 148.66M) | Time:00:00.25 | Mem:105.57M, Peak:105.57M | Scene, ViewLayer | Updating Primitive Offsets
Fra:48 Mem:126.72M (Peak 148.66M) | Time:00:00.25 | Mem:105.57M, Peak:105.57M | Scene, ViewLayer | Updating Images
Fra:48 Mem:126.72M (Peak 148.66M) | Time:00:00.25 | Mem:105.57M, Peak:105.57M | Scene, ViewLayer | Updating Camera Volume
Fra:48 Mem:126.72M (Peak 148.66M) | Time:00:00.25 | Mem:105.57M, Peak:105.57M | Scene, ViewLayer | Updating Lookup Tables
Fra:48 Mem:126.72M (Peak 148.66M) | Time:00:00.25 | Mem:105.65M, Peak:105.65M | Scene, ViewLayer | Updating Lights
Fra:48 Mem:126.72M (Peak 148.66M) | Time:00:00.25 | Mem:105.65M, Peak:105.65M | Scene, ViewLayer | Updating Lights | Computing tree
Fra:48 Mem:126.73M (Peak 148.66M) | Time:00:00.25 | Mem:105.66M, Peak:105.66M | Scene, ViewLayer | Updating Integrator
Fra:48 Mem:126.73M (Peak 148.66M) | Time:00:00.25 | Mem:105.66M, Peak:105.66M | Scene, ViewLayer | Updating Film
Fra:48 Mem:126.74M (Peak 148.66M) | Time:00:00.25 | Mem:105.58M, Peak:105.66M | Scene, ViewLayer | Updating Lookup Tables
Fra:48 Mem:126.74M (Peak 148.66M) | Time:00:00.25 | Mem:105.67M, Peak:105.67M | Scene, ViewLayer | Updating Baking
Fra:48 Mem:126.74M (Peak 148.66M) | Time:00:00.25 | Mem:105.67M, Peak:105.67M | Scene, ViewLayer | Updating Device | Writing constant memory
Fra:48 Mem:126.74M (Peak 148.66M) | Time:00:00.25 | Mem:105.67M, Peak:105.67M | Scene, ViewLayer | Sample 0/16
Fra:48 Mem:132.94M (Peak 148.66M) | Time:00:00.60 | Remaining:00:05.16 | Mem:111.86M, Peak:111.86M | Scene, ViewLayer | Sample 1/16
Fra:48 Mem:135.69M (Peak 148.66M) | Time:00:05.60 | Mem:111.86M, Peak:111.86M | Scene, ViewLayer | Sample 16/16
Fra:48 Mem:135.69M (Peak 148.66M) | Time:00:05.61 | Mem:111.86M, Peak:111.86M | Scene, ViewLayer | Finished
Fra:48 Mem:23.77M (Peak 148.66M) | Time:00:05.61 | Compositing
Saved: 'work/preview-frames/mj/frame_0048.png'
Time: 00:05.71 (Saving: 00:00.05)

[preview] pivot=OK  frames=1..48  size=360x500
[preview] done → work/preview-frames/mj（48 帧）

Blender quit
